[2025-07-03 00:00:54] local.ERROR: Uncaught ReflectionException: Class "App\Policies\ModelPolicy" does not exist in Command line code:1
Stack trace:
#0 Command line code(1): ReflectionClass->__construct('App\\Policies\\Mo...')
#1 [internal function]: {closure}('App\\Policies\\Mo...', 'App\\Model')
#2 Command line code(1): array_map(Object(Closure), Array, Array)
#3 {main}
  thrown {"exception":"[object] (Symfony\\Component\\ErrorHandler\\Error\\FatalError(code: 0): Uncaught ReflectionException: Class \"App\\Policies\\ModelPolicy\" does not exist in Command line code:1
Stack trace:
#0 Command line code(1): ReflectionClass->__construct('App\\\\Policies\\\\Mo...')
#1 [internal function]: {closure}('App\\\\Policies\\\\Mo...', 'App\\\\Model')
#2 Command line code(1): array_map(Object(Closure), Array, Array)
#3 {main}
  thrown at Command line code:1)
[stacktrace]
#0 {main}
"} 
[2025-07-03 00:01:54] local.ERROR: Uncaught ReflectionException: Class "App\Policies\ModelPolicy" does not exist in Command line code:1
Stack trace:
#0 Command line code(1): ReflectionClass->__construct('App\\Policies\\Mo...')
#1 [internal function]: {closure}('App\\Policies\\Mo...', 'App\\Model')
#2 Command line code(1): array_map(Object(Closure), Array, Array)
#3 {main}
  thrown {"exception":"[object] (Symfony\\Component\\ErrorHandler\\Error\\FatalError(code: 0): Uncaught ReflectionException: Class \"App\\Policies\\ModelPolicy\" does not exist in Command line code:1
Stack trace:
#0 Command line code(1): ReflectionClass->__construct('App\\\\Policies\\\\Mo...')
#1 [internal function]: {closure}('App\\\\Policies\\\\Mo...', 'App\\\\Model')
#2 Command line code(1): array_map(Object(Closure), Array, Array)
#3 {main}
  thrown at Command line code:1)
[stacktrace]
#0 {main}
"} 
[2025-07-03 00:02:54] local.ERROR: Uncaught ReflectionException: Class "App\Policies\ModelPolicy" does not exist in Command line code:1
Stack trace:
#0 Command line code(1): ReflectionClass->__construct('App\\Policies\\Mo...')
#1 [internal function]: {closure}('App\\Policies\\Mo...', 'App\\Model')
#2 Command line code(1): array_map(Object(Closure), Array, Array)
#3 {main}
  thrown {"exception":"[object] (Symfony\\Component\\ErrorHandler\\Error\\FatalError(code: 0): Uncaught ReflectionException: Class \"App\\Policies\\ModelPolicy\" does not exist in Command line code:1
Stack trace:
#0 Command line code(1): ReflectionClass->__construct('App\\\\Policies\\\\Mo...')
#1 [internal function]: {closure}('App\\\\Policies\\\\Mo...', 'App\\\\Model')
#2 Command line code(1): array_map(Object(Closure), Array, Array)
#3 {main}
  thrown at Command line code:1)
[stacktrace]
#0 {main}
"} 
[2025-07-03 00:03:54] local.ERROR: Uncaught ReflectionException: Class "App\Policies\ModelPolicy" does not exist in Command line code:1
Stack trace:
#0 Command line code(1): ReflectionClass->__construct('App\\Policies\\Mo...')
#1 [internal function]: {closure}('App\\Policies\\Mo...', 'App\\Model')
#2 Command line code(1): array_map(Object(Closure), Array, Array)
#3 {main}
  thrown {"exception":"[object] (Symfony\\Component\\ErrorHandler\\Error\\FatalError(code: 0): Uncaught ReflectionException: Class \"App\\Policies\\ModelPolicy\" does not exist in Command line code:1
Stack trace:
#0 Command line code(1): ReflectionClass->__construct('App\\\\Policies\\\\Mo...')
#1 [internal function]: {closure}('App\\\\Policies\\\\Mo...', 'App\\\\Model')
#2 Command line code(1): array_map(Object(Closure), Array, Array)
#3 {main}
  thrown at Command line code:1)
[stacktrace]
#0 {main}
"} 
[2025-07-03 00:04:54] local.ERROR: Uncaught ReflectionException: Class "App\Policies\ModelPolicy" does not exist in Command line code:1
Stack trace:
#0 Command line code(1): ReflectionClass->__construct('App\\Policies\\Mo...')
#1 [internal function]: {closure}('App\\Policies\\Mo...', 'App\\Model')
#2 Command line code(1): array_map(Object(Closure), Array, Array)
#3 {main}
  thrown {"exception":"[object] (Symfony\\Component\\ErrorHandler\\Error\\FatalError(code: 0): Uncaught ReflectionException: Class \"App\\Policies\\ModelPolicy\" does not exist in Command line code:1
Stack trace:
#0 Command line code(1): ReflectionClass->__construct('App\\\\Policies\\\\Mo...')
#1 [internal function]: {closure}('App\\\\Policies\\\\Mo...', 'App\\\\Model')
#2 Command line code(1): array_map(Object(Closure), Array, Array)
#3 {main}
  thrown at Command line code:1)
[stacktrace]
#0 {main}
"} 
[2025-07-03 00:05:54] local.ERROR: Uncaught ReflectionException: Class "App\Policies\ModelPolicy" does not exist in Command line code:1
Stack trace:
#0 Command line code(1): ReflectionClass->__construct('App\\Policies\\Mo...')
#1 [internal function]: {closure}('App\\Policies\\Mo...', 'App\\Model')
#2 Command line code(1): array_map(Object(Closure), Array, Array)
#3 {main}
  thrown {"exception":"[object] (Symfony\\Component\\ErrorHandler\\Error\\FatalError(code: 0): Uncaught ReflectionException: Class \"App\\Policies\\ModelPolicy\" does not exist in Command line code:1
Stack trace:
#0 Command line code(1): ReflectionClass->__construct('App\\\\Policies\\\\Mo...')
#1 [internal function]: {closure}('App\\\\Policies\\\\Mo...', 'App\\\\Model')
#2 Command line code(1): array_map(Object(Closure), Array, Array)
#3 {main}
  thrown at Command line code:1)
[stacktrace]
#0 {main}
"} 
[2025-07-03 00:06:54] local.ERROR: Uncaught ReflectionException: Class "App\Policies\ModelPolicy" does not exist in Command line code:1
Stack trace:
#0 Command line code(1): ReflectionClass->__construct('App\\Policies\\Mo...')
#1 [internal function]: {closure}('App\\Policies\\Mo...', 'App\\Model')
#2 Command line code(1): array_map(Object(Closure), Array, Array)
#3 {main}
  thrown {"exception":"[object] (Symfony\\Component\\ErrorHandler\\Error\\FatalError(code: 0): Uncaught ReflectionException: Class \"App\\Policies\\ModelPolicy\" does not exist in Command line code:1
Stack trace:
#0 Command line code(1): ReflectionClass->__construct('App\\\\Policies\\\\Mo...')
#1 [internal function]: {closure}('App\\\\Policies\\\\Mo...', 'App\\\\Model')
#2 Command line code(1): array_map(Object(Closure), Array, Array)
#3 {main}
  thrown at Command line code:1)
[stacktrace]
#0 {main}
"} 
[2025-07-03 00:07:55] local.ERROR: Uncaught ReflectionException: Class "App\Policies\ModelPolicy" does not exist in Command line code:1
Stack trace:
#0 Command line code(1): ReflectionClass->__construct('App\\Policies\\Mo...')
#1 [internal function]: {closure}('App\\Policies\\Mo...', 'App\\Model')
#2 Command line code(1): array_map(Object(Closure), Array, Array)
#3 {main}
  thrown {"exception":"[object] (Symfony\\Component\\ErrorHandler\\Error\\FatalError(code: 0): Uncaught ReflectionException: Class \"App\\Policies\\ModelPolicy\" does not exist in Command line code:1
Stack trace:
#0 Command line code(1): ReflectionClass->__construct('App\\\\Policies\\\\Mo...')
#1 [internal function]: {closure}('App\\\\Policies\\\\Mo...', 'App\\\\Model')
#2 Command line code(1): array_map(Object(Closure), Array, Array)
#3 {main}
  thrown at Command line code:1)
[stacktrace]
#0 {main}
"} 
[2025-07-03 00:08:54] local.ERROR: Uncaught ReflectionException: Class "App\Policies\ModelPolicy" does not exist in Command line code:1
Stack trace:
#0 Command line code(1): ReflectionClass->__construct('App\\Policies\\Mo...')
#1 [internal function]: {closure}('App\\Policies\\Mo...', 'App\\Model')
#2 Command line code(1): array_map(Object(Closure), Array, Array)
#3 {main}
  thrown {"exception":"[object] (Symfony\\Component\\ErrorHandler\\Error\\FatalError(code: 0): Uncaught ReflectionException: Class \"App\\Policies\\ModelPolicy\" does not exist in Command line code:1
Stack trace:
#0 Command line code(1): ReflectionClass->__construct('App\\\\Policies\\\\Mo...')
#1 [internal function]: {closure}('App\\\\Policies\\\\Mo...', 'App\\\\Model')
#2 Command line code(1): array_map(Object(Closure), Array, Array)
#3 {main}
  thrown at Command line code:1)
[stacktrace]
#0 {main}
"} 
[2025-07-03 00:09:54] local.ERROR: Uncaught ReflectionException: Class "App\Policies\ModelPolicy" does not exist in Command line code:1
Stack trace:
#0 Command line code(1): ReflectionClass->__construct('App\\Policies\\Mo...')
#1 [internal function]: {closure}('App\\Policies\\Mo...', 'App\\Model')
#2 Command line code(1): array_map(Object(Closure), Array, Array)
#3 {main}
  thrown {"exception":"[object] (Symfony\\Component\\ErrorHandler\\Error\\FatalError(code: 0): Uncaught ReflectionException: Class \"App\\Policies\\ModelPolicy\" does not exist in Command line code:1
Stack trace:
#0 Command line code(1): ReflectionClass->__construct('App\\\\Policies\\\\Mo...')
#1 [internal function]: {closure}('App\\\\Policies\\\\Mo...', 'App\\\\Model')
#2 Command line code(1): array_map(Object(Closure), Array, Array)
#3 {main}
  thrown at Command line code:1)
[stacktrace]
#0 {main}
"} 
[2025-07-03 00:10:54] local.ERROR: Uncaught ReflectionException: Class "App\Policies\ModelPolicy" does not exist in Command line code:1
Stack trace:
#0 Command line code(1): ReflectionClass->__construct('App\\Policies\\Mo...')
#1 [internal function]: {closure}('App\\Policies\\Mo...', 'App\\Model')
#2 Command line code(1): array_map(Object(Closure), Array, Array)
#3 {main}
  thrown {"exception":"[object] (Symfony\\Component\\ErrorHandler\\Error\\FatalError(code: 0): Uncaught ReflectionException: Class \"App\\Policies\\ModelPolicy\" does not exist in Command line code:1
Stack trace:
#0 Command line code(1): ReflectionClass->__construct('App\\\\Policies\\\\Mo...')
#1 [internal function]: {closure}('App\\\\Policies\\\\Mo...', 'App\\\\Model')
#2 Command line code(1): array_map(Object(Closure), Array, Array)
#3 {main}
  thrown at Command line code:1)
[stacktrace]
#0 {main}
"} 
[2025-07-03 00:11:54] local.ERROR: Uncaught ReflectionException: Class "App\Policies\ModelPolicy" does not exist in Command line code:1
Stack trace:
#0 Command line code(1): ReflectionClass->__construct('App\\Policies\\Mo...')
#1 [internal function]: {closure}('App\\Policies\\Mo...', 'App\\Model')
#2 Command line code(1): array_map(Object(Closure), Array, Array)
#3 {main}
  thrown {"exception":"[object] (Symfony\\Component\\ErrorHandler\\Error\\FatalError(code: 0): Uncaught ReflectionException: Class \"App\\Policies\\ModelPolicy\" does not exist in Command line code:1
Stack trace:
#0 Command line code(1): ReflectionClass->__construct('App\\\\Policies\\\\Mo...')
#1 [internal function]: {closure}('App\\\\Policies\\\\Mo...', 'App\\\\Model')
#2 Command line code(1): array_map(Object(Closure), Array, Array)
#3 {main}
  thrown at Command line code:1)
[stacktrace]
#0 {main}
"} 
[2025-07-03 00:12:54] local.ERROR: Uncaught ReflectionException: Class "App\Policies\ModelPolicy" does not exist in Command line code:1
Stack trace:
#0 Command line code(1): ReflectionClass->__construct('App\\Policies\\Mo...')
#1 [internal function]: {closure}('App\\Policies\\Mo...', 'App\\Model')
#2 Command line code(1): array_map(Object(Closure), Array, Array)
#3 {main}
  thrown {"exception":"[object] (Symfony\\Component\\ErrorHandler\\Error\\FatalError(code: 0): Uncaught ReflectionException: Class \"App\\Policies\\ModelPolicy\" does not exist in Command line code:1
Stack trace:
#0 Command line code(1): ReflectionClass->__construct('App\\\\Policies\\\\Mo...')
#1 [internal function]: {closure}('App\\\\Policies\\\\Mo...', 'App\\\\Model')
#2 Command line code(1): array_map(Object(Closure), Array, Array)
#3 {main}
  thrown at Command line code:1)
[stacktrace]
#0 {main}
"} 
[2025-07-03 00:13:54] local.ERROR: Uncaught ReflectionException: Class "App\Policies\ModelPolicy" does not exist in Command line code:1
Stack trace:
#0 Command line code(1): ReflectionClass->__construct('App\\Policies\\Mo...')
#1 [internal function]: {closure}('App\\Policies\\Mo...', 'App\\Model')
#2 Command line code(1): array_map(Object(Closure), Array, Array)
#3 {main}
  thrown {"exception":"[object] (Symfony\\Component\\ErrorHandler\\Error\\FatalError(code: 0): Uncaught ReflectionException: Class \"App\\Policies\\ModelPolicy\" does not exist in Command line code:1
Stack trace:
#0 Command line code(1): ReflectionClass->__construct('App\\\\Policies\\\\Mo...')
#1 [internal function]: {closure}('App\\\\Policies\\\\Mo...', 'App\\\\Model')
#2 Command line code(1): array_map(Object(Closure), Array, Array)
#3 {main}
  thrown at Command line code:1)
[stacktrace]
#0 {main}
"} 
[2025-07-03 00:14:54] local.ERROR: Uncaught ReflectionException: Class "App\Policies\ModelPolicy" does not exist in Command line code:1
Stack trace:
#0 Command line code(1): ReflectionClass->__construct('App\\Policies\\Mo...')
#1 [internal function]: {closure}('App\\Policies\\Mo...', 'App\\Model')
#2 Command line code(1): array_map(Object(Closure), Array, Array)
#3 {main}
  thrown {"exception":"[object] (Symfony\\Component\\ErrorHandler\\Error\\FatalError(code: 0): Uncaught ReflectionException: Class \"App\\Policies\\ModelPolicy\" does not exist in Command line code:1
Stack trace:
#0 Command line code(1): ReflectionClass->__construct('App\\\\Policies\\\\Mo...')
#1 [internal function]: {closure}('App\\\\Policies\\\\Mo...', 'App\\\\Model')
#2 Command line code(1): array_map(Object(Closure), Array, Array)
#3 {main}
  thrown at Command line code:1)
[stacktrace]
#0 {main}
"} 
[2025-07-03 00:15:54] local.ERROR: Uncaught ReflectionException: Class "App\Policies\ModelPolicy" does not exist in Command line code:1
Stack trace:
#0 Command line code(1): ReflectionClass->__construct('App\\Policies\\Mo...')
#1 [internal function]: {closure}('App\\Policies\\Mo...', 'App\\Model')
#2 Command line code(1): array_map(Object(Closure), Array, Array)
#3 {main}
  thrown {"exception":"[object] (Symfony\\Component\\ErrorHandler\\Error\\FatalError(code: 0): Uncaught ReflectionException: Class \"App\\Policies\\ModelPolicy\" does not exist in Command line code:1
Stack trace:
#0 Command line code(1): ReflectionClass->__construct('App\\\\Policies\\\\Mo...')
#1 [internal function]: {closure}('App\\\\Policies\\\\Mo...', 'App\\\\Model')
#2 Command line code(1): array_map(Object(Closure), Array, Array)
#3 {main}
  thrown at Command line code:1)
[stacktrace]
#0 {main}
"} 
[2025-07-03 00:16:54] local.ERROR: Uncaught ReflectionException: Class "App\Policies\ModelPolicy" does not exist in Command line code:1
Stack trace:
#0 Command line code(1): ReflectionClass->__construct('App\\Policies\\Mo...')
#1 [internal function]: {closure}('App\\Policies\\Mo...', 'App\\Model')
#2 Command line code(1): array_map(Object(Closure), Array, Array)
#3 {main}
  thrown {"exception":"[object] (Symfony\\Component\\ErrorHandler\\Error\\FatalError(code: 0): Uncaught ReflectionException: Class \"App\\Policies\\ModelPolicy\" does not exist in Command line code:1
Stack trace:
#0 Command line code(1): ReflectionClass->__construct('App\\\\Policies\\\\Mo...')
#1 [internal function]: {closure}('App\\\\Policies\\\\Mo...', 'App\\\\Model')
#2 Command line code(1): array_map(Object(Closure), Array, Array)
#3 {main}
  thrown at Command line code:1)
[stacktrace]
#0 {main}
"} 
[2025-07-03 00:17:54] local.ERROR: Uncaught ReflectionException: Class "App\Policies\ModelPolicy" does not exist in Command line code:1
Stack trace:
#0 Command line code(1): ReflectionClass->__construct('App\\Policies\\Mo...')
#1 [internal function]: {closure}('App\\Policies\\Mo...', 'App\\Model')
#2 Command line code(1): array_map(Object(Closure), Array, Array)
#3 {main}
  thrown {"exception":"[object] (Symfony\\Component\\ErrorHandler\\Error\\FatalError(code: 0): Uncaught ReflectionException: Class \"App\\Policies\\ModelPolicy\" does not exist in Command line code:1
Stack trace:
#0 Command line code(1): ReflectionClass->__construct('App\\\\Policies\\\\Mo...')
#1 [internal function]: {closure}('App\\\\Policies\\\\Mo...', 'App\\\\Model')
#2 Command line code(1): array_map(Object(Closure), Array, Array)
#3 {main}
  thrown at Command line code:1)
[stacktrace]
#0 {main}
"} 
[2025-07-03 00:18:54] local.ERROR: Uncaught ReflectionException: Class "App\Policies\ModelPolicy" does not exist in Command line code:1
Stack trace:
#0 Command line code(1): ReflectionClass->__construct('App\\Policies\\Mo...')
#1 [internal function]: {closure}('App\\Policies\\Mo...', 'App\\Model')
#2 Command line code(1): array_map(Object(Closure), Array, Array)
#3 {main}
  thrown {"exception":"[object] (Symfony\\Component\\ErrorHandler\\Error\\FatalError(code: 0): Uncaught ReflectionException: Class \"App\\Policies\\ModelPolicy\" does not exist in Command line code:1
Stack trace:
#0 Command line code(1): ReflectionClass->__construct('App\\\\Policies\\\\Mo...')
#1 [internal function]: {closure}('App\\\\Policies\\\\Mo...', 'App\\\\Model')
#2 Command line code(1): array_map(Object(Closure), Array, Array)
#3 {main}
  thrown at Command line code:1)
[stacktrace]
#0 {main}
"} 
[2025-07-03 00:19:54] local.ERROR: Uncaught ReflectionException: Class "App\Policies\ModelPolicy" does not exist in Command line code:1
Stack trace:
#0 Command line code(1): ReflectionClass->__construct('App\\Policies\\Mo...')
#1 [internal function]: {closure}('App\\Policies\\Mo...', 'App\\Model')
#2 Command line code(1): array_map(Object(Closure), Array, Array)
#3 {main}
  thrown {"exception":"[object] (Symfony\\Component\\ErrorHandler\\Error\\FatalError(code: 0): Uncaught ReflectionException: Class \"App\\Policies\\ModelPolicy\" does not exist in Command line code:1
Stack trace:
#0 Command line code(1): ReflectionClass->__construct('App\\\\Policies\\\\Mo...')
#1 [internal function]: {closure}('App\\\\Policies\\\\Mo...', 'App\\\\Model')
#2 Command line code(1): array_map(Object(Closure), Array, Array)
#3 {main}
  thrown at Command line code:1)
[stacktrace]
#0 {main}
"} 
[2025-07-03 00:20:54] local.ERROR: Uncaught ReflectionException: Class "App\Policies\ModelPolicy" does not exist in Command line code:1
Stack trace:
#0 Command line code(1): ReflectionClass->__construct('App\\Policies\\Mo...')
#1 [internal function]: {closure}('App\\Policies\\Mo...', 'App\\Model')
#2 Command line code(1): array_map(Object(Closure), Array, Array)
#3 {main}
  thrown {"exception":"[object] (Symfony\\Component\\ErrorHandler\\Error\\FatalError(code: 0): Uncaught ReflectionException: Class \"App\\Policies\\ModelPolicy\" does not exist in Command line code:1
Stack trace:
#0 Command line code(1): ReflectionClass->__construct('App\\\\Policies\\\\Mo...')
#1 [internal function]: {closure}('App\\\\Policies\\\\Mo...', 'App\\\\Model')
#2 Command line code(1): array_map(Object(Closure), Array, Array)
#3 {main}
  thrown at Command line code:1)
[stacktrace]
#0 {main}
"} 
[2025-07-03 00:21:55] local.ERROR: Uncaught ReflectionException: Class "App\Policies\ModelPolicy" does not exist in Command line code:1
Stack trace:
#0 Command line code(1): ReflectionClass->__construct('App\\Policies\\Mo...')
#1 [internal function]: {closure}('App\\Policies\\Mo...', 'App\\Model')
#2 Command line code(1): array_map(Object(Closure), Array, Array)
#3 {main}
  thrown {"exception":"[object] (Symfony\\Component\\ErrorHandler\\Error\\FatalError(code: 0): Uncaught ReflectionException: Class \"App\\Policies\\ModelPolicy\" does not exist in Command line code:1
Stack trace:
#0 Command line code(1): ReflectionClass->__construct('App\\\\Policies\\\\Mo...')
#1 [internal function]: {closure}('App\\\\Policies\\\\Mo...', 'App\\\\Model')
#2 Command line code(1): array_map(Object(Closure), Array, Array)
#3 {main}
  thrown at Command line code:1)
[stacktrace]
#0 {main}
"} 
[2025-07-03 00:22:55] local.ERROR: Uncaught ReflectionException: Class "App\Policies\ModelPolicy" does not exist in Command line code:1
Stack trace:
#0 Command line code(1): ReflectionClass->__construct('App\\Policies\\Mo...')
#1 [internal function]: {closure}('App\\Policies\\Mo...', 'App\\Model')
#2 Command line code(1): array_map(Object(Closure), Array, Array)
#3 {main}
  thrown {"exception":"[object] (Symfony\\Component\\ErrorHandler\\Error\\FatalError(code: 0): Uncaught ReflectionException: Class \"App\\Policies\\ModelPolicy\" does not exist in Command line code:1
Stack trace:
#0 Command line code(1): ReflectionClass->__construct('App\\\\Policies\\\\Mo...')
#1 [internal function]: {closure}('App\\\\Policies\\\\Mo...', 'App\\\\Model')
#2 Command line code(1): array_map(Object(Closure), Array, Array)
#3 {main}
  thrown at Command line code:1)
[stacktrace]
#0 {main}
"} 
[2025-07-03 00:23:54] local.ERROR: Uncaught ReflectionException: Class "App\Policies\ModelPolicy" does not exist in Command line code:1
Stack trace:
#0 Command line code(1): ReflectionClass->__construct('App\\Policies\\Mo...')
#1 [internal function]: {closure}('App\\Policies\\Mo...', 'App\\Model')
#2 Command line code(1): array_map(Object(Closure), Array, Array)
#3 {main}
  thrown {"exception":"[object] (Symfony\\Component\\ErrorHandler\\Error\\FatalError(code: 0): Uncaught ReflectionException: Class \"App\\Policies\\ModelPolicy\" does not exist in Command line code:1
Stack trace:
#0 Command line code(1): ReflectionClass->__construct('App\\\\Policies\\\\Mo...')
#1 [internal function]: {closure}('App\\\\Policies\\\\Mo...', 'App\\\\Model')
#2 Command line code(1): array_map(Object(Closure), Array, Array)
#3 {main}
  thrown at Command line code:1)
[stacktrace]
#0 {main}
"} 
[2025-07-03 00:24:54] local.ERROR: Uncaught ReflectionException: Class "App\Policies\ModelPolicy" does not exist in Command line code:1
Stack trace:
#0 Command line code(1): ReflectionClass->__construct('App\\Policies\\Mo...')
#1 [internal function]: {closure}('App\\Policies\\Mo...', 'App\\Model')
#2 Command line code(1): array_map(Object(Closure), Array, Array)
#3 {main}
  thrown {"exception":"[object] (Symfony\\Component\\ErrorHandler\\Error\\FatalError(code: 0): Uncaught ReflectionException: Class \"App\\Policies\\ModelPolicy\" does not exist in Command line code:1
Stack trace:
#0 Command line code(1): ReflectionClass->__construct('App\\\\Policies\\\\Mo...')
#1 [internal function]: {closure}('App\\\\Policies\\\\Mo...', 'App\\\\Model')
#2 Command line code(1): array_map(Object(Closure), Array, Array)
#3 {main}
  thrown at Command line code:1)
[stacktrace]
#0 {main}
"} 
[2025-07-03 00:25:54] local.ERROR: Uncaught ReflectionException: Class "App\Policies\ModelPolicy" does not exist in Command line code:1
Stack trace:
#0 Command line code(1): ReflectionClass->__construct('App\\Policies\\Mo...')
#1 [internal function]: {closure}('App\\Policies\\Mo...', 'App\\Model')
#2 Command line code(1): array_map(Object(Closure), Array, Array)
#3 {main}
  thrown {"exception":"[object] (Symfony\\Component\\ErrorHandler\\Error\\FatalError(code: 0): Uncaught ReflectionException: Class \"App\\Policies\\ModelPolicy\" does not exist in Command line code:1
Stack trace:
#0 Command line code(1): ReflectionClass->__construct('App\\\\Policies\\\\Mo...')
#1 [internal function]: {closure}('App\\\\Policies\\\\Mo...', 'App\\\\Model')
#2 Command line code(1): array_map(Object(Closure), Array, Array)
#3 {main}
  thrown at Command line code:1)
[stacktrace]
#0 {main}
"} 
[2025-07-03 00:26:54] local.ERROR: Uncaught ReflectionException: Class "App\Policies\ModelPolicy" does not exist in Command line code:1
Stack trace:
#0 Command line code(1): ReflectionClass->__construct('App\\Policies\\Mo...')
#1 [internal function]: {closure}('App\\Policies\\Mo...', 'App\\Model')
#2 Command line code(1): array_map(Object(Closure), Array, Array)
#3 {main}
  thrown {"exception":"[object] (Symfony\\Component\\ErrorHandler\\Error\\FatalError(code: 0): Uncaught ReflectionException: Class \"App\\Policies\\ModelPolicy\" does not exist in Command line code:1
Stack trace:
#0 Command line code(1): ReflectionClass->__construct('App\\\\Policies\\\\Mo...')
#1 [internal function]: {closure}('App\\\\Policies\\\\Mo...', 'App\\\\Model')
#2 Command line code(1): array_map(Object(Closure), Array, Array)
#3 {main}
  thrown at Command line code:1)
[stacktrace]
#0 {main}
"} 
[2025-07-03 00:27:54] local.ERROR: Uncaught ReflectionException: Class "App\Policies\ModelPolicy" does not exist in Command line code:1
Stack trace:
#0 Command line code(1): ReflectionClass->__construct('App\\Policies\\Mo...')
#1 [internal function]: {closure}('App\\Policies\\Mo...', 'App\\Model')
#2 Command line code(1): array_map(Object(Closure), Array, Array)
#3 {main}
  thrown {"exception":"[object] (Symfony\\Component\\ErrorHandler\\Error\\FatalError(code: 0): Uncaught ReflectionException: Class \"App\\Policies\\ModelPolicy\" does not exist in Command line code:1
Stack trace:
#0 Command line code(1): ReflectionClass->__construct('App\\\\Policies\\\\Mo...')
#1 [internal function]: {closure}('App\\\\Policies\\\\Mo...', 'App\\\\Model')
#2 Command line code(1): array_map(Object(Closure), Array, Array)
#3 {main}
  thrown at Command line code:1)
[stacktrace]
#0 {main}
"} 
[2025-07-03 00:28:54] local.ERROR: Uncaught ReflectionException: Class "App\Policies\ModelPolicy" does not exist in Command line code:1
Stack trace:
#0 Command line code(1): ReflectionClass->__construct('App\\Policies\\Mo...')
#1 [internal function]: {closure}('App\\Policies\\Mo...', 'App\\Model')
#2 Command line code(1): array_map(Object(Closure), Array, Array)
#3 {main}
  thrown {"exception":"[object] (Symfony\\Component\\ErrorHandler\\Error\\FatalError(code: 0): Uncaught ReflectionException: Class \"App\\Policies\\ModelPolicy\" does not exist in Command line code:1
Stack trace:
#0 Command line code(1): ReflectionClass->__construct('App\\\\Policies\\\\Mo...')
#1 [internal function]: {closure}('App\\\\Policies\\\\Mo...', 'App\\\\Model')
#2 Command line code(1): array_map(Object(Closure), Array, Array)
#3 {main}
  thrown at Command line code:1)
[stacktrace]
#0 {main}
"} 
[2025-07-03 00:29:55] local.ERROR: Uncaught ReflectionException: Class "App\Policies\ModelPolicy" does not exist in Command line code:1
Stack trace:
#0 Command line code(1): ReflectionClass->__construct('App\\Policies\\Mo...')
#1 [internal function]: {closure}('App\\Policies\\Mo...', 'App\\Model')
#2 Command line code(1): array_map(Object(Closure), Array, Array)
#3 {main}
  thrown {"exception":"[object] (Symfony\\Component\\ErrorHandler\\Error\\FatalError(code: 0): Uncaught ReflectionException: Class \"App\\Policies\\ModelPolicy\" does not exist in Command line code:1
Stack trace:
#0 Command line code(1): ReflectionClass->__construct('App\\\\Policies\\\\Mo...')
#1 [internal function]: {closure}('App\\\\Policies\\\\Mo...', 'App\\\\Model')
#2 Command line code(1): array_map(Object(Closure), Array, Array)
#3 {main}
  thrown at Command line code:1)
[stacktrace]
#0 {main}
"} 
[2025-07-03 00:30:55] local.ERROR: Uncaught ReflectionException: Class "App\Policies\ModelPolicy" does not exist in Command line code:1
Stack trace:
#0 Command line code(1): ReflectionClass->__construct('App\\Policies\\Mo...')
#1 [internal function]: {closure}('App\\Policies\\Mo...', 'App\\Model')
#2 Command line code(1): array_map(Object(Closure), Array, Array)
#3 {main}
  thrown {"exception":"[object] (Symfony\\Component\\ErrorHandler\\Error\\FatalError(code: 0): Uncaught ReflectionException: Class \"App\\Policies\\ModelPolicy\" does not exist in Command line code:1
Stack trace:
#0 Command line code(1): ReflectionClass->__construct('App\\\\Policies\\\\Mo...')
#1 [internal function]: {closure}('App\\\\Policies\\\\Mo...', 'App\\\\Model')
#2 Command line code(1): array_map(Object(Closure), Array, Array)
#3 {main}
  thrown at Command line code:1)
[stacktrace]
#0 {main}
"} 
[2025-07-03 00:31:54] local.ERROR: Uncaught ReflectionException: Class "App\Policies\ModelPolicy" does not exist in Command line code:1
Stack trace:
#0 Command line code(1): ReflectionClass->__construct('App\\Policies\\Mo...')
#1 [internal function]: {closure}('App\\Policies\\Mo...', 'App\\Model')
#2 Command line code(1): array_map(Object(Closure), Array, Array)
#3 {main}
  thrown {"exception":"[object] (Symfony\\Component\\ErrorHandler\\Error\\FatalError(code: 0): Uncaught ReflectionException: Class \"App\\Policies\\ModelPolicy\" does not exist in Command line code:1
Stack trace:
#0 Command line code(1): ReflectionClass->__construct('App\\\\Policies\\\\Mo...')
#1 [internal function]: {closure}('App\\\\Policies\\\\Mo...', 'App\\\\Model')
#2 Command line code(1): array_map(Object(Closure), Array, Array)
#3 {main}
  thrown at Command line code:1)
[stacktrace]
#0 {main}
"} 
[2025-07-03 00:32:54] local.ERROR: Uncaught ReflectionException: Class "App\Policies\ModelPolicy" does not exist in Command line code:1
Stack trace:
#0 Command line code(1): ReflectionClass->__construct('App\\Policies\\Mo...')
#1 [internal function]: {closure}('App\\Policies\\Mo...', 'App\\Model')
#2 Command line code(1): array_map(Object(Closure), Array, Array)
#3 {main}
  thrown {"exception":"[object] (Symfony\\Component\\ErrorHandler\\Error\\FatalError(code: 0): Uncaught ReflectionException: Class \"App\\Policies\\ModelPolicy\" does not exist in Command line code:1
Stack trace:
#0 Command line code(1): ReflectionClass->__construct('App\\\\Policies\\\\Mo...')
#1 [internal function]: {closure}('App\\\\Policies\\\\Mo...', 'App\\\\Model')
#2 Command line code(1): array_map(Object(Closure), Array, Array)
#3 {main}
  thrown at Command line code:1)
[stacktrace]
#0 {main}
"} 
[2025-07-03 00:33:54] local.ERROR: Uncaught ReflectionException: Class "App\Policies\ModelPolicy" does not exist in Command line code:1
Stack trace:
#0 Command line code(1): ReflectionClass->__construct('App\\Policies\\Mo...')
#1 [internal function]: {closure}('App\\Policies\\Mo...', 'App\\Model')
#2 Command line code(1): array_map(Object(Closure), Array, Array)
#3 {main}
  thrown {"exception":"[object] (Symfony\\Component\\ErrorHandler\\Error\\FatalError(code: 0): Uncaught ReflectionException: Class \"App\\Policies\\ModelPolicy\" does not exist in Command line code:1
Stack trace:
#0 Command line code(1): ReflectionClass->__construct('App\\\\Policies\\\\Mo...')
#1 [internal function]: {closure}('App\\\\Policies\\\\Mo...', 'App\\\\Model')
#2 Command line code(1): array_map(Object(Closure), Array, Array)
#3 {main}
  thrown at Command line code:1)
[stacktrace]
#0 {main}
"} 
[2025-07-03 00:34:54] local.ERROR: Uncaught ReflectionException: Class "App\Policies\ModelPolicy" does not exist in Command line code:1
Stack trace:
#0 Command line code(1): ReflectionClass->__construct('App\\Policies\\Mo...')
#1 [internal function]: {closure}('App\\Policies\\Mo...', 'App\\Model')
#2 Command line code(1): array_map(Object(Closure), Array, Array)
#3 {main}
  thrown {"exception":"[object] (Symfony\\Component\\ErrorHandler\\Error\\FatalError(code: 0): Uncaught ReflectionException: Class \"App\\Policies\\ModelPolicy\" does not exist in Command line code:1
Stack trace:
#0 Command line code(1): ReflectionClass->__construct('App\\\\Policies\\\\Mo...')
#1 [internal function]: {closure}('App\\\\Policies\\\\Mo...', 'App\\\\Model')
#2 Command line code(1): array_map(Object(Closure), Array, Array)
#3 {main}
  thrown at Command line code:1)
[stacktrace]
#0 {main}
"} 
[2025-07-03 00:35:54] local.ERROR: Uncaught ReflectionException: Class "App\Policies\ModelPolicy" does not exist in Command line code:1
Stack trace:
#0 Command line code(1): ReflectionClass->__construct('App\\Policies\\Mo...')
#1 [internal function]: {closure}('App\\Policies\\Mo...', 'App\\Model')
#2 Command line code(1): array_map(Object(Closure), Array, Array)
#3 {main}
  thrown {"exception":"[object] (Symfony\\Component\\ErrorHandler\\Error\\FatalError(code: 0): Uncaught ReflectionException: Class \"App\\Policies\\ModelPolicy\" does not exist in Command line code:1
Stack trace:
#0 Command line code(1): ReflectionClass->__construct('App\\\\Policies\\\\Mo...')
#1 [internal function]: {closure}('App\\\\Policies\\\\Mo...', 'App\\\\Model')
#2 Command line code(1): array_map(Object(Closure), Array, Array)
#3 {main}
  thrown at Command line code:1)
[stacktrace]
#0 {main}
"} 
[2025-07-03 00:36:54] local.ERROR: Uncaught ReflectionException: Class "App\Policies\ModelPolicy" does not exist in Command line code:1
Stack trace:
#0 Command line code(1): ReflectionClass->__construct('App\\Policies\\Mo...')
#1 [internal function]: {closure}('App\\Policies\\Mo...', 'App\\Model')
#2 Command line code(1): array_map(Object(Closure), Array, Array)
#3 {main}
  thrown {"exception":"[object] (Symfony\\Component\\ErrorHandler\\Error\\FatalError(code: 0): Uncaught ReflectionException: Class \"App\\Policies\\ModelPolicy\" does not exist in Command line code:1
Stack trace:
#0 Command line code(1): ReflectionClass->__construct('App\\\\Policies\\\\Mo...')
#1 [internal function]: {closure}('App\\\\Policies\\\\Mo...', 'App\\\\Model')
#2 Command line code(1): array_map(Object(Closure), Array, Array)
#3 {main}
  thrown at Command line code:1)
[stacktrace]
#0 {main}
"} 
[2025-07-03 00:37:54] local.ERROR: Uncaught ReflectionException: Class "App\Policies\ModelPolicy" does not exist in Command line code:1
Stack trace:
#0 Command line code(1): ReflectionClass->__construct('App\\Policies\\Mo...')
#1 [internal function]: {closure}('App\\Policies\\Mo...', 'App\\Model')
#2 Command line code(1): array_map(Object(Closure), Array, Array)
#3 {main}
  thrown {"exception":"[object] (Symfony\\Component\\ErrorHandler\\Error\\FatalError(code: 0): Uncaught ReflectionException: Class \"App\\Policies\\ModelPolicy\" does not exist in Command line code:1
Stack trace:
#0 Command line code(1): ReflectionClass->__construct('App\\\\Policies\\\\Mo...')
#1 [internal function]: {closure}('App\\\\Policies\\\\Mo...', 'App\\\\Model')
#2 Command line code(1): array_map(Object(Closure), Array, Array)
#3 {main}
  thrown at Command line code:1)
[stacktrace]
#0 {main}
"} 
[2025-07-03 00:38:54] local.ERROR: Uncaught ReflectionException: Class "App\Policies\ModelPolicy" does not exist in Command line code:1
Stack trace:
#0 Command line code(1): ReflectionClass->__construct('App\\Policies\\Mo...')
#1 [internal function]: {closure}('App\\Policies\\Mo...', 'App\\Model')
#2 Command line code(1): array_map(Object(Closure), Array, Array)
#3 {main}
  thrown {"exception":"[object] (Symfony\\Component\\ErrorHandler\\Error\\FatalError(code: 0): Uncaught ReflectionException: Class \"App\\Policies\\ModelPolicy\" does not exist in Command line code:1
Stack trace:
#0 Command line code(1): ReflectionClass->__construct('App\\\\Policies\\\\Mo...')
#1 [internal function]: {closure}('App\\\\Policies\\\\Mo...', 'App\\\\Model')
#2 Command line code(1): array_map(Object(Closure), Array, Array)
#3 {main}
  thrown at Command line code:1)
[stacktrace]
#0 {main}
"} 
[2025-07-03 00:39:54] local.ERROR: Uncaught ReflectionException: Class "App\Policies\ModelPolicy" does not exist in Command line code:1
Stack trace:
#0 Command line code(1): ReflectionClass->__construct('App\\Policies\\Mo...')
#1 [internal function]: {closure}('App\\Policies\\Mo...', 'App\\Model')
#2 Command line code(1): array_map(Object(Closure), Array, Array)
#3 {main}
  thrown {"exception":"[object] (Symfony\\Component\\ErrorHandler\\Error\\FatalError(code: 0): Uncaught ReflectionException: Class \"App\\Policies\\ModelPolicy\" does not exist in Command line code:1
Stack trace:
#0 Command line code(1): ReflectionClass->__construct('App\\\\Policies\\\\Mo...')
#1 [internal function]: {closure}('App\\\\Policies\\\\Mo...', 'App\\\\Model')
#2 Command line code(1): array_map(Object(Closure), Array, Array)
#3 {main}
  thrown at Command line code:1)
[stacktrace]
#0 {main}
"} 
[2025-07-03 00:40:55] local.ERROR: Uncaught ReflectionException: Class "App\Policies\ModelPolicy" does not exist in Command line code:1
Stack trace:
#0 Command line code(1): ReflectionClass->__construct('App\\Policies\\Mo...')
#1 [internal function]: {closure}('App\\Policies\\Mo...', 'App\\Model')
#2 Command line code(1): array_map(Object(Closure), Array, Array)
#3 {main}
  thrown {"exception":"[object] (Symfony\\Component\\ErrorHandler\\Error\\FatalError(code: 0): Uncaught ReflectionException: Class \"App\\Policies\\ModelPolicy\" does not exist in Command line code:1
Stack trace:
#0 Command line code(1): ReflectionClass->__construct('App\\\\Policies\\\\Mo...')
#1 [internal function]: {closure}('App\\\\Policies\\\\Mo...', 'App\\\\Model')
#2 Command line code(1): array_map(Object(Closure), Array, Array)
#3 {main}
  thrown at Command line code:1)
[stacktrace]
#0 {main}
"} 
[2025-07-03 00:41:54] local.ERROR: Uncaught ReflectionException: Class "App\Policies\ModelPolicy" does not exist in Command line code:1
Stack trace:
#0 Command line code(1): ReflectionClass->__construct('App\\Policies\\Mo...')
#1 [internal function]: {closure}('App\\Policies\\Mo...', 'App\\Model')
#2 Command line code(1): array_map(Object(Closure), Array, Array)
#3 {main}
  thrown {"exception":"[object] (Symfony\\Component\\ErrorHandler\\Error\\FatalError(code: 0): Uncaught ReflectionException: Class \"App\\Policies\\ModelPolicy\" does not exist in Command line code:1
Stack trace:
#0 Command line code(1): ReflectionClass->__construct('App\\\\Policies\\\\Mo...')
#1 [internal function]: {closure}('App\\\\Policies\\\\Mo...', 'App\\\\Model')
#2 Command line code(1): array_map(Object(Closure), Array, Array)
#3 {main}
  thrown at Command line code:1)
[stacktrace]
#0 {main}
"} 
[2025-07-03 00:42:54] local.ERROR: Uncaught ReflectionException: Class "App\Policies\ModelPolicy" does not exist in Command line code:1
Stack trace:
#0 Command line code(1): ReflectionClass->__construct('App\\Policies\\Mo...')
#1 [internal function]: {closure}('App\\Policies\\Mo...', 'App\\Model')
#2 Command line code(1): array_map(Object(Closure), Array, Array)
#3 {main}
  thrown {"exception":"[object] (Symfony\\Component\\ErrorHandler\\Error\\FatalError(code: 0): Uncaught ReflectionException: Class \"App\\Policies\\ModelPolicy\" does not exist in Command line code:1
Stack trace:
#0 Command line code(1): ReflectionClass->__construct('App\\\\Policies\\\\Mo...')
#1 [internal function]: {closure}('App\\\\Policies\\\\Mo...', 'App\\\\Model')
#2 Command line code(1): array_map(Object(Closure), Array, Array)
#3 {main}
  thrown at Command line code:1)
[stacktrace]
#0 {main}
"} 
[2025-07-03 00:43:54] local.ERROR: Uncaught ReflectionException: Class "App\Policies\ModelPolicy" does not exist in Command line code:1
Stack trace:
#0 Command line code(1): ReflectionClass->__construct('App\\Policies\\Mo...')
#1 [internal function]: {closure}('App\\Policies\\Mo...', 'App\\Model')
#2 Command line code(1): array_map(Object(Closure), Array, Array)
#3 {main}
  thrown {"exception":"[object] (Symfony\\Component\\ErrorHandler\\Error\\FatalError(code: 0): Uncaught ReflectionException: Class \"App\\Policies\\ModelPolicy\" does not exist in Command line code:1
Stack trace:
#0 Command line code(1): ReflectionClass->__construct('App\\\\Policies\\\\Mo...')
#1 [internal function]: {closure}('App\\\\Policies\\\\Mo...', 'App\\\\Model')
#2 Command line code(1): array_map(Object(Closure), Array, Array)
#3 {main}
  thrown at Command line code:1)
[stacktrace]
#0 {main}
"} 
[2025-07-03 00:44:54] local.ERROR: Uncaught ReflectionException: Class "App\Policies\ModelPolicy" does not exist in Command line code:1
Stack trace:
#0 Command line code(1): ReflectionClass->__construct('App\\Policies\\Mo...')
#1 [internal function]: {closure}('App\\Policies\\Mo...', 'App\\Model')
#2 Command line code(1): array_map(Object(Closure), Array, Array)
#3 {main}
  thrown {"exception":"[object] (Symfony\\Component\\ErrorHandler\\Error\\FatalError(code: 0): Uncaught ReflectionException: Class \"App\\Policies\\ModelPolicy\" does not exist in Command line code:1
Stack trace:
#0 Command line code(1): ReflectionClass->__construct('App\\\\Policies\\\\Mo...')
#1 [internal function]: {closure}('App\\\\Policies\\\\Mo...', 'App\\\\Model')
#2 Command line code(1): array_map(Object(Closure), Array, Array)
#3 {main}
  thrown at Command line code:1)
[stacktrace]
#0 {main}
"} 
[2025-07-03 00:45:54] local.ERROR: Uncaught ReflectionException: Class "App\Policies\ModelPolicy" does not exist in Command line code:1
Stack trace:
#0 Command line code(1): ReflectionClass->__construct('App\\Policies\\Mo...')
#1 [internal function]: {closure}('App\\Policies\\Mo...', 'App\\Model')
#2 Command line code(1): array_map(Object(Closure), Array, Array)
#3 {main}
  thrown {"exception":"[object] (Symfony\\Component\\ErrorHandler\\Error\\FatalError(code: 0): Uncaught ReflectionException: Class \"App\\Policies\\ModelPolicy\" does not exist in Command line code:1
Stack trace:
#0 Command line code(1): ReflectionClass->__construct('App\\\\Policies\\\\Mo...')
#1 [internal function]: {closure}('App\\\\Policies\\\\Mo...', 'App\\\\Model')
#2 Command line code(1): array_map(Object(Closure), Array, Array)
#3 {main}
  thrown at Command line code:1)
[stacktrace]
#0 {main}
"} 
[2025-07-03 00:46:54] local.ERROR: Uncaught ReflectionException: Class "App\Policies\ModelPolicy" does not exist in Command line code:1
Stack trace:
#0 Command line code(1): ReflectionClass->__construct('App\\Policies\\Mo...')
#1 [internal function]: {closure}('App\\Policies\\Mo...', 'App\\Model')
#2 Command line code(1): array_map(Object(Closure), Array, Array)
#3 {main}
  thrown {"exception":"[object] (Symfony\\Component\\ErrorHandler\\Error\\FatalError(code: 0): Uncaught ReflectionException: Class \"App\\Policies\\ModelPolicy\" does not exist in Command line code:1
Stack trace:
#0 Command line code(1): ReflectionClass->__construct('App\\\\Policies\\\\Mo...')
#1 [internal function]: {closure}('App\\\\Policies\\\\Mo...', 'App\\\\Model')
#2 Command line code(1): array_map(Object(Closure), Array, Array)
#3 {main}
  thrown at Command line code:1)
[stacktrace]
#0 {main}
"} 
[2025-07-03 00:47:54] local.ERROR: Uncaught ReflectionException: Class "App\Policies\ModelPolicy" does not exist in Command line code:1
Stack trace:
#0 Command line code(1): ReflectionClass->__construct('App\\Policies\\Mo...')
#1 [internal function]: {closure}('App\\Policies\\Mo...', 'App\\Model')
#2 Command line code(1): array_map(Object(Closure), Array, Array)
#3 {main}
  thrown {"exception":"[object] (Symfony\\Component\\ErrorHandler\\Error\\FatalError(code: 0): Uncaught ReflectionException: Class \"App\\Policies\\ModelPolicy\" does not exist in Command line code:1
Stack trace:
#0 Command line code(1): ReflectionClass->__construct('App\\\\Policies\\\\Mo...')
#1 [internal function]: {closure}('App\\\\Policies\\\\Mo...', 'App\\\\Model')
#2 Command line code(1): array_map(Object(Closure), Array, Array)
#3 {main}
  thrown at Command line code:1)
[stacktrace]
#0 {main}
"} 
[2025-07-03 00:48:54] local.ERROR: Uncaught ReflectionException: Class "App\Policies\ModelPolicy" does not exist in Command line code:1
Stack trace:
#0 Command line code(1): ReflectionClass->__construct('App\\Policies\\Mo...')
#1 [internal function]: {closure}('App\\Policies\\Mo...', 'App\\Model')
#2 Command line code(1): array_map(Object(Closure), Array, Array)
#3 {main}
  thrown {"exception":"[object] (Symfony\\Component\\ErrorHandler\\Error\\FatalError(code: 0): Uncaught ReflectionException: Class \"App\\Policies\\ModelPolicy\" does not exist in Command line code:1
Stack trace:
#0 Command line code(1): ReflectionClass->__construct('App\\\\Policies\\\\Mo...')
#1 [internal function]: {closure}('App\\\\Policies\\\\Mo...', 'App\\\\Model')
#2 Command line code(1): array_map(Object(Closure), Array, Array)
#3 {main}
  thrown at Command line code:1)
[stacktrace]
#0 {main}
"} 
[2025-07-03 00:49:54] local.ERROR: Uncaught ReflectionException: Class "App\Policies\ModelPolicy" does not exist in Command line code:1
Stack trace:
#0 Command line code(1): ReflectionClass->__construct('App\\Policies\\Mo...')
#1 [internal function]: {closure}('App\\Policies\\Mo...', 'App\\Model')
#2 Command line code(1): array_map(Object(Closure), Array, Array)
#3 {main}
  thrown {"exception":"[object] (Symfony\\Component\\ErrorHandler\\Error\\FatalError(code: 0): Uncaught ReflectionException: Class \"App\\Policies\\ModelPolicy\" does not exist in Command line code:1
Stack trace:
#0 Command line code(1): ReflectionClass->__construct('App\\\\Policies\\\\Mo...')
#1 [internal function]: {closure}('App\\\\Policies\\\\Mo...', 'App\\\\Model')
#2 Command line code(1): array_map(Object(Closure), Array, Array)
#3 {main}
  thrown at Command line code:1)
[stacktrace]
#0 {main}
"} 
[2025-07-03 00:50:54] local.ERROR: Uncaught ReflectionException: Class "App\Policies\ModelPolicy" does not exist in Command line code:1
Stack trace:
#0 Command line code(1): ReflectionClass->__construct('App\\Policies\\Mo...')
#1 [internal function]: {closure}('App\\Policies\\Mo...', 'App\\Model')
#2 Command line code(1): array_map(Object(Closure), Array, Array)
#3 {main}
  thrown {"exception":"[object] (Symfony\\Component\\ErrorHandler\\Error\\FatalError(code: 0): Uncaught ReflectionException: Class \"App\\Policies\\ModelPolicy\" does not exist in Command line code:1
Stack trace:
#0 Command line code(1): ReflectionClass->__construct('App\\\\Policies\\\\Mo...')
#1 [internal function]: {closure}('App\\\\Policies\\\\Mo...', 'App\\\\Model')
#2 Command line code(1): array_map(Object(Closure), Array, Array)
#3 {main}
  thrown at Command line code:1)
[stacktrace]
#0 {main}
"} 
[2025-07-03 00:51:54] local.ERROR: Uncaught ReflectionException: Class "App\Policies\ModelPolicy" does not exist in Command line code:1
Stack trace:
#0 Command line code(1): ReflectionClass->__construct('App\\Policies\\Mo...')
#1 [internal function]: {closure}('App\\Policies\\Mo...', 'App\\Model')
#2 Command line code(1): array_map(Object(Closure), Array, Array)
#3 {main}
  thrown {"exception":"[object] (Symfony\\Component\\ErrorHandler\\Error\\FatalError(code: 0): Uncaught ReflectionException: Class \"App\\Policies\\ModelPolicy\" does not exist in Command line code:1
Stack trace:
#0 Command line code(1): ReflectionClass->__construct('App\\\\Policies\\\\Mo...')
#1 [internal function]: {closure}('App\\\\Policies\\\\Mo...', 'App\\\\Model')
#2 Command line code(1): array_map(Object(Closure), Array, Array)
#3 {main}
  thrown at Command line code:1)
[stacktrace]
#0 {main}
"} 
[2025-07-03 00:52:54] local.ERROR: Uncaught ReflectionException: Class "App\Policies\ModelPolicy" does not exist in Command line code:1
Stack trace:
#0 Command line code(1): ReflectionClass->__construct('App\\Policies\\Mo...')
#1 [internal function]: {closure}('App\\Policies\\Mo...', 'App\\Model')
#2 Command line code(1): array_map(Object(Closure), Array, Array)
#3 {main}
  thrown {"exception":"[object] (Symfony\\Component\\ErrorHandler\\Error\\FatalError(code: 0): Uncaught ReflectionException: Class \"App\\Policies\\ModelPolicy\" does not exist in Command line code:1
Stack trace:
#0 Command line code(1): ReflectionClass->__construct('App\\\\Policies\\\\Mo...')
#1 [internal function]: {closure}('App\\\\Policies\\\\Mo...', 'App\\\\Model')
#2 Command line code(1): array_map(Object(Closure), Array, Array)
#3 {main}
  thrown at Command line code:1)
[stacktrace]
#0 {main}
"} 
[2025-07-03 00:53:54] local.ERROR: Uncaught ReflectionException: Class "App\Policies\ModelPolicy" does not exist in Command line code:1
Stack trace:
#0 Command line code(1): ReflectionClass->__construct('App\\Policies\\Mo...')
#1 [internal function]: {closure}('App\\Policies\\Mo...', 'App\\Model')
#2 Command line code(1): array_map(Object(Closure), Array, Array)
#3 {main}
  thrown {"exception":"[object] (Symfony\\Component\\ErrorHandler\\Error\\FatalError(code: 0): Uncaught ReflectionException: Class \"App\\Policies\\ModelPolicy\" does not exist in Command line code:1
Stack trace:
#0 Command line code(1): ReflectionClass->__construct('App\\\\Policies\\\\Mo...')
#1 [internal function]: {closure}('App\\\\Policies\\\\Mo...', 'App\\\\Model')
#2 Command line code(1): array_map(Object(Closure), Array, Array)
#3 {main}
  thrown at Command line code:1)
[stacktrace]
#0 {main}
"} 
[2025-07-03 00:54:54] local.ERROR: Uncaught ReflectionException: Class "App\Policies\ModelPolicy" does not exist in Command line code:1
Stack trace:
#0 Command line code(1): ReflectionClass->__construct('App\\Policies\\Mo...')
#1 [internal function]: {closure}('App\\Policies\\Mo...', 'App\\Model')
#2 Command line code(1): array_map(Object(Closure), Array, Array)
#3 {main}
  thrown {"exception":"[object] (Symfony\\Component\\ErrorHandler\\Error\\FatalError(code: 0): Uncaught ReflectionException: Class \"App\\Policies\\ModelPolicy\" does not exist in Command line code:1
Stack trace:
#0 Command line code(1): ReflectionClass->__construct('App\\\\Policies\\\\Mo...')
#1 [internal function]: {closure}('App\\\\Policies\\\\Mo...', 'App\\\\Model')
#2 Command line code(1): array_map(Object(Closure), Array, Array)
#3 {main}
  thrown at Command line code:1)
[stacktrace]
#0 {main}
"} 
[2025-07-03 00:55:54] local.ERROR: Uncaught ReflectionException: Class "App\Policies\ModelPolicy" does not exist in Command line code:1
Stack trace:
#0 Command line code(1): ReflectionClass->__construct('App\\Policies\\Mo...')
#1 [internal function]: {closure}('App\\Policies\\Mo...', 'App\\Model')
#2 Command line code(1): array_map(Object(Closure), Array, Array)
#3 {main}
  thrown {"exception":"[object] (Symfony\\Component\\ErrorHandler\\Error\\FatalError(code: 0): Uncaught ReflectionException: Class \"App\\Policies\\ModelPolicy\" does not exist in Command line code:1
Stack trace:
#0 Command line code(1): ReflectionClass->__construct('App\\\\Policies\\\\Mo...')
#1 [internal function]: {closure}('App\\\\Policies\\\\Mo...', 'App\\\\Model')
#2 Command line code(1): array_map(Object(Closure), Array, Array)
#3 {main}
  thrown at Command line code:1)
[stacktrace]
#0 {main}
"} 
[2025-07-03 00:56:54] local.ERROR: Uncaught ReflectionException: Class "App\Policies\ModelPolicy" does not exist in Command line code:1
Stack trace:
#0 Command line code(1): ReflectionClass->__construct('App\\Policies\\Mo...')
#1 [internal function]: {closure}('App\\Policies\\Mo...', 'App\\Model')
#2 Command line code(1): array_map(Object(Closure), Array, Array)
#3 {main}
  thrown {"exception":"[object] (Symfony\\Component\\ErrorHandler\\Error\\FatalError(code: 0): Uncaught ReflectionException: Class \"App\\Policies\\ModelPolicy\" does not exist in Command line code:1
Stack trace:
#0 Command line code(1): ReflectionClass->__construct('App\\\\Policies\\\\Mo...')
#1 [internal function]: {closure}('App\\\\Policies\\\\Mo...', 'App\\\\Model')
#2 Command line code(1): array_map(Object(Closure), Array, Array)
#3 {main}
  thrown at Command line code:1)
[stacktrace]
#0 {main}
"} 
[2025-07-03 00:57:54] local.ERROR: Uncaught ReflectionException: Class "App\Policies\ModelPolicy" does not exist in Command line code:1
Stack trace:
#0 Command line code(1): ReflectionClass->__construct('App\\Policies\\Mo...')
#1 [internal function]: {closure}('App\\Policies\\Mo...', 'App\\Model')
#2 Command line code(1): array_map(Object(Closure), Array, Array)
#3 {main}
  thrown {"exception":"[object] (Symfony\\Component\\ErrorHandler\\Error\\FatalError(code: 0): Uncaught ReflectionException: Class \"App\\Policies\\ModelPolicy\" does not exist in Command line code:1
Stack trace:
#0 Command line code(1): ReflectionClass->__construct('App\\\\Policies\\\\Mo...')
#1 [internal function]: {closure}('App\\\\Policies\\\\Mo...', 'App\\\\Model')
#2 Command line code(1): array_map(Object(Closure), Array, Array)
#3 {main}
  thrown at Command line code:1)
[stacktrace]
#0 {main}
"} 
[2025-07-03 00:58:56] local.ERROR: Uncaught ReflectionException: Class "App\Policies\ModelPolicy" does not exist in Command line code:1
Stack trace:
#0 Command line code(1): ReflectionClass->__construct('App\\Policies\\Mo...')
#1 [internal function]: {closure}('App\\Policies\\Mo...', 'App\\Model')
#2 Command line code(1): array_map(Object(Closure), Array, Array)
#3 {main}
  thrown {"exception":"[object] (Symfony\\Component\\ErrorHandler\\Error\\FatalError(code: 0): Uncaught ReflectionException: Class \"App\\Policies\\ModelPolicy\" does not exist in Command line code:1
Stack trace:
#0 Command line code(1): ReflectionClass->__construct('App\\\\Policies\\\\Mo...')
#1 [internal function]: {closure}('App\\\\Policies\\\\Mo...', 'App\\\\Model')
#2 Command line code(1): array_map(Object(Closure), Array, Array)
#3 {main}
  thrown at Command line code:1)
[stacktrace]
#0 {main}
"} 
[2025-07-03 20:03:36] local.ERROR: Uncaught ReflectionException: Class "App\Policies\ModelPolicy" does not exist in Command line code:1
Stack trace:
#0 Command line code(1): ReflectionClass->__construct('App\\Policies\\Mo...')
#1 [internal function]: {closure}('App\\Policies\\Mo...', 'App\\Model')
#2 Command line code(1): array_map(Object(Closure), Array, Array)
#3 {main}
  thrown {"exception":"[object] (Symfony\\Component\\ErrorHandler\\Error\\FatalError(code: 0): Uncaught ReflectionException: Class \"App\\Policies\\ModelPolicy\" does not exist in Command line code:1
Stack trace:
#0 Command line code(1): ReflectionClass->__construct('App\\\\Policies\\\\Mo...')
#1 [internal function]: {closure}('App\\\\Policies\\\\Mo...', 'App\\\\Model')
#2 Command line code(1): array_map(Object(Closure), Array, Array)
#3 {main}
  thrown at Command line code:1)
[stacktrace]
#0 {main}
"} 
[2025-07-03 20:04:10] local.ERROR: Uncaught ReflectionException: Class "App\Policies\ModelPolicy" does not exist in Command line code:1
Stack trace:
#0 Command line code(1): ReflectionClass->__construct('App\\Policies\\Mo...')
#1 [internal function]: {closure}('App\\Policies\\Mo...', 'App\\Model')
#2 Command line code(1): array_map(Object(Closure), Array, Array)
#3 {main}
  thrown {"exception":"[object] (Symfony\\Component\\ErrorHandler\\Error\\FatalError(code: 0): Uncaught ReflectionException: Class \"App\\Policies\\ModelPolicy\" does not exist in Command line code:1
Stack trace:
#0 Command line code(1): ReflectionClass->__construct('App\\\\Policies\\\\Mo...')
#1 [internal function]: {closure}('App\\\\Policies\\\\Mo...', 'App\\\\Model')
#2 Command line code(1): array_map(Object(Closure), Array, Array)
#3 {main}
  thrown at Command line code:1)
[stacktrace]
#0 {main}
"} 
[2025-07-03 20:05:10] local.ERROR: Uncaught ReflectionException: Class "App\Policies\ModelPolicy" does not exist in Command line code:1
Stack trace:
#0 Command line code(1): ReflectionClass->__construct('App\\Policies\\Mo...')
#1 [internal function]: {closure}('App\\Policies\\Mo...', 'App\\Model')
#2 Command line code(1): array_map(Object(Closure), Array, Array)
#3 {main}
  thrown {"exception":"[object] (Symfony\\Component\\ErrorHandler\\Error\\FatalError(code: 0): Uncaught ReflectionException: Class \"App\\Policies\\ModelPolicy\" does not exist in Command line code:1
Stack trace:
#0 Command line code(1): ReflectionClass->__construct('App\\\\Policies\\\\Mo...')
#1 [internal function]: {closure}('App\\\\Policies\\\\Mo...', 'App\\\\Model')
#2 Command line code(1): array_map(Object(Closure), Array, Array)
#3 {main}
  thrown at Command line code:1)
[stacktrace]
#0 {main}
"} 
[2025-07-03 20:05:59] local.ERROR: Call to a member function getTranslation() on null (View: C:\laragon\www\thugos\resources\views\frontend\product_details.blade.php) {"view":{"view":"C:\\laragon\\www\\thugos\\resources\\views/frontend/product_details.blade.php","data":{"errors":"<pre class=sf-dump id=sf-dump-137375672 data-indent-pad=\"  \"><span class=sf-dump-note>Illuminate\\Support\\ViewErrorBag</span> {<a class=sf-dump-ref>#3064</a><samp data-depth=1 class=sf-dump-expanded>
  #<span class=sf-dump-protected title=\"Protected property\">bags</span>: []
</samp>}
</pre><script>Sfdump(\"sf-dump-137375672\", {\"maxDepth\":3,\"maxStringLength\":160})</script>
","detailedProduct":"<pre class=sf-dump id=sf-dump-1220275802 data-indent-pad=\"  \"><span class=sf-dump-note>App\\Models\\Product</span> {<a class=sf-dump-ref>#3119</a><samp data-depth=1 class=sf-dump-expanded>
  #<span class=sf-dump-protected title=\"Protected property\">connection</span>: \"<span class=sf-dump-str title=\"5 characters\">mysql</span>\"
  #<span class=sf-dump-protected title=\"Protected property\">table</span>: \"<span class=sf-dump-str title=\"8 characters\">products</span>\"
  #<span class=sf-dump-protected title=\"Protected property\">primaryKey</span>: \"<span class=sf-dump-str title=\"2 characters\">id</span>\"
  #<span class=sf-dump-protected title=\"Protected property\">keyType</span>: \"<span class=sf-dump-str title=\"3 characters\">int</span>\"
  +<span class=sf-dump-public title=\"Public property\">incrementing</span>: <span class=sf-dump-const>true</span>
  #<span class=sf-dump-protected title=\"Protected property\">with</span>: <span class=sf-dump-note>array:2</span> [<samp data-depth=2 class=sf-dump-compact>
    <span class=sf-dump-index>0</span> => \"<span class=sf-dump-str title=\"20 characters\">product_translations</span>\"
    <span class=sf-dump-index>1</span> => \"<span class=sf-dump-str title=\"5 characters\">taxes</span>\"
  </samp>]
  #<span class=sf-dump-protected title=\"Protected property\">withCount</span>: []
  +<span class=sf-dump-public title=\"Public property\">preventsLazyLoading</span>: <span class=sf-dump-const>false</span>
  #<span class=sf-dump-protected title=\"Protected property\">perPage</span>: <span class=sf-dump-num>15</span>
  +<span class=sf-dump-public title=\"Public property\">exists</span>: <span class=sf-dump-const>true</span>
  +<span class=sf-dump-public title=\"Public property\">wasRecentlyCreated</span>: <span class=sf-dump-const>false</span>
  #<span class=sf-dump-protected title=\"Protected property\">escapeWhenCastingToString</span>: <span class=sf-dump-const>false</span>
  #<span class=sf-dump-protected title=\"Protected property\">attributes</span>: <span class=sf-dump-note>array:69</span> [<samp data-depth=2 class=sf-dump-compact>
    \"<span class=sf-dump-key>id</span>\" => <span class=sf-dump-num>7</span>
    \"<span class=sf-dump-key>name</span>\" => \"<span class=sf-dump-str title=\"13 characters\">Ghost Samurai</span>\"
    \"<span class=sf-dump-key>added_by</span>\" => \"<span class=sf-dump-str title=\"5 characters\">admin</span>\"
    \"<span class=sf-dump-key>user_id</span>\" => <span class=sf-dump-num>9</span>
    \"<span class=sf-dump-key>category_id</span>\" => <span class=sf-dump-num>45</span>
    \"<span class=sf-dump-key>brand_id</span>\" => <span class=sf-dump-const>null</span>
    \"<span class=sf-dump-key>photos</span>\" => \"<span class=sf-dump-str title=\"7 characters\">271,272</span>\"
    \"<span class=sf-dump-key>thumbnail_img</span>\" => \"<span class=sf-dump-str title=\"3 characters\">272</span>\"
    \"<span class=sf-dump-key>video_provider</span>\" => \"<span class=sf-dump-str title=\"7 characters\">youtube</span>\"
    \"<span class=sf-dump-key>video_link</span>\" => <span class=sf-dump-const>null</span>
    \"<span class=sf-dump-key>tags</span>\" => <span class=sf-dump-const>null</span>
    \"<span class=sf-dump-key>description</span>\" => <span class=sf-dump-const>null</span>
    \"<span class=sf-dump-key>short_description</span>\" => \"<span class=sf-dump-str title=\"131 characters\">&lt;p&gt;&#9864; Fabrics: 100% Cotton.&lt;/p&gt;&lt;p&gt;&#9864; Fit Type: Oversized.&lt;/p&gt;&lt;p&gt;&#9864; Sleeve: Drop Shoulder / Half Sleeve.&lt;/p&gt;&lt;p&gt;&#9864; GSM: 180+(Approx).&lt;/p&gt;</span>\"
    \"<span class=sf-dump-key>faq</span>\" => <span class=sf-dump-const>null</span>
    \"<span class=sf-dump-key>ingredients</span>\" => <span class=sf-dump-const>null</span>
    \"<span class=sf-dump-key>unit_price</span>\" => <span class=sf-dump-num>499.0</span>
    \"<span class=sf-dump-key>purchase_price</span>\" => <span class=sf-dump-const>null</span>
    \"<span class=sf-dump-key>variant_product</span>\" => <span class=sf-dump-num>1</span>
    \"<span class=sf-dump-key>attributes</span>\" => \"<span class=sf-dump-str title=\"9 characters\">[&quot;1&quot;,&quot;6&quot;]</span>\"
    \"<span class=sf-dump-key>choice_options</span>\" => \"<span class=sf-dump-str title=\"107 characters\">[{&quot;attribute_id&quot;:&quot;1&quot;,&quot;values&quot;:[&quot;M&quot;,&quot;L&quot;,&quot;XL&quot;]},{&quot;attribute_id&quot;:&quot;6&quot;,&quot;values&quot;:[&quot;Drop Shoulder&quot;,&quot;Half Selve&quot;]}]</span>\"
    \"<span class=sf-dump-key>colors</span>\" => \"<span class=sf-dump-str title=\"21 characters\">[&quot;#000000&quot;,&quot;#FFFFFF&quot;]</span>\"
    \"<span class=sf-dump-key>variations</span>\" => <span class=sf-dump-const>null</span>
    \"<span class=sf-dump-key>todays_deal</span>\" => <span class=sf-dump-num>0</span>
    \"<span class=sf-dump-key>published</span>\" => <span class=sf-dump-num>1</span>
    \"<span class=sf-dump-key>approved</span>\" => <span class=sf-dump-num>1</span>
    \"<span class=sf-dump-key>stock_visibility_state</span>\" => \"<span class=sf-dump-str title=\"8 characters\">quantity</span>\"
    \"<span class=sf-dump-key>cash_on_delivery</span>\" => <span class=sf-dump-num>1</span>
    \"<span class=sf-dump-key>featured</span>\" => <span class=sf-dump-num>0</span>
    \"<span class=sf-dump-key>seller_featured</span>\" => <span class=sf-dump-num>0</span>
    \"<span class=sf-dump-key>current_stock</span>\" => <span class=sf-dump-num>0</span>
    \"<span class=sf-dump-key>unit</span>\" => \"<span class=sf-dump-str title=\"4 characters\">pice</span>\"
    \"<span class=sf-dump-key>min_qty</span>\" => <span class=sf-dump-num>1</span>
    \"<span class=sf-dump-key>low_stock_quantity</span>\" => <span class=sf-dump-num>1</span>
    \"<span class=sf-dump-key>discount</span>\" => <span class=sf-dump-num>0.0</span>
    \"<span class=sf-dump-key>discount_type</span>\" => \"<span class=sf-dump-str title=\"6 characters\">amount</span>\"
    \"<span class=sf-dump-key>discount_start_date</span>\" => <span class=sf-dump-const>null</span>
    \"<span class=sf-dump-key>discount_end_date</span>\" => <span class=sf-dump-const>null</span>
    \"<span class=sf-dump-key>starting_bid</span>\" => <span class=sf-dump-num>0.0</span>
    \"<span class=sf-dump-key>auction_start_date</span>\" => <span class=sf-dump-const>null</span>
    \"<span class=sf-dump-key>auction_end_date</span>\" => <span class=sf-dump-const>null</span>
    \"<span class=sf-dump-key>tax</span>\" => <span class=sf-dump-const>null</span>
    \"<span class=sf-dump-key>tax_type</span>\" => <span class=sf-dump-const>null</span>
    \"<span class=sf-dump-key>shipping_type</span>\" => <span class=sf-dump-const>null</span>
    \"<span class=sf-dump-key>shipping_cost</span>\" => <span class=sf-dump-const>null</span>
    \"<span class=sf-dump-key>is_quantity_multiplied</span>\" => <span class=sf-dump-num>0</span>
    \"<span class=sf-dump-key>est_shipping_days</span>\" => <span class=sf-dump-const>null</span>
    \"<span class=sf-dump-key>num_of_sale</span>\" => <span class=sf-dump-num>0</span>
    \"<span class=sf-dump-key>meta_title</span>\" => \"<span class=sf-dump-str title=\"13 characters\">Ghost Samurai</span>\"
    \"<span class=sf-dump-key>meta_description</span>\" => \"\"
    \"<span class=sf-dump-key>meta_img</span>\" => \"<span class=sf-dump-str title=\"3 characters\">272</span>\"
    \"<span class=sf-dump-key>pdf</span>\" => <span class=sf-dump-const>null</span>
    \"<span class=sf-dump-key>slug</span>\" => \"<span class=sf-dump-str title=\"13 characters\">ghost-samurai</span>\"
    \"<span class=sf-dump-key>offer_quantity</span>\" => \"<span class=sf-dump-str title=\"35 characters\">[{&quot;quantity&quot;:null,&quot;discount&quot;:null}]</span>\"
    \"<span class=sf-dump-key>offer_discount</span>\" => <span class=sf-dump-const>null</span>
    \"<span class=sf-dump-key>refundable</span>\" => <span class=sf-dump-num>0</span>
    \"<span class=sf-dump-key>earn_point</span>\" => <span class=sf-dump-num>0.0</span>
    \"<span class=sf-dump-key>rating</span>\" => <span class=sf-dump-num>0.0</span>
    \"<span class=sf-dump-key>barcode</span>\" => <span class=sf-dump-const>null</span>
    \"<span class=sf-dump-key>digital</span>\" => <span class=sf-dump-num>0</span>
    \"<span class=sf-dump-key>auction_product</span>\" => <span class=sf-dump-num>0</span>
    \"<span class=sf-dump-key>file_name</span>\" => <span class=sf-dump-const>null</span>
    \"<span class=sf-dump-key>file_path</span>\" => <span class=sf-dump-const>null</span>
    \"<span class=sf-dump-key>external_link</span>\" => <span class=sf-dump-const>null</span>
    \"<span class=sf-dump-key>external_link_btn</span>\" => <span class=sf-dump-const>null</span>
    \"<span class=sf-dump-key>wholesale_product</span>\" => <span class=sf-dump-num>0</span>
    \"<span class=sf-dump-key>new_discount</span>\" => <span class=sf-dump-const>null</span>
    \"<span class=sf-dump-key>new_discount_type</span>\" => <span class=sf-dump-const>null</span>
    \"<span class=sf-dump-key>created_at</span>\" => \"<span class=sf-dump-str title=\"19 characters\">2025-05-26 20:16:10</span>\"
    \"<span class=sf-dump-key>updated_at</span>\" => \"<span class=sf-dump-str title=\"19 characters\">2025-07-03 00:19:25</span>\"
  </samp>]
  #<span class=sf-dump-protected title=\"Protected property\">original</span>: <span class=sf-dump-note>array:69</span> [<samp data-depth=2 class=sf-dump-compact>
    \"<span class=sf-dump-key>id</span>\" => <span class=sf-dump-num>7</span>
    \"<span class=sf-dump-key>name</span>\" => \"<span class=sf-dump-str title=\"13 characters\">Ghost Samurai</span>\"
    \"<span class=sf-dump-key>added_by</span>\" => \"<span class=sf-dump-str title=\"5 characters\">admin</span>\"
    \"<span class=sf-dump-key>user_id</span>\" => <span class=sf-dump-num>9</span>
    \"<span class=sf-dump-key>category_id</span>\" => <span class=sf-dump-num>45</span>
    \"<span class=sf-dump-key>brand_id</span>\" => <span class=sf-dump-const>null</span>
    \"<span class=sf-dump-key>photos</span>\" => \"<span class=sf-dump-str title=\"7 characters\">271,272</span>\"
    \"<span class=sf-dump-key>thumbnail_img</span>\" => \"<span class=sf-dump-str title=\"3 characters\">272</span>\"
    \"<span class=sf-dump-key>video_provider</span>\" => \"<span class=sf-dump-str title=\"7 characters\">youtube</span>\"
    \"<span class=sf-dump-key>video_link</span>\" => <span class=sf-dump-const>null</span>
    \"<span class=sf-dump-key>tags</span>\" => <span class=sf-dump-const>null</span>
    \"<span class=sf-dump-key>description</span>\" => <span class=sf-dump-const>null</span>
    \"<span class=sf-dump-key>short_description</span>\" => \"<span class=sf-dump-str title=\"131 characters\">&lt;p&gt;&#9864; Fabrics: 100% Cotton.&lt;/p&gt;&lt;p&gt;&#9864; Fit Type: Oversized.&lt;/p&gt;&lt;p&gt;&#9864; Sleeve: Drop Shoulder / Half Sleeve.&lt;/p&gt;&lt;p&gt;&#9864; GSM: 180+(Approx).&lt;/p&gt;</span>\"
    \"<span class=sf-dump-key>faq</span>\" => <span class=sf-dump-const>null</span>
    \"<span class=sf-dump-key>ingredients</span>\" => <span class=sf-dump-const>null</span>
    \"<span class=sf-dump-key>unit_price</span>\" => <span class=sf-dump-num>499.0</span>
    \"<span class=sf-dump-key>purchase_price</span>\" => <span class=sf-dump-const>null</span>
    \"<span class=sf-dump-key>variant_product</span>\" => <span class=sf-dump-num>1</span>
    \"<span class=sf-dump-key>attributes</span>\" => \"<span class=sf-dump-str title=\"9 characters\">[&quot;1&quot;,&quot;6&quot;]</span>\"
    \"<span class=sf-dump-key>choice_options</span>\" => \"<span class=sf-dump-str title=\"107 characters\">[{&quot;attribute_id&quot;:&quot;1&quot;,&quot;values&quot;:[&quot;M&quot;,&quot;L&quot;,&quot;XL&quot;]},{&quot;attribute_id&quot;:&quot;6&quot;,&quot;values&quot;:[&quot;Drop Shoulder&quot;,&quot;Half Selve&quot;]}]</span>\"
    \"<span class=sf-dump-key>colors</span>\" => \"<span class=sf-dump-str title=\"21 characters\">[&quot;#000000&quot;,&quot;#FFFFFF&quot;]</span>\"
    \"<span class=sf-dump-key>variations</span>\" => <span class=sf-dump-const>null</span>
    \"<span class=sf-dump-key>todays_deal</span>\" => <span class=sf-dump-num>0</span>
    \"<span class=sf-dump-key>published</span>\" => <span class=sf-dump-num>1</span>
    \"<span class=sf-dump-key>approved</span>\" => <span class=sf-dump-num>1</span>
    \"<span class=sf-dump-key>stock_visibility_state</span>\" => \"<span class=sf-dump-str title=\"8 characters\">quantity</span>\"
    \"<span class=sf-dump-key>cash_on_delivery</span>\" => <span class=sf-dump-num>1</span>
    \"<span class=sf-dump-key>featured</span>\" => <span class=sf-dump-num>0</span>
    \"<span class=sf-dump-key>seller_featured</span>\" => <span class=sf-dump-num>0</span>
    \"<span class=sf-dump-key>current_stock</span>\" => <span class=sf-dump-num>0</span>
    \"<span class=sf-dump-key>unit</span>\" => \"<span class=sf-dump-str title=\"4 characters\">pice</span>\"
    \"<span class=sf-dump-key>min_qty</span>\" => <span class=sf-dump-num>1</span>
    \"<span class=sf-dump-key>low_stock_quantity</span>\" => <span class=sf-dump-num>1</span>
    \"<span class=sf-dump-key>discount</span>\" => <span class=sf-dump-num>0.0</span>
    \"<span class=sf-dump-key>discount_type</span>\" => \"<span class=sf-dump-str title=\"6 characters\">amount</span>\"
    \"<span class=sf-dump-key>discount_start_date</span>\" => <span class=sf-dump-const>null</span>
    \"<span class=sf-dump-key>discount_end_date</span>\" => <span class=sf-dump-const>null</span>
    \"<span class=sf-dump-key>starting_bid</span>\" => <span class=sf-dump-num>0.0</span>
    \"<span class=sf-dump-key>auction_start_date</span>\" => <span class=sf-dump-const>null</span>
    \"<span class=sf-dump-key>auction_end_date</span>\" => <span class=sf-dump-const>null</span>
    \"<span class=sf-dump-key>tax</span>\" => <span class=sf-dump-const>null</span>
    \"<span class=sf-dump-key>tax_type</span>\" => <span class=sf-dump-const>null</span>
    \"<span class=sf-dump-key>shipping_type</span>\" => <span class=sf-dump-const>null</span>
    \"<span class=sf-dump-key>shipping_cost</span>\" => <span class=sf-dump-const>null</span>
    \"<span class=sf-dump-key>is_quantity_multiplied</span>\" => <span class=sf-dump-num>0</span>
    \"<span class=sf-dump-key>est_shipping_days</span>\" => <span class=sf-dump-const>null</span>
    \"<span class=sf-dump-key>num_of_sale</span>\" => <span class=sf-dump-num>0</span>
    \"<span class=sf-dump-key>meta_title</span>\" => \"<span class=sf-dump-str title=\"13 characters\">Ghost Samurai</span>\"
    \"<span class=sf-dump-key>meta_description</span>\" => \"\"
    \"<span class=sf-dump-key>meta_img</span>\" => \"<span class=sf-dump-str title=\"3 characters\">272</span>\"
    \"<span class=sf-dump-key>pdf</span>\" => <span class=sf-dump-const>null</span>
    \"<span class=sf-dump-key>slug</span>\" => \"<span class=sf-dump-str title=\"13 characters\">ghost-samurai</span>\"
    \"<span class=sf-dump-key>offer_quantity</span>\" => \"<span class=sf-dump-str title=\"35 characters\">[{&quot;quantity&quot;:null,&quot;discount&quot;:null}]</span>\"
    \"<span class=sf-dump-key>offer_discount</span>\" => <span class=sf-dump-const>null</span>
    \"<span class=sf-dump-key>refundable</span>\" => <span class=sf-dump-num>0</span>
    \"<span class=sf-dump-key>earn_point</span>\" => <span class=sf-dump-num>0.0</span>
    \"<span class=sf-dump-key>rating</span>\" => <span class=sf-dump-num>0.0</span>
    \"<span class=sf-dump-key>barcode</span>\" => <span class=sf-dump-const>null</span>
    \"<span class=sf-dump-key>digital</span>\" => <span class=sf-dump-num>0</span>
    \"<span class=sf-dump-key>auction_product</span>\" => <span class=sf-dump-num>0</span>
    \"<span class=sf-dump-key>file_name</span>\" => <span class=sf-dump-const>null</span>
    \"<span class=sf-dump-key>file_path</span>\" => <span class=sf-dump-const>null</span>
    \"<span class=sf-dump-key>external_link</span>\" => <span class=sf-dump-const>null</span>
    \"<span class=sf-dump-key>external_link_btn</span>\" => <span class=sf-dump-const>null</span>
    \"<span class=sf-dump-key>wholesale_product</span>\" => <span class=sf-dump-num>0</span>
    \"<span class=sf-dump-key>new_discount</span>\" => <span class=sf-dump-const>null</span>
    \"<span class=sf-dump-key>new_discount_type</span>\" => <span class=sf-dump-const>null</span>
    \"<span class=sf-dump-key>created_at</span>\" => \"<span class=sf-dump-str title=\"19 characters\">2025-05-26 20:16:10</span>\"
    \"<span class=sf-dump-key>updated_at</span>\" => \"<span class=sf-dump-str title=\"19 characters\">2025-07-03 00:19:25</span>\"
  </samp>]
  #<span class=sf-dump-protected title=\"Protected property\">changes</span>: []
  #<span class=sf-dump-protected title=\"Protected property\">casts</span>: []
  #<span class=sf-dump-protected title=\"Protected property\">classCastCache</span>: []
  #<span class=sf-dump-protected title=\"Protected property\">attributeCastCache</span>: []
  #<span class=sf-dump-protected title=\"Protected property\">dates</span>: []
  #<span class=sf-dump-protected title=\"Protected property\">dateFormat</span>: <span class=sf-dump-const>null</span>
  #<span class=sf-dump-protected title=\"Protected property\">appends</span>: []
  #<span class=sf-dump-protected title=\"Protected property\">dispatchesEvents</span>: []
  #<span class=sf-dump-protected title=\"Protected property\">observables</span>: []
  #<span class=sf-dump-protected title=\"Protected property\">relations</span>: <span class=sf-dump-note>array:6</span> [<samp data-depth=2 class=sf-dump-compact>
    \"<span class=sf-dump-key>product_translations</span>\" => <span class=sf-dump-note title=\"Illuminate\\Database\\Eloquent\\Collection
\"><span class=\"sf-dump-ellipsis sf-dump-ellipsis-note\">Illuminate\\Database\\Eloquent</span><span class=\"sf-dump-ellipsis sf-dump-ellipsis-note\">\\</span>Collection</span> {<a class=sf-dump-ref>#3112</a><samp data-depth=3 class=sf-dump-compact>
      #<span class=sf-dump-protected title=\"Protected property\">items</span>: <span class=sf-dump-note>array:1</span> [ &#8230;1]
      #<span class=sf-dump-protected title=\"Protected property\">escapeWhenCastingToString</span>: <span class=sf-dump-const>false</span>
    </samp>}
    \"<span class=sf-dump-key>taxes</span>\" => <span class=sf-dump-note title=\"Illuminate\\Database\\Eloquent\\Collection
\"><span class=\"sf-dump-ellipsis sf-dump-ellipsis-note\">Illuminate\\Database\\Eloquent</span><span class=\"sf-dump-ellipsis sf-dump-ellipsis-note\">\\</span>Collection</span> {<a class=sf-dump-ref>#3084</a><samp data-depth=3 class=sf-dump-compact>
      #<span class=sf-dump-protected title=\"Protected property\">items</span>: []
      #<span class=sf-dump-protected title=\"Protected property\">escapeWhenCastingToString</span>: <span class=sf-dump-const>false</span>
    </samp>}
    \"<span class=sf-dump-key>reviews</span>\" => <span class=sf-dump-note title=\"Illuminate\\Database\\Eloquent\\Collection
\"><span class=\"sf-dump-ellipsis sf-dump-ellipsis-note\">Illuminate\\Database\\Eloquent</span><span class=\"sf-dump-ellipsis sf-dump-ellipsis-note\">\\</span>Collection</span> {<a class=sf-dump-ref>#3131</a><samp data-depth=3 class=sf-dump-compact>
      #<span class=sf-dump-protected title=\"Protected property\">items</span>: []
      #<span class=sf-dump-protected title=\"Protected property\">escapeWhenCastingToString</span>: <span class=sf-dump-const>false</span>
    </samp>}
    \"<span class=sf-dump-key>brand</span>\" => <span class=sf-dump-const>null</span>
    \"<span class=sf-dump-key>stocks</span>\" => <span class=sf-dump-note title=\"Illuminate\\Database\\Eloquent\\Collection
\"><span class=\"sf-dump-ellipsis sf-dump-ellipsis-note\">Illuminate\\Database\\Eloquent</span><span class=\"sf-dump-ellipsis sf-dump-ellipsis-note\">\\</span>Collection</span> {<a class=sf-dump-ref>#3106</a><samp data-depth=3 class=sf-dump-compact>
      #<span class=sf-dump-protected title=\"Protected property\">items</span>: <span class=sf-dump-note>array:12</span> [ &#8230;12]
      #<span class=sf-dump-protected title=\"Protected property\">escapeWhenCastingToString</span>: <span class=sf-dump-const>false</span>
    </samp>}
    \"<span class=sf-dump-key>user</span>\" => <span class=sf-dump-note title=\"App\\Models\\User
\"><span class=\"sf-dump-ellipsis sf-dump-ellipsis-note\">App\\Models</span><span class=\"sf-dump-ellipsis sf-dump-ellipsis-note\">\\</span>User</span> {<a class=sf-dump-ref>#3176</a><samp data-depth=3 class=sf-dump-compact>
      #<span class=sf-dump-protected title=\"Protected property\">connection</span>: \"<span class=sf-dump-str title=\"5 characters\">mysql</span>\"
      #<span class=sf-dump-protected title=\"Protected property\">table</span>: \"<span class=sf-dump-str title=\"5 characters\">users</span>\"
      #<span class=sf-dump-protected title=\"Protected property\">primaryKey</span>: \"<span class=sf-dump-str title=\"2 characters\">id</span>\"
      #<span class=sf-dump-protected title=\"Protected property\">keyType</span>: \"<span class=sf-dump-str title=\"3 characters\">int</span>\"
      +<span class=sf-dump-public title=\"Public property\">incrementing</span>: <span class=sf-dump-const>true</span>
      #<span class=sf-dump-protected title=\"Protected property\">with</span>: []
      #<span class=sf-dump-protected title=\"Protected property\">withCount</span>: []
      +<span class=sf-dump-public title=\"Public property\">preventsLazyLoading</span>: <span class=sf-dump-const>false</span>
      #<span class=sf-dump-protected title=\"Protected property\">perPage</span>: <span class=sf-dump-num>15</span>
      +<span class=sf-dump-public title=\"Public property\">exists</span>: <span class=sf-dump-const>true</span>
      +<span class=sf-dump-public title=\"Public property\">wasRecentlyCreated</span>: <span class=sf-dump-const>false</span>
      #<span class=sf-dump-protected title=\"Protected property\">escapeWhenCastingToString</span>: <span class=sf-dump-const>false</span>
      #<span class=sf-dump-protected title=\"Protected property\">attributes</span>: <span class=sf-dump-note>array:27</span> [ &#8230;27]
      #<span class=sf-dump-protected title=\"Protected property\">original</span>: <span class=sf-dump-note>array:27</span> [ &#8230;27]
      #<span class=sf-dump-protected title=\"Protected property\">changes</span>: []
      #<span class=sf-dump-protected title=\"Protected property\">casts</span>: []
      #<span class=sf-dump-protected title=\"Protected property\">classCastCache</span>: []
      #<span class=sf-dump-protected title=\"Protected property\">attributeCastCache</span>: []
      #<span class=sf-dump-protected title=\"Protected property\">dates</span>: []
      #<span class=sf-dump-protected title=\"Protected property\">dateFormat</span>: <span class=sf-dump-const>null</span>
      #<span class=sf-dump-protected title=\"Protected property\">appends</span>: []
      #<span class=sf-dump-protected title=\"Protected property\">dispatchesEvents</span>: []
      #<span class=sf-dump-protected title=\"Protected property\">observables</span>: []
      #<span class=sf-dump-protected title=\"Protected property\">relations</span>: <span class=sf-dump-note>array:1</span> [ &#8230;1]
      #<span class=sf-dump-protected title=\"Protected property\">touches</span>: []
      +<span class=sf-dump-public title=\"Public property\">timestamps</span>: <span class=sf-dump-const>true</span>
      #<span class=sf-dump-protected title=\"Protected property\">hidden</span>: <span class=sf-dump-note>array:2</span> [ &#8230;2]
      #<span class=sf-dump-protected title=\"Protected property\">visible</span>: []
      #<span class=sf-dump-protected title=\"Protected property\">fillable</span>: <span class=sf-dump-note>array:11</span> [ &#8230;11]
      #<span class=sf-dump-protected title=\"Protected property\">guarded</span>: <span class=sf-dump-note>array:1</span> [ &#8230;1]
      #<span class=sf-dump-protected title=\"Protected property\">rememberTokenName</span>: \"<span class=sf-dump-str title=\"14 characters\">remember_token</span>\"
      #<span class=sf-dump-protected title=\"Protected property\">accessToken</span>: <span class=sf-dump-const>null</span>
    </samp>}
  </samp>]
  #<span class=sf-dump-protected title=\"Protected property\">touches</span>: []
  +<span class=sf-dump-public title=\"Public property\">timestamps</span>: <span class=sf-dump-const>true</span>
  #<span class=sf-dump-protected title=\"Protected property\">hidden</span>: []
  #<span class=sf-dump-protected title=\"Protected property\">visible</span>: []
  #<span class=sf-dump-protected title=\"Protected property\">fillable</span>: <span class=sf-dump-note>array:21</span> [<samp data-depth=2 class=sf-dump-compact>
    <span class=sf-dump-index>0</span> => \"<span class=sf-dump-str title=\"4 characters\">name</span>\"
    <span class=sf-dump-index>1</span> => \"<span class=sf-dump-str title=\"8 characters\">added_by</span>\"
    <span class=sf-dump-index>2</span> => \"<span class=sf-dump-str title=\"7 characters\">user_id</span>\"
    <span class=sf-dump-index>3</span> => \"<span class=sf-dump-str title=\"11 characters\">category_id</span>\"
    <span class=sf-dump-index>4</span> => \"<span class=sf-dump-str title=\"8 characters\">brand_id</span>\"
    <span class=sf-dump-index>5</span> => \"<span class=sf-dump-str title=\"14 characters\">video_provider</span>\"
    <span class=sf-dump-index>6</span> => \"<span class=sf-dump-str title=\"10 characters\">video_link</span>\"
    <span class=sf-dump-index>7</span> => \"<span class=sf-dump-str title=\"10 characters\">unit_price</span>\"
    <span class=sf-dump-index>8</span> => \"<span class=sf-dump-str title=\"14 characters\">purchase_price</span>\"
    <span class=sf-dump-index>9</span> => \"<span class=sf-dump-str title=\"8 characters\">discount</span>\"
    <span class=sf-dump-index>10</span> => \"<span class=sf-dump-str title=\"13 characters\">discount_type</span>\"
    <span class=sf-dump-index>11</span> => \"<span class=sf-dump-str title=\"4 characters\">unit</span>\"
    <span class=sf-dump-index>12</span> => \"<span class=sf-dump-str title=\"4 characters\">slug</span>\"
    <span class=sf-dump-index>13</span> => \"<span class=sf-dump-str title=\"6 characters\">colors</span>\"
    <span class=sf-dump-index>14</span> => \"<span class=sf-dump-str title=\"14 characters\">choice_options</span>\"
    <span class=sf-dump-index>15</span> => \"<span class=sf-dump-str title=\"10 characters\">variations</span>\"
    <span class=sf-dump-index>16</span> => \"<span class=sf-dump-str title=\"13 characters\">thumbnail_img</span>\"
    <span class=sf-dump-index>17</span> => \"<span class=sf-dump-str title=\"6 characters\">photos</span>\"
    <span class=sf-dump-index>18</span> => \"<span class=sf-dump-str title=\"11 characters\">description</span>\"
    <span class=sf-dump-index>19</span> => \"<span class=sf-dump-str title=\"10 characters\">meta_title</span>\"
    <span class=sf-dump-index>20</span> => \"<span class=sf-dump-str title=\"16 characters\">meta_description</span>\"
  </samp>]
  #<span class=sf-dump-protected title=\"Protected property\">guarded</span>: <span class=sf-dump-note>array:1</span> [<samp data-depth=2 class=sf-dump-compact>
    <span class=sf-dump-index>0</span> => \"<span class=sf-dump-str>*</span>\"
  </samp>]
</samp>}
</pre><script>Sfdump(\"sf-dump-1220275802\", {\"maxDepth\":3,\"maxStringLength\":160})</script>
"}},"userId":20,"exception":"[object] (Facade\\Ignition\\Exceptions\\ViewException(code: 0): Call to a member function getTranslation() on null (View: C:\\laragon\\www\\thugos\\resources\\views\\frontend\\product_details.blade.php) at C:\\laragon\\www\\thugos\\resources\\views/frontend/product_details.blade.php:197)
[stacktrace]
#0 C:\\laragon\\www\\thugos\\vendor\\laravel\\framework\\src\\Illuminate\\Filesystem\\Filesystem.php(107): require()
#1 C:\\laragon\\www\\thugos\\vendor\\laravel\\framework\\src\\Illuminate\\Filesystem\\Filesystem.php(108): Illuminate\\Filesystem\\Filesystem::Illuminate\\Filesystem\\{closure}()
#2 C:\\laragon\\www\\thugos\\vendor\\laravel\\framework\\src\\Illuminate\\View\\Engines\\PhpEngine.php(58): Illuminate\\Filesystem\\Filesystem->getRequire('C:\\\\laragon\\\\www\\\\...', Array)
#3 C:\\laragon\\www\\thugos\\vendor\\laravel\\framework\\src\\Illuminate\\View\\Engines\\CompilerEngine.php(61): Illuminate\\View\\Engines\\PhpEngine->evaluatePath('C:\\\\laragon\\\\www\\\\...', Array)
#4 C:\\laragon\\www\\thugos\\vendor\\facade\\ignition\\src\\Views\\Engines\\CompilerEngine.php(37): Illuminate\\View\\Engines\\CompilerEngine->get('C:\\\\laragon\\\\www\\\\...', Array)
#5 C:\\laragon\\www\\thugos\\vendor\\laravel\\framework\\src\\Illuminate\\View\\View.php(139): Facade\\Ignition\\Views\\Engines\\CompilerEngine->get('C:\\\\laragon\\\\www\\\\...', Array)
#6 C:\\laragon\\www\\thugos\\vendor\\laravel\\framework\\src\\Illuminate\\View\\View.php(122): Illuminate\\View\\View->getContents()
#7 C:\\laragon\\www\\thugos\\vendor\\laravel\\framework\\src\\Illuminate\\View\\View.php(91): Illuminate\\View\\View->renderContents()
#8 C:\\laragon\\www\\thugos\\vendor\\laravel\\framework\\src\\Illuminate\\Http\\Response.php(69): Illuminate\\View\\View->render()
#9 C:\\laragon\\www\\thugos\\vendor\\laravel\\framework\\src\\Illuminate\\Http\\Response.php(35): Illuminate\\Http\\Response->setContent(Object(Illuminate\\View\\View))
#10 C:\\laragon\\www\\thugos\\vendor\\laravel\\framework\\src\\Illuminate\\Routing\\Router.php(820): Illuminate\\Http\\Response->__construct(Object(Illuminate\\View\\View), 200, Array)
#11 C:\\laragon\\www\\thugos\\vendor\\laravel\\framework\\src\\Illuminate\\Routing\\Router.php(789): Illuminate\\Routing\\Router::toResponse(Object(Illuminate\\Http\\Request), Object(Illuminate\\View\\View))
#12 C:\\laragon\\www\\thugos\\vendor\\laravel\\framework\\src\\Illuminate\\Routing\\Router.php(720): Illuminate\\Routing\\Router->prepareResponse(Object(Illuminate\\Http\\Request), Object(Illuminate\\View\\View))
#13 C:\\laragon\\www\\thugos\\vendor\\laravel\\framework\\src\\Illuminate\\Pipeline\\Pipeline.php(128): Illuminate\\Routing\\Router->Illuminate\\Routing\\{closure}(Object(Illuminate\\Http\\Request))
#14 C:\\laragon\\www\\thugos\\app\\Http\\Middleware\\CheckForMaintenanceMode.php(58): Illuminate\\Pipeline\\Pipeline->Illuminate\\Pipeline\\{closure}(Object(Illuminate\\Http\\Request))
#15 C:\\laragon\\www\\thugos\\vendor\\laravel\\framework\\src\\Illuminate\\Pipeline\\Pipeline.php(167): App\\Http\\Middleware\\CheckForMaintenanceMode->handle(Object(Illuminate\\Http\\Request), Object(Closure))
#16 C:\\laragon\\www\\thugos\\app\\Http\\Middleware\\HttpsProtocol.php(20): Illuminate\\Pipeline\\Pipeline->Illuminate\\Pipeline\\{closure}(Object(Illuminate\\Http\\Request))
#17 C:\\laragon\\www\\thugos\\vendor\\laravel\\framework\\src\\Illuminate\\Pipeline\\Pipeline.php(167): App\\Http\\Middleware\\HttpsProtocol->handle(Object(Illuminate\\Http\\Request), Object(Closure))
#18 C:\\laragon\\www\\thugos\\app\\Http\\Middleware\\Language.php(31): Illuminate\\Pipeline\\Pipeline->Illuminate\\Pipeline\\{closure}(Object(Illuminate\\Http\\Request))
#19 C:\\laragon\\www\\thugos\\vendor\\laravel\\framework\\src\\Illuminate\\Pipeline\\Pipeline.php(167): App\\Http\\Middleware\\Language->handle(Object(Illuminate\\Http\\Request), Object(Closure))
#20 C:\\laragon\\www\\thugos\\vendor\\laravel\\framework\\src\\Illuminate\\Routing\\Middleware\\SubstituteBindings.php(50): Illuminate\\Pipeline\\Pipeline->Illuminate\\Pipeline\\{closure}(Object(Illuminate\\Http\\Request))
#21 C:\\laragon\\www\\thugos\\vendor\\laravel\\framework\\src\\Illuminate\\Pipeline\\Pipeline.php(167): Illuminate\\Routing\\Middleware\\SubstituteBindings->handle(Object(Illuminate\\Http\\Request), Object(Closure))
#22 C:\\laragon\\www\\thugos\\vendor\\laravel\\framework\\src\\Illuminate\\Foundation\\Http\\Middleware\\VerifyCsrfToken.php(78): Illuminate\\Pipeline\\Pipeline->Illuminate\\Pipeline\\{closure}(Object(Illuminate\\Http\\Request))
#23 C:\\laragon\\www\\thugos\\vendor\\laravel\\framework\\src\\Illuminate\\Pipeline\\Pipeline.php(167): Illuminate\\Foundation\\Http\\Middleware\\VerifyCsrfToken->handle(Object(Illuminate\\Http\\Request), Object(Closure))
#24 C:\\laragon\\www\\thugos\\vendor\\laravel\\framework\\src\\Illuminate\\View\\Middleware\\ShareErrorsFromSession.php(49): Illuminate\\Pipeline\\Pipeline->Illuminate\\Pipeline\\{closure}(Object(Illuminate\\Http\\Request))
#25 C:\\laragon\\www\\thugos\\vendor\\laravel\\framework\\src\\Illuminate\\Pipeline\\Pipeline.php(167): Illuminate\\View\\Middleware\\ShareErrorsFromSession->handle(Object(Illuminate\\Http\\Request), Object(Closure))
#26 C:\\laragon\\www\\thugos\\vendor\\laravel\\framework\\src\\Illuminate\\Session\\Middleware\\StartSession.php(121): Illuminate\\Pipeline\\Pipeline->Illuminate\\Pipeline\\{closure}(Object(Illuminate\\Http\\Request))
#27 C:\\laragon\\www\\thugos\\vendor\\laravel\\framework\\src\\Illuminate\\Session\\Middleware\\StartSession.php(64): Illuminate\\Session\\Middleware\\StartSession->handleStatefulRequest(Object(Illuminate\\Http\\Request), Object(Illuminate\\Session\\Store), Object(Closure))
#28 C:\\laragon\\www\\thugos\\vendor\\laravel\\framework\\src\\Illuminate\\Pipeline\\Pipeline.php(167): Illuminate\\Session\\Middleware\\StartSession->handle(Object(Illuminate\\Http\\Request), Object(Closure))
#29 C:\\laragon\\www\\thugos\\vendor\\laravel\\framework\\src\\Illuminate\\Cookie\\Middleware\\AddQueuedCookiesToResponse.php(37): Illuminate\\Pipeline\\Pipeline->Illuminate\\Pipeline\\{closure}(Object(Illuminate\\Http\\Request))
#30 C:\\laragon\\www\\thugos\\vendor\\laravel\\framework\\src\\Illuminate\\Pipeline\\Pipeline.php(167): Illuminate\\Cookie\\Middleware\\AddQueuedCookiesToResponse->handle(Object(Illuminate\\Http\\Request), Object(Closure))
#31 C:\\laragon\\www\\thugos\\vendor\\laravel\\framework\\src\\Illuminate\\Pipeline\\Pipeline.php(103): Illuminate\\Pipeline\\Pipeline->Illuminate\\Pipeline\\{closure}(Object(Illuminate\\Http\\Request))
#32 C:\\laragon\\www\\thugos\\vendor\\laravel\\framework\\src\\Illuminate\\Routing\\Router.php(719): Illuminate\\Pipeline\\Pipeline->then(Object(Closure))
#33 C:\\laragon\\www\\thugos\\vendor\\laravel\\framework\\src\\Illuminate\\Routing\\Router.php(698): Illuminate\\Routing\\Router->runRouteWithinStack(Object(Illuminate\\Routing\\Route), Object(Illuminate\\Http\\Request))
#34 C:\\laragon\\www\\thugos\\vendor\\laravel\\framework\\src\\Illuminate\\Routing\\Router.php(662): Illuminate\\Routing\\Router->runRoute(Object(Illuminate\\Http\\Request), Object(Illuminate\\Routing\\Route))
#35 C:\\laragon\\www\\thugos\\vendor\\laravel\\framework\\src\\Illuminate\\Routing\\Router.php(651): Illuminate\\Routing\\Router->dispatchToRoute(Object(Illuminate\\Http\\Request))
#36 C:\\laragon\\www\\thugos\\vendor\\laravel\\framework\\src\\Illuminate\\Foundation\\Http\\Kernel.php(167): Illuminate\\Routing\\Router->dispatch(Object(Illuminate\\Http\\Request))
#37 C:\\laragon\\www\\thugos\\vendor\\laravel\\framework\\src\\Illuminate\\Pipeline\\Pipeline.php(128): Illuminate\\Foundation\\Http\\Kernel->Illuminate\\Foundation\\Http\\{closure}(Object(Illuminate\\Http\\Request))
#38 C:\\laragon\\www\\thugos\\vendor\\barryvdh\\laravel-debugbar\\src\\Middleware\\InjectDebugbar.php(66): Illuminate\\Pipeline\\Pipeline->Illuminate\\Pipeline\\{closure}(Object(Illuminate\\Http\\Request))
#39 C:\\laragon\\www\\thugos\\vendor\\laravel\\framework\\src\\Illuminate\\Pipeline\\Pipeline.php(167): Barryvdh\\Debugbar\\Middleware\\InjectDebugbar->handle(Object(Illuminate\\Http\\Request), Object(Closure))
#40 C:\\laragon\\www\\thugos\\vendor\\fideloper\\proxy\\src\\TrustProxies.php(57): Illuminate\\Pipeline\\Pipeline->Illuminate\\Pipeline\\{closure}(Object(Illuminate\\Http\\Request))
#41 C:\\laragon\\www\\thugos\\vendor\\laravel\\framework\\src\\Illuminate\\Pipeline\\Pipeline.php(167): Fideloper\\Proxy\\TrustProxies->handle(Object(Illuminate\\Http\\Request), Object(Closure))
#42 C:\\laragon\\www\\thugos\\vendor\\laravel\\framework\\src\\Illuminate\\Foundation\\Http\\Middleware\\TransformsRequest.php(21): Illuminate\\Pipeline\\Pipeline->Illuminate\\Pipeline\\{closure}(Object(Illuminate\\Http\\Request))
#43 C:\\laragon\\www\\thugos\\vendor\\laravel\\framework\\src\\Illuminate\\Foundation\\Http\\Middleware\\ConvertEmptyStringsToNull.php(31): Illuminate\\Foundation\\Http\\Middleware\\TransformsRequest->handle(Object(Illuminate\\Http\\Request), Object(Closure))
#44 C:\\laragon\\www\\thugos\\vendor\\laravel\\framework\\src\\Illuminate\\Pipeline\\Pipeline.php(167): Illuminate\\Foundation\\Http\\Middleware\\ConvertEmptyStringsToNull->handle(Object(Illuminate\\Http\\Request), Object(Closure))
#45 C:\\laragon\\www\\thugos\\vendor\\laravel\\framework\\src\\Illuminate\\Foundation\\Http\\Middleware\\TransformsRequest.php(21): Illuminate\\Pipeline\\Pipeline->Illuminate\\Pipeline\\{closure}(Object(Illuminate\\Http\\Request))
#46 C:\\laragon\\www\\thugos\\vendor\\laravel\\framework\\src\\Illuminate\\Foundation\\Http\\Middleware\\TrimStrings.php(40): Illuminate\\Foundation\\Http\\Middleware\\TransformsRequest->handle(Object(Illuminate\\Http\\Request), Object(Closure))
#47 C:\\laragon\\www\\thugos\\vendor\\laravel\\framework\\src\\Illuminate\\Pipeline\\Pipeline.php(167): Illuminate\\Foundation\\Http\\Middleware\\TrimStrings->handle(Object(Illuminate\\Http\\Request), Object(Closure))
#48 C:\\laragon\\www\\thugos\\vendor\\laravel\\framework\\src\\Illuminate\\Foundation\\Http\\Middleware\\ValidatePostSize.php(27): Illuminate\\Pipeline\\Pipeline->Illuminate\\Pipeline\\{closure}(Object(Illuminate\\Http\\Request))
#49 C:\\laragon\\www\\thugos\\vendor\\laravel\\framework\\src\\Illuminate\\Pipeline\\Pipeline.php(167): Illuminate\\Foundation\\Http\\Middleware\\ValidatePostSize->handle(Object(Illuminate\\Http\\Request), Object(Closure))
#50 C:\\laragon\\www\\thugos\\vendor\\laravel\\framework\\src\\Illuminate\\Pipeline\\Pipeline.php(103): Illuminate\\Pipeline\\Pipeline->Illuminate\\Pipeline\\{closure}(Object(Illuminate\\Http\\Request))
#51 C:\\laragon\\www\\thugos\\vendor\\laravel\\framework\\src\\Illuminate\\Foundation\\Http\\Kernel.php(142): Illuminate\\Pipeline\\Pipeline->then(Object(Closure))
#52 C:\\laragon\\www\\thugos\\vendor\\laravel\\framework\\src\\Illuminate\\Foundation\\Http\\Kernel.php(111): Illuminate\\Foundation\\Http\\Kernel->sendRequestThroughRouter(Object(Illuminate\\Http\\Request))
#53 C:\\laragon\\www\\thugos\\index.php(56): Illuminate\\Foundation\\Http\\Kernel->handle(Object(Illuminate\\Http\\Request))
#54 {main}

[previous exception] [object] (Error(code: 0): Call to a member function getTranslation() on null at C:\\laragon\\www\\thugos\\storage\\framework\\views\\c1db00fa2ac7e62e36e0c78b5ff5259930b59933.php:205)
[stacktrace]
#0 C:\\laragon\\www\\thugos\\vendor\\laravel\\framework\\src\\Illuminate\\Filesystem\\Filesystem.php(107): require()
#1 C:\\laragon\\www\\thugos\\vendor\\laravel\\framework\\src\\Illuminate\\Filesystem\\Filesystem.php(108): Illuminate\\Filesystem\\Filesystem::Illuminate\\Filesystem\\{closure}()
#2 C:\\laragon\\www\\thugos\\vendor\\laravel\\framework\\src\\Illuminate\\View\\Engines\\PhpEngine.php(58): Illuminate\\Filesystem\\Filesystem->getRequire('C:\\\\laragon\\\\www\\\\...', Array)
#3 C:\\laragon\\www\\thugos\\vendor\\laravel\\framework\\src\\Illuminate\\View\\Engines\\CompilerEngine.php(61): Illuminate\\View\\Engines\\PhpEngine->evaluatePath('C:\\\\laragon\\\\www\\\\...', Array)
#4 C:\\laragon\\www\\thugos\\vendor\\facade\\ignition\\src\\Views\\Engines\\CompilerEngine.php(37): Illuminate\\View\\Engines\\CompilerEngine->get('C:\\\\laragon\\\\www\\\\...', Array)
#5 C:\\laragon\\www\\thugos\\vendor\\laravel\\framework\\src\\Illuminate\\View\\View.php(139): Facade\\Ignition\\Views\\Engines\\CompilerEngine->get('C:\\\\laragon\\\\www\\\\...', Array)
#6 C:\\laragon\\www\\thugos\\vendor\\laravel\\framework\\src\\Illuminate\\View\\View.php(122): Illuminate\\View\\View->getContents()
#7 C:\\laragon\\www\\thugos\\vendor\\laravel\\framework\\src\\Illuminate\\View\\View.php(91): Illuminate\\View\\View->renderContents()
#8 C:\\laragon\\www\\thugos\\vendor\\laravel\\framework\\src\\Illuminate\\Http\\Response.php(69): Illuminate\\View\\View->render()
#9 C:\\laragon\\www\\thugos\\vendor\\laravel\\framework\\src\\Illuminate\\Http\\Response.php(35): Illuminate\\Http\\Response->setContent(Object(Illuminate\\View\\View))
#10 C:\\laragon\\www\\thugos\\vendor\\laravel\\framework\\src\\Illuminate\\Routing\\Router.php(820): Illuminate\\Http\\Response->__construct(Object(Illuminate\\View\\View), 200, Array)
#11 C:\\laragon\\www\\thugos\\vendor\\laravel\\framework\\src\\Illuminate\\Routing\\Router.php(789): Illuminate\\Routing\\Router::toResponse(Object(Illuminate\\Http\\Request), Object(Illuminate\\View\\View))
#12 C:\\laragon\\www\\thugos\\vendor\\laravel\\framework\\src\\Illuminate\\Routing\\Router.php(720): Illuminate\\Routing\\Router->prepareResponse(Object(Illuminate\\Http\\Request), Object(Illuminate\\View\\View))
#13 C:\\laragon\\www\\thugos\\vendor\\laravel\\framework\\src\\Illuminate\\Pipeline\\Pipeline.php(128): Illuminate\\Routing\\Router->Illuminate\\Routing\\{closure}(Object(Illuminate\\Http\\Request))
#14 C:\\laragon\\www\\thugos\\app\\Http\\Middleware\\CheckForMaintenanceMode.php(58): Illuminate\\Pipeline\\Pipeline->Illuminate\\Pipeline\\{closure}(Object(Illuminate\\Http\\Request))
#15 C:\\laragon\\www\\thugos\\vendor\\laravel\\framework\\src\\Illuminate\\Pipeline\\Pipeline.php(167): App\\Http\\Middleware\\CheckForMaintenanceMode->handle(Object(Illuminate\\Http\\Request), Object(Closure))
#16 C:\\laragon\\www\\thugos\\app\\Http\\Middleware\\HttpsProtocol.php(20): Illuminate\\Pipeline\\Pipeline->Illuminate\\Pipeline\\{closure}(Object(Illuminate\\Http\\Request))
#17 C:\\laragon\\www\\thugos\\vendor\\laravel\\framework\\src\\Illuminate\\Pipeline\\Pipeline.php(167): App\\Http\\Middleware\\HttpsProtocol->handle(Object(Illuminate\\Http\\Request), Object(Closure))
#18 C:\\laragon\\www\\thugos\\app\\Http\\Middleware\\Language.php(31): Illuminate\\Pipeline\\Pipeline->Illuminate\\Pipeline\\{closure}(Object(Illuminate\\Http\\Request))
#19 C:\\laragon\\www\\thugos\\vendor\\laravel\\framework\\src\\Illuminate\\Pipeline\\Pipeline.php(167): App\\Http\\Middleware\\Language->handle(Object(Illuminate\\Http\\Request), Object(Closure))
#20 C:\\laragon\\www\\thugos\\vendor\\laravel\\framework\\src\\Illuminate\\Routing\\Middleware\\SubstituteBindings.php(50): Illuminate\\Pipeline\\Pipeline->Illuminate\\Pipeline\\{closure}(Object(Illuminate\\Http\\Request))
#21 C:\\laragon\\www\\thugos\\vendor\\laravel\\framework\\src\\Illuminate\\Pipeline\\Pipeline.php(167): Illuminate\\Routing\\Middleware\\SubstituteBindings->handle(Object(Illuminate\\Http\\Request), Object(Closure))
#22 C:\\laragon\\www\\thugos\\vendor\\laravel\\framework\\src\\Illuminate\\Foundation\\Http\\Middleware\\VerifyCsrfToken.php(78): Illuminate\\Pipeline\\Pipeline->Illuminate\\Pipeline\\{closure}(Object(Illuminate\\Http\\Request))
#23 C:\\laragon\\www\\thugos\\vendor\\laravel\\framework\\src\\Illuminate\\Pipeline\\Pipeline.php(167): Illuminate\\Foundation\\Http\\Middleware\\VerifyCsrfToken->handle(Object(Illuminate\\Http\\Request), Object(Closure))
#24 C:\\laragon\\www\\thugos\\vendor\\laravel\\framework\\src\\Illuminate\\View\\Middleware\\ShareErrorsFromSession.php(49): Illuminate\\Pipeline\\Pipeline->Illuminate\\Pipeline\\{closure}(Object(Illuminate\\Http\\Request))
#25 C:\\laragon\\www\\thugos\\vendor\\laravel\\framework\\src\\Illuminate\\Pipeline\\Pipeline.php(167): Illuminate\\View\\Middleware\\ShareErrorsFromSession->handle(Object(Illuminate\\Http\\Request), Object(Closure))
#26 C:\\laragon\\www\\thugos\\vendor\\laravel\\framework\\src\\Illuminate\\Session\\Middleware\\StartSession.php(121): Illuminate\\Pipeline\\Pipeline->Illuminate\\Pipeline\\{closure}(Object(Illuminate\\Http\\Request))
#27 C:\\laragon\\www\\thugos\\vendor\\laravel\\framework\\src\\Illuminate\\Session\\Middleware\\StartSession.php(64): Illuminate\\Session\\Middleware\\StartSession->handleStatefulRequest(Object(Illuminate\\Http\\Request), Object(Illuminate\\Session\\Store), Object(Closure))
#28 C:\\laragon\\www\\thugos\\vendor\\laravel\\framework\\src\\Illuminate\\Pipeline\\Pipeline.php(167): Illuminate\\Session\\Middleware\\StartSession->handle(Object(Illuminate\\Http\\Request), Object(Closure))
#29 C:\\laragon\\www\\thugos\\vendor\\laravel\\framework\\src\\Illuminate\\Cookie\\Middleware\\AddQueuedCookiesToResponse.php(37): Illuminate\\Pipeline\\Pipeline->Illuminate\\Pipeline\\{closure}(Object(Illuminate\\Http\\Request))
#30 C:\\laragon\\www\\thugos\\vendor\\laravel\\framework\\src\\Illuminate\\Pipeline\\Pipeline.php(167): Illuminate\\Cookie\\Middleware\\AddQueuedCookiesToResponse->handle(Object(Illuminate\\Http\\Request), Object(Closure))
#31 C:\\laragon\\www\\thugos\\vendor\\laravel\\framework\\src\\Illuminate\\Pipeline\\Pipeline.php(103): Illuminate\\Pipeline\\Pipeline->Illuminate\\Pipeline\\{closure}(Object(Illuminate\\Http\\Request))
#32 C:\\laragon\\www\\thugos\\vendor\\laravel\\framework\\src\\Illuminate\\Routing\\Router.php(719): Illuminate\\Pipeline\\Pipeline->then(Object(Closure))
#33 C:\\laragon\\www\\thugos\\vendor\\laravel\\framework\\src\\Illuminate\\Routing\\Router.php(698): Illuminate\\Routing\\Router->runRouteWithinStack(Object(Illuminate\\Routing\\Route), Object(Illuminate\\Http\\Request))
#34 C:\\laragon\\www\\thugos\\vendor\\laravel\\framework\\src\\Illuminate\\Routing\\Router.php(662): Illuminate\\Routing\\Router->runRoute(Object(Illuminate\\Http\\Request), Object(Illuminate\\Routing\\Route))
#35 C:\\laragon\\www\\thugos\\vendor\\laravel\\framework\\src\\Illuminate\\Routing\\Router.php(651): Illuminate\\Routing\\Router->dispatchToRoute(Object(Illuminate\\Http\\Request))
#36 C:\\laragon\\www\\thugos\\vendor\\laravel\\framework\\src\\Illuminate\\Foundation\\Http\\Kernel.php(167): Illuminate\\Routing\\Router->dispatch(Object(Illuminate\\Http\\Request))
#37 C:\\laragon\\www\\thugos\\vendor\\laravel\\framework\\src\\Illuminate\\Pipeline\\Pipeline.php(128): Illuminate\\Foundation\\Http\\Kernel->Illuminate\\Foundation\\Http\\{closure}(Object(Illuminate\\Http\\Request))
#38 C:\\laragon\\www\\thugos\\vendor\\barryvdh\\laravel-debugbar\\src\\Middleware\\InjectDebugbar.php(66): Illuminate\\Pipeline\\Pipeline->Illuminate\\Pipeline\\{closure}(Object(Illuminate\\Http\\Request))
#39 C:\\laragon\\www\\thugos\\vendor\\laravel\\framework\\src\\Illuminate\\Pipeline\\Pipeline.php(167): Barryvdh\\Debugbar\\Middleware\\InjectDebugbar->handle(Object(Illuminate\\Http\\Request), Object(Closure))
#40 C:\\laragon\\www\\thugos\\vendor\\fideloper\\proxy\\src\\TrustProxies.php(57): Illuminate\\Pipeline\\Pipeline->Illuminate\\Pipeline\\{closure}(Object(Illuminate\\Http\\Request))
#41 C:\\laragon\\www\\thugos\\vendor\\laravel\\framework\\src\\Illuminate\\Pipeline\\Pipeline.php(167): Fideloper\\Proxy\\TrustProxies->handle(Object(Illuminate\\Http\\Request), Object(Closure))
#42 C:\\laragon\\www\\thugos\\vendor\\laravel\\framework\\src\\Illuminate\\Foundation\\Http\\Middleware\\TransformsRequest.php(21): Illuminate\\Pipeline\\Pipeline->Illuminate\\Pipeline\\{closure}(Object(Illuminate\\Http\\Request))
#43 C:\\laragon\\www\\thugos\\vendor\\laravel\\framework\\src\\Illuminate\\Foundation\\Http\\Middleware\\ConvertEmptyStringsToNull.php(31): Illuminate\\Foundation\\Http\\Middleware\\TransformsRequest->handle(Object(Illuminate\\Http\\Request), Object(Closure))
#44 C:\\laragon\\www\\thugos\\vendor\\laravel\\framework\\src\\Illuminate\\Pipeline\\Pipeline.php(167): Illuminate\\Foundation\\Http\\Middleware\\ConvertEmptyStringsToNull->handle(Object(Illuminate\\Http\\Request), Object(Closure))
#45 C:\\laragon\\www\\thugos\\vendor\\laravel\\framework\\src\\Illuminate\\Foundation\\Http\\Middleware\\TransformsRequest.php(21): Illuminate\\Pipeline\\Pipeline->Illuminate\\Pipeline\\{closure}(Object(Illuminate\\Http\\Request))
#46 C:\\laragon\\www\\thugos\\vendor\\laravel\\framework\\src\\Illuminate\\Foundation\\Http\\Middleware\\TrimStrings.php(40): Illuminate\\Foundation\\Http\\Middleware\\TransformsRequest->handle(Object(Illuminate\\Http\\Request), Object(Closure))
#47 C:\\laragon\\www\\thugos\\vendor\\laravel\\framework\\src\\Illuminate\\Pipeline\\Pipeline.php(167): Illuminate\\Foundation\\Http\\Middleware\\TrimStrings->handle(Object(Illuminate\\Http\\Request), Object(Closure))
#48 C:\\laragon\\www\\thugos\\vendor\\laravel\\framework\\src\\Illuminate\\Foundation\\Http\\Middleware\\ValidatePostSize.php(27): Illuminate\\Pipeline\\Pipeline->Illuminate\\Pipeline\\{closure}(Object(Illuminate\\Http\\Request))
#49 C:\\laragon\\www\\thugos\\vendor\\laravel\\framework\\src\\Illuminate\\Pipeline\\Pipeline.php(167): Illuminate\\Foundation\\Http\\Middleware\\ValidatePostSize->handle(Object(Illuminate\\Http\\Request), Object(Closure))
#50 C:\\laragon\\www\\thugos\\vendor\\laravel\\framework\\src\\Illuminate\\Pipeline\\Pipeline.php(103): Illuminate\\Pipeline\\Pipeline->Illuminate\\Pipeline\\{closure}(Object(Illuminate\\Http\\Request))
#51 C:\\laragon\\www\\thugos\\vendor\\laravel\\framework\\src\\Illuminate\\Foundation\\Http\\Kernel.php(142): Illuminate\\Pipeline\\Pipeline->then(Object(Closure))
#52 C:\\laragon\\www\\thugos\\vendor\\laravel\\framework\\src\\Illuminate\\Foundation\\Http\\Kernel.php(111): Illuminate\\Foundation\\Http\\Kernel->sendRequestThroughRouter(Object(Illuminate\\Http\\Request))
#53 C:\\laragon\\www\\thugos\\index.php(56): Illuminate\\Foundation\\Http\\Kernel->handle(Object(Illuminate\\Http\\Request))
#54 {main}
"} 
[2025-07-03 20:06:10] local.ERROR: Uncaught ReflectionException: Class "App\Policies\ModelPolicy" does not exist in Command line code:1
Stack trace:
#0 Command line code(1): ReflectionClass->__construct('App\\Policies\\Mo...')
#1 [internal function]: {closure}('App\\Policies\\Mo...', 'App\\Model')
#2 Command line code(1): array_map(Object(Closure), Array, Array)
#3 {main}
  thrown {"exception":"[object] (Symfony\\Component\\ErrorHandler\\Error\\FatalError(code: 0): Uncaught ReflectionException: Class \"App\\Policies\\ModelPolicy\" does not exist in Command line code:1
Stack trace:
#0 Command line code(1): ReflectionClass->__construct('App\\\\Policies\\\\Mo...')
#1 [internal function]: {closure}('App\\\\Policies\\\\Mo...', 'App\\\\Model')
#2 Command line code(1): array_map(Object(Closure), Array, Array)
#3 {main}
  thrown at Command line code:1)
[stacktrace]
#0 {main}
"} 
[2025-07-03 20:07:10] local.ERROR: Uncaught ReflectionException: Class "App\Policies\ModelPolicy" does not exist in Command line code:1
Stack trace:
#0 Command line code(1): ReflectionClass->__construct('App\\Policies\\Mo...')
#1 [internal function]: {closure}('App\\Policies\\Mo...', 'App\\Model')
#2 Command line code(1): array_map(Object(Closure), Array, Array)
#3 {main}
  thrown {"exception":"[object] (Symfony\\Component\\ErrorHandler\\Error\\FatalError(code: 0): Uncaught ReflectionException: Class \"App\\Policies\\ModelPolicy\" does not exist in Command line code:1
Stack trace:
#0 Command line code(1): ReflectionClass->__construct('App\\\\Policies\\\\Mo...')
#1 [internal function]: {closure}('App\\\\Policies\\\\Mo...', 'App\\\\Model')
#2 Command line code(1): array_map(Object(Closure), Array, Array)
#3 {main}
  thrown at Command line code:1)
[stacktrace]
#0 {main}
"} 
[2025-07-03 20:08:10] local.ERROR: Uncaught ReflectionException: Class "App\Policies\ModelPolicy" does not exist in Command line code:1
Stack trace:
#0 Command line code(1): ReflectionClass->__construct('App\\Policies\\Mo...')
#1 [internal function]: {closure}('App\\Policies\\Mo...', 'App\\Model')
#2 Command line code(1): array_map(Object(Closure), Array, Array)
#3 {main}
  thrown {"exception":"[object] (Symfony\\Component\\ErrorHandler\\Error\\FatalError(code: 0): Uncaught ReflectionException: Class \"App\\Policies\\ModelPolicy\" does not exist in Command line code:1
Stack trace:
#0 Command line code(1): ReflectionClass->__construct('App\\\\Policies\\\\Mo...')
#1 [internal function]: {closure}('App\\\\Policies\\\\Mo...', 'App\\\\Model')
#2 Command line code(1): array_map(Object(Closure), Array, Array)
#3 {main}
  thrown at Command line code:1)
[stacktrace]
#0 {main}
"} 
[2025-07-03 20:08:29] local.ERROR: Call to a member function getTranslation() on null (View: C:\laragon\www\thugos\resources\views\frontend\product_details.blade.php) {"view":{"view":"C:\\laragon\\www\\thugos\\resources\\views/frontend/product_details.blade.php","data":{"errors":"<pre class=sf-dump id=sf-dump-1476991504 data-indent-pad=\"  \"><span class=sf-dump-note>Illuminate\\Support\\ViewErrorBag</span> {<a class=sf-dump-ref>#3064</a><samp data-depth=1 class=sf-dump-expanded>
  #<span class=sf-dump-protected title=\"Protected property\">bags</span>: []
</samp>}
</pre><script>Sfdump(\"sf-dump-1476991504\", {\"maxDepth\":3,\"maxStringLength\":160})</script>
","detailedProduct":"<pre class=sf-dump id=sf-dump-1514851306 data-indent-pad=\"  \"><span class=sf-dump-note>App\\Models\\Product</span> {<a class=sf-dump-ref>#3119</a><samp data-depth=1 class=sf-dump-expanded>
  #<span class=sf-dump-protected title=\"Protected property\">connection</span>: \"<span class=sf-dump-str title=\"5 characters\">mysql</span>\"
  #<span class=sf-dump-protected title=\"Protected property\">table</span>: \"<span class=sf-dump-str title=\"8 characters\">products</span>\"
  #<span class=sf-dump-protected title=\"Protected property\">primaryKey</span>: \"<span class=sf-dump-str title=\"2 characters\">id</span>\"
  #<span class=sf-dump-protected title=\"Protected property\">keyType</span>: \"<span class=sf-dump-str title=\"3 characters\">int</span>\"
  +<span class=sf-dump-public title=\"Public property\">incrementing</span>: <span class=sf-dump-const>true</span>
  #<span class=sf-dump-protected title=\"Protected property\">with</span>: <span class=sf-dump-note>array:2</span> [<samp data-depth=2 class=sf-dump-compact>
    <span class=sf-dump-index>0</span> => \"<span class=sf-dump-str title=\"20 characters\">product_translations</span>\"
    <span class=sf-dump-index>1</span> => \"<span class=sf-dump-str title=\"5 characters\">taxes</span>\"
  </samp>]
  #<span class=sf-dump-protected title=\"Protected property\">withCount</span>: []
  +<span class=sf-dump-public title=\"Public property\">preventsLazyLoading</span>: <span class=sf-dump-const>false</span>
  #<span class=sf-dump-protected title=\"Protected property\">perPage</span>: <span class=sf-dump-num>15</span>
  +<span class=sf-dump-public title=\"Public property\">exists</span>: <span class=sf-dump-const>true</span>
  +<span class=sf-dump-public title=\"Public property\">wasRecentlyCreated</span>: <span class=sf-dump-const>false</span>
  #<span class=sf-dump-protected title=\"Protected property\">escapeWhenCastingToString</span>: <span class=sf-dump-const>false</span>
  #<span class=sf-dump-protected title=\"Protected property\">attributes</span>: <span class=sf-dump-note>array:69</span> [<samp data-depth=2 class=sf-dump-compact>
    \"<span class=sf-dump-key>id</span>\" => <span class=sf-dump-num>7</span>
    \"<span class=sf-dump-key>name</span>\" => \"<span class=sf-dump-str title=\"13 characters\">Ghost Samurai</span>\"
    \"<span class=sf-dump-key>added_by</span>\" => \"<span class=sf-dump-str title=\"5 characters\">admin</span>\"
    \"<span class=sf-dump-key>user_id</span>\" => <span class=sf-dump-num>9</span>
    \"<span class=sf-dump-key>category_id</span>\" => <span class=sf-dump-num>45</span>
    \"<span class=sf-dump-key>brand_id</span>\" => <span class=sf-dump-const>null</span>
    \"<span class=sf-dump-key>photos</span>\" => \"<span class=sf-dump-str title=\"7 characters\">271,272</span>\"
    \"<span class=sf-dump-key>thumbnail_img</span>\" => \"<span class=sf-dump-str title=\"3 characters\">272</span>\"
    \"<span class=sf-dump-key>video_provider</span>\" => \"<span class=sf-dump-str title=\"7 characters\">youtube</span>\"
    \"<span class=sf-dump-key>video_link</span>\" => <span class=sf-dump-const>null</span>
    \"<span class=sf-dump-key>tags</span>\" => <span class=sf-dump-const>null</span>
    \"<span class=sf-dump-key>description</span>\" => <span class=sf-dump-const>null</span>
    \"<span class=sf-dump-key>short_description</span>\" => \"<span class=sf-dump-str title=\"131 characters\">&lt;p&gt;&#9864; Fabrics: 100% Cotton.&lt;/p&gt;&lt;p&gt;&#9864; Fit Type: Oversized.&lt;/p&gt;&lt;p&gt;&#9864; Sleeve: Drop Shoulder / Half Sleeve.&lt;/p&gt;&lt;p&gt;&#9864; GSM: 180+(Approx).&lt;/p&gt;</span>\"
    \"<span class=sf-dump-key>faq</span>\" => <span class=sf-dump-const>null</span>
    \"<span class=sf-dump-key>ingredients</span>\" => <span class=sf-dump-const>null</span>
    \"<span class=sf-dump-key>unit_price</span>\" => <span class=sf-dump-num>499.0</span>
    \"<span class=sf-dump-key>purchase_price</span>\" => <span class=sf-dump-const>null</span>
    \"<span class=sf-dump-key>variant_product</span>\" => <span class=sf-dump-num>1</span>
    \"<span class=sf-dump-key>attributes</span>\" => \"<span class=sf-dump-str title=\"9 characters\">[&quot;1&quot;,&quot;6&quot;]</span>\"
    \"<span class=sf-dump-key>choice_options</span>\" => \"<span class=sf-dump-str title=\"107 characters\">[{&quot;attribute_id&quot;:&quot;1&quot;,&quot;values&quot;:[&quot;M&quot;,&quot;L&quot;,&quot;XL&quot;]},{&quot;attribute_id&quot;:&quot;6&quot;,&quot;values&quot;:[&quot;Drop Shoulder&quot;,&quot;Half Selve&quot;]}]</span>\"
    \"<span class=sf-dump-key>colors</span>\" => \"<span class=sf-dump-str title=\"21 characters\">[&quot;#000000&quot;,&quot;#FFFFFF&quot;]</span>\"
    \"<span class=sf-dump-key>variations</span>\" => <span class=sf-dump-const>null</span>
    \"<span class=sf-dump-key>todays_deal</span>\" => <span class=sf-dump-num>0</span>
    \"<span class=sf-dump-key>published</span>\" => <span class=sf-dump-num>1</span>
    \"<span class=sf-dump-key>approved</span>\" => <span class=sf-dump-num>1</span>
    \"<span class=sf-dump-key>stock_visibility_state</span>\" => \"<span class=sf-dump-str title=\"8 characters\">quantity</span>\"
    \"<span class=sf-dump-key>cash_on_delivery</span>\" => <span class=sf-dump-num>1</span>
    \"<span class=sf-dump-key>featured</span>\" => <span class=sf-dump-num>0</span>
    \"<span class=sf-dump-key>seller_featured</span>\" => <span class=sf-dump-num>0</span>
    \"<span class=sf-dump-key>current_stock</span>\" => <span class=sf-dump-num>0</span>
    \"<span class=sf-dump-key>unit</span>\" => \"<span class=sf-dump-str title=\"4 characters\">pice</span>\"
    \"<span class=sf-dump-key>min_qty</span>\" => <span class=sf-dump-num>1</span>
    \"<span class=sf-dump-key>low_stock_quantity</span>\" => <span class=sf-dump-num>1</span>
    \"<span class=sf-dump-key>discount</span>\" => <span class=sf-dump-num>0.0</span>
    \"<span class=sf-dump-key>discount_type</span>\" => \"<span class=sf-dump-str title=\"6 characters\">amount</span>\"
    \"<span class=sf-dump-key>discount_start_date</span>\" => <span class=sf-dump-const>null</span>
    \"<span class=sf-dump-key>discount_end_date</span>\" => <span class=sf-dump-const>null</span>
    \"<span class=sf-dump-key>starting_bid</span>\" => <span class=sf-dump-num>0.0</span>
    \"<span class=sf-dump-key>auction_start_date</span>\" => <span class=sf-dump-const>null</span>
    \"<span class=sf-dump-key>auction_end_date</span>\" => <span class=sf-dump-const>null</span>
    \"<span class=sf-dump-key>tax</span>\" => <span class=sf-dump-const>null</span>
    \"<span class=sf-dump-key>tax_type</span>\" => <span class=sf-dump-const>null</span>
    \"<span class=sf-dump-key>shipping_type</span>\" => <span class=sf-dump-const>null</span>
    \"<span class=sf-dump-key>shipping_cost</span>\" => <span class=sf-dump-const>null</span>
    \"<span class=sf-dump-key>is_quantity_multiplied</span>\" => <span class=sf-dump-num>0</span>
    \"<span class=sf-dump-key>est_shipping_days</span>\" => <span class=sf-dump-const>null</span>
    \"<span class=sf-dump-key>num_of_sale</span>\" => <span class=sf-dump-num>0</span>
    \"<span class=sf-dump-key>meta_title</span>\" => \"<span class=sf-dump-str title=\"13 characters\">Ghost Samurai</span>\"
    \"<span class=sf-dump-key>meta_description</span>\" => \"\"
    \"<span class=sf-dump-key>meta_img</span>\" => \"<span class=sf-dump-str title=\"3 characters\">272</span>\"
    \"<span class=sf-dump-key>pdf</span>\" => <span class=sf-dump-const>null</span>
    \"<span class=sf-dump-key>slug</span>\" => \"<span class=sf-dump-str title=\"13 characters\">ghost-samurai</span>\"
    \"<span class=sf-dump-key>offer_quantity</span>\" => \"<span class=sf-dump-str title=\"35 characters\">[{&quot;quantity&quot;:null,&quot;discount&quot;:null}]</span>\"
    \"<span class=sf-dump-key>offer_discount</span>\" => <span class=sf-dump-const>null</span>
    \"<span class=sf-dump-key>refundable</span>\" => <span class=sf-dump-num>0</span>
    \"<span class=sf-dump-key>earn_point</span>\" => <span class=sf-dump-num>0.0</span>
    \"<span class=sf-dump-key>rating</span>\" => <span class=sf-dump-num>0.0</span>
    \"<span class=sf-dump-key>barcode</span>\" => <span class=sf-dump-const>null</span>
    \"<span class=sf-dump-key>digital</span>\" => <span class=sf-dump-num>0</span>
    \"<span class=sf-dump-key>auction_product</span>\" => <span class=sf-dump-num>0</span>
    \"<span class=sf-dump-key>file_name</span>\" => <span class=sf-dump-const>null</span>
    \"<span class=sf-dump-key>file_path</span>\" => <span class=sf-dump-const>null</span>
    \"<span class=sf-dump-key>external_link</span>\" => <span class=sf-dump-const>null</span>
    \"<span class=sf-dump-key>external_link_btn</span>\" => <span class=sf-dump-const>null</span>
    \"<span class=sf-dump-key>wholesale_product</span>\" => <span class=sf-dump-num>0</span>
    \"<span class=sf-dump-key>new_discount</span>\" => <span class=sf-dump-const>null</span>
    \"<span class=sf-dump-key>new_discount_type</span>\" => <span class=sf-dump-const>null</span>
    \"<span class=sf-dump-key>created_at</span>\" => \"<span class=sf-dump-str title=\"19 characters\">2025-05-26 20:16:10</span>\"
    \"<span class=sf-dump-key>updated_at</span>\" => \"<span class=sf-dump-str title=\"19 characters\">2025-07-03 00:19:25</span>\"
  </samp>]
  #<span class=sf-dump-protected title=\"Protected property\">original</span>: <span class=sf-dump-note>array:69</span> [<samp data-depth=2 class=sf-dump-compact>
    \"<span class=sf-dump-key>id</span>\" => <span class=sf-dump-num>7</span>
    \"<span class=sf-dump-key>name</span>\" => \"<span class=sf-dump-str title=\"13 characters\">Ghost Samurai</span>\"
    \"<span class=sf-dump-key>added_by</span>\" => \"<span class=sf-dump-str title=\"5 characters\">admin</span>\"
    \"<span class=sf-dump-key>user_id</span>\" => <span class=sf-dump-num>9</span>
    \"<span class=sf-dump-key>category_id</span>\" => <span class=sf-dump-num>45</span>
    \"<span class=sf-dump-key>brand_id</span>\" => <span class=sf-dump-const>null</span>
    \"<span class=sf-dump-key>photos</span>\" => \"<span class=sf-dump-str title=\"7 characters\">271,272</span>\"
    \"<span class=sf-dump-key>thumbnail_img</span>\" => \"<span class=sf-dump-str title=\"3 characters\">272</span>\"
    \"<span class=sf-dump-key>video_provider</span>\" => \"<span class=sf-dump-str title=\"7 characters\">youtube</span>\"
    \"<span class=sf-dump-key>video_link</span>\" => <span class=sf-dump-const>null</span>
    \"<span class=sf-dump-key>tags</span>\" => <span class=sf-dump-const>null</span>
    \"<span class=sf-dump-key>description</span>\" => <span class=sf-dump-const>null</span>
    \"<span class=sf-dump-key>short_description</span>\" => \"<span class=sf-dump-str title=\"131 characters\">&lt;p&gt;&#9864; Fabrics: 100% Cotton.&lt;/p&gt;&lt;p&gt;&#9864; Fit Type: Oversized.&lt;/p&gt;&lt;p&gt;&#9864; Sleeve: Drop Shoulder / Half Sleeve.&lt;/p&gt;&lt;p&gt;&#9864; GSM: 180+(Approx).&lt;/p&gt;</span>\"
    \"<span class=sf-dump-key>faq</span>\" => <span class=sf-dump-const>null</span>
    \"<span class=sf-dump-key>ingredients</span>\" => <span class=sf-dump-const>null</span>
    \"<span class=sf-dump-key>unit_price</span>\" => <span class=sf-dump-num>499.0</span>
    \"<span class=sf-dump-key>purchase_price</span>\" => <span class=sf-dump-const>null</span>
    \"<span class=sf-dump-key>variant_product</span>\" => <span class=sf-dump-num>1</span>
    \"<span class=sf-dump-key>attributes</span>\" => \"<span class=sf-dump-str title=\"9 characters\">[&quot;1&quot;,&quot;6&quot;]</span>\"
    \"<span class=sf-dump-key>choice_options</span>\" => \"<span class=sf-dump-str title=\"107 characters\">[{&quot;attribute_id&quot;:&quot;1&quot;,&quot;values&quot;:[&quot;M&quot;,&quot;L&quot;,&quot;XL&quot;]},{&quot;attribute_id&quot;:&quot;6&quot;,&quot;values&quot;:[&quot;Drop Shoulder&quot;,&quot;Half Selve&quot;]}]</span>\"
    \"<span class=sf-dump-key>colors</span>\" => \"<span class=sf-dump-str title=\"21 characters\">[&quot;#000000&quot;,&quot;#FFFFFF&quot;]</span>\"
    \"<span class=sf-dump-key>variations</span>\" => <span class=sf-dump-const>null</span>
    \"<span class=sf-dump-key>todays_deal</span>\" => <span class=sf-dump-num>0</span>
    \"<span class=sf-dump-key>published</span>\" => <span class=sf-dump-num>1</span>
    \"<span class=sf-dump-key>approved</span>\" => <span class=sf-dump-num>1</span>
    \"<span class=sf-dump-key>stock_visibility_state</span>\" => \"<span class=sf-dump-str title=\"8 characters\">quantity</span>\"
    \"<span class=sf-dump-key>cash_on_delivery</span>\" => <span class=sf-dump-num>1</span>
    \"<span class=sf-dump-key>featured</span>\" => <span class=sf-dump-num>0</span>
    \"<span class=sf-dump-key>seller_featured</span>\" => <span class=sf-dump-num>0</span>
    \"<span class=sf-dump-key>current_stock</span>\" => <span class=sf-dump-num>0</span>
    \"<span class=sf-dump-key>unit</span>\" => \"<span class=sf-dump-str title=\"4 characters\">pice</span>\"
    \"<span class=sf-dump-key>min_qty</span>\" => <span class=sf-dump-num>1</span>
    \"<span class=sf-dump-key>low_stock_quantity</span>\" => <span class=sf-dump-num>1</span>
    \"<span class=sf-dump-key>discount</span>\" => <span class=sf-dump-num>0.0</span>
    \"<span class=sf-dump-key>discount_type</span>\" => \"<span class=sf-dump-str title=\"6 characters\">amount</span>\"
    \"<span class=sf-dump-key>discount_start_date</span>\" => <span class=sf-dump-const>null</span>
    \"<span class=sf-dump-key>discount_end_date</span>\" => <span class=sf-dump-const>null</span>
    \"<span class=sf-dump-key>starting_bid</span>\" => <span class=sf-dump-num>0.0</span>
    \"<span class=sf-dump-key>auction_start_date</span>\" => <span class=sf-dump-const>null</span>
    \"<span class=sf-dump-key>auction_end_date</span>\" => <span class=sf-dump-const>null</span>
    \"<span class=sf-dump-key>tax</span>\" => <span class=sf-dump-const>null</span>
    \"<span class=sf-dump-key>tax_type</span>\" => <span class=sf-dump-const>null</span>
    \"<span class=sf-dump-key>shipping_type</span>\" => <span class=sf-dump-const>null</span>
    \"<span class=sf-dump-key>shipping_cost</span>\" => <span class=sf-dump-const>null</span>
    \"<span class=sf-dump-key>is_quantity_multiplied</span>\" => <span class=sf-dump-num>0</span>
    \"<span class=sf-dump-key>est_shipping_days</span>\" => <span class=sf-dump-const>null</span>
    \"<span class=sf-dump-key>num_of_sale</span>\" => <span class=sf-dump-num>0</span>
    \"<span class=sf-dump-key>meta_title</span>\" => \"<span class=sf-dump-str title=\"13 characters\">Ghost Samurai</span>\"
    \"<span class=sf-dump-key>meta_description</span>\" => \"\"
    \"<span class=sf-dump-key>meta_img</span>\" => \"<span class=sf-dump-str title=\"3 characters\">272</span>\"
    \"<span class=sf-dump-key>pdf</span>\" => <span class=sf-dump-const>null</span>
    \"<span class=sf-dump-key>slug</span>\" => \"<span class=sf-dump-str title=\"13 characters\">ghost-samurai</span>\"
    \"<span class=sf-dump-key>offer_quantity</span>\" => \"<span class=sf-dump-str title=\"35 characters\">[{&quot;quantity&quot;:null,&quot;discount&quot;:null}]</span>\"
    \"<span class=sf-dump-key>offer_discount</span>\" => <span class=sf-dump-const>null</span>
    \"<span class=sf-dump-key>refundable</span>\" => <span class=sf-dump-num>0</span>
    \"<span class=sf-dump-key>earn_point</span>\" => <span class=sf-dump-num>0.0</span>
    \"<span class=sf-dump-key>rating</span>\" => <span class=sf-dump-num>0.0</span>
    \"<span class=sf-dump-key>barcode</span>\" => <span class=sf-dump-const>null</span>
    \"<span class=sf-dump-key>digital</span>\" => <span class=sf-dump-num>0</span>
    \"<span class=sf-dump-key>auction_product</span>\" => <span class=sf-dump-num>0</span>
    \"<span class=sf-dump-key>file_name</span>\" => <span class=sf-dump-const>null</span>
    \"<span class=sf-dump-key>file_path</span>\" => <span class=sf-dump-const>null</span>
    \"<span class=sf-dump-key>external_link</span>\" => <span class=sf-dump-const>null</span>
    \"<span class=sf-dump-key>external_link_btn</span>\" => <span class=sf-dump-const>null</span>
    \"<span class=sf-dump-key>wholesale_product</span>\" => <span class=sf-dump-num>0</span>
    \"<span class=sf-dump-key>new_discount</span>\" => <span class=sf-dump-const>null</span>
    \"<span class=sf-dump-key>new_discount_type</span>\" => <span class=sf-dump-const>null</span>
    \"<span class=sf-dump-key>created_at</span>\" => \"<span class=sf-dump-str title=\"19 characters\">2025-05-26 20:16:10</span>\"
    \"<span class=sf-dump-key>updated_at</span>\" => \"<span class=sf-dump-str title=\"19 characters\">2025-07-03 00:19:25</span>\"
  </samp>]
  #<span class=sf-dump-protected title=\"Protected property\">changes</span>: []
  #<span class=sf-dump-protected title=\"Protected property\">casts</span>: []
  #<span class=sf-dump-protected title=\"Protected property\">classCastCache</span>: []
  #<span class=sf-dump-protected title=\"Protected property\">attributeCastCache</span>: []
  #<span class=sf-dump-protected title=\"Protected property\">dates</span>: []
  #<span class=sf-dump-protected title=\"Protected property\">dateFormat</span>: <span class=sf-dump-const>null</span>
  #<span class=sf-dump-protected title=\"Protected property\">appends</span>: []
  #<span class=sf-dump-protected title=\"Protected property\">dispatchesEvents</span>: []
  #<span class=sf-dump-protected title=\"Protected property\">observables</span>: []
  #<span class=sf-dump-protected title=\"Protected property\">relations</span>: <span class=sf-dump-note>array:6</span> [<samp data-depth=2 class=sf-dump-compact>
    \"<span class=sf-dump-key>product_translations</span>\" => <span class=sf-dump-note title=\"Illuminate\\Database\\Eloquent\\Collection
\"><span class=\"sf-dump-ellipsis sf-dump-ellipsis-note\">Illuminate\\Database\\Eloquent</span><span class=\"sf-dump-ellipsis sf-dump-ellipsis-note\">\\</span>Collection</span> {<a class=sf-dump-ref>#3112</a><samp data-depth=3 class=sf-dump-compact>
      #<span class=sf-dump-protected title=\"Protected property\">items</span>: <span class=sf-dump-note>array:1</span> [ &#8230;1]
      #<span class=sf-dump-protected title=\"Protected property\">escapeWhenCastingToString</span>: <span class=sf-dump-const>false</span>
    </samp>}
    \"<span class=sf-dump-key>taxes</span>\" => <span class=sf-dump-note title=\"Illuminate\\Database\\Eloquent\\Collection
\"><span class=\"sf-dump-ellipsis sf-dump-ellipsis-note\">Illuminate\\Database\\Eloquent</span><span class=\"sf-dump-ellipsis sf-dump-ellipsis-note\">\\</span>Collection</span> {<a class=sf-dump-ref>#3084</a><samp data-depth=3 class=sf-dump-compact>
      #<span class=sf-dump-protected title=\"Protected property\">items</span>: []
      #<span class=sf-dump-protected title=\"Protected property\">escapeWhenCastingToString</span>: <span class=sf-dump-const>false</span>
    </samp>}
    \"<span class=sf-dump-key>reviews</span>\" => <span class=sf-dump-note title=\"Illuminate\\Database\\Eloquent\\Collection
\"><span class=\"sf-dump-ellipsis sf-dump-ellipsis-note\">Illuminate\\Database\\Eloquent</span><span class=\"sf-dump-ellipsis sf-dump-ellipsis-note\">\\</span>Collection</span> {<a class=sf-dump-ref>#3131</a><samp data-depth=3 class=sf-dump-compact>
      #<span class=sf-dump-protected title=\"Protected property\">items</span>: []
      #<span class=sf-dump-protected title=\"Protected property\">escapeWhenCastingToString</span>: <span class=sf-dump-const>false</span>
    </samp>}
    \"<span class=sf-dump-key>brand</span>\" => <span class=sf-dump-const>null</span>
    \"<span class=sf-dump-key>stocks</span>\" => <span class=sf-dump-note title=\"Illuminate\\Database\\Eloquent\\Collection
\"><span class=\"sf-dump-ellipsis sf-dump-ellipsis-note\">Illuminate\\Database\\Eloquent</span><span class=\"sf-dump-ellipsis sf-dump-ellipsis-note\">\\</span>Collection</span> {<a class=sf-dump-ref>#3106</a><samp data-depth=3 class=sf-dump-compact>
      #<span class=sf-dump-protected title=\"Protected property\">items</span>: <span class=sf-dump-note>array:12</span> [ &#8230;12]
      #<span class=sf-dump-protected title=\"Protected property\">escapeWhenCastingToString</span>: <span class=sf-dump-const>false</span>
    </samp>}
    \"<span class=sf-dump-key>user</span>\" => <span class=sf-dump-note title=\"App\\Models\\User
\"><span class=\"sf-dump-ellipsis sf-dump-ellipsis-note\">App\\Models</span><span class=\"sf-dump-ellipsis sf-dump-ellipsis-note\">\\</span>User</span> {<a class=sf-dump-ref>#3176</a><samp data-depth=3 class=sf-dump-compact>
      #<span class=sf-dump-protected title=\"Protected property\">connection</span>: \"<span class=sf-dump-str title=\"5 characters\">mysql</span>\"
      #<span class=sf-dump-protected title=\"Protected property\">table</span>: \"<span class=sf-dump-str title=\"5 characters\">users</span>\"
      #<span class=sf-dump-protected title=\"Protected property\">primaryKey</span>: \"<span class=sf-dump-str title=\"2 characters\">id</span>\"
      #<span class=sf-dump-protected title=\"Protected property\">keyType</span>: \"<span class=sf-dump-str title=\"3 characters\">int</span>\"
      +<span class=sf-dump-public title=\"Public property\">incrementing</span>: <span class=sf-dump-const>true</span>
      #<span class=sf-dump-protected title=\"Protected property\">with</span>: []
      #<span class=sf-dump-protected title=\"Protected property\">withCount</span>: []
      +<span class=sf-dump-public title=\"Public property\">preventsLazyLoading</span>: <span class=sf-dump-const>false</span>
      #<span class=sf-dump-protected title=\"Protected property\">perPage</span>: <span class=sf-dump-num>15</span>
      +<span class=sf-dump-public title=\"Public property\">exists</span>: <span class=sf-dump-const>true</span>
      +<span class=sf-dump-public title=\"Public property\">wasRecentlyCreated</span>: <span class=sf-dump-const>false</span>
      #<span class=sf-dump-protected title=\"Protected property\">escapeWhenCastingToString</span>: <span class=sf-dump-const>false</span>
      #<span class=sf-dump-protected title=\"Protected property\">attributes</span>: <span class=sf-dump-note>array:27</span> [ &#8230;27]
      #<span class=sf-dump-protected title=\"Protected property\">original</span>: <span class=sf-dump-note>array:27</span> [ &#8230;27]
      #<span class=sf-dump-protected title=\"Protected property\">changes</span>: []
      #<span class=sf-dump-protected title=\"Protected property\">casts</span>: []
      #<span class=sf-dump-protected title=\"Protected property\">classCastCache</span>: []
      #<span class=sf-dump-protected title=\"Protected property\">attributeCastCache</span>: []
      #<span class=sf-dump-protected title=\"Protected property\">dates</span>: []
      #<span class=sf-dump-protected title=\"Protected property\">dateFormat</span>: <span class=sf-dump-const>null</span>
      #<span class=sf-dump-protected title=\"Protected property\">appends</span>: []
      #<span class=sf-dump-protected title=\"Protected property\">dispatchesEvents</span>: []
      #<span class=sf-dump-protected title=\"Protected property\">observables</span>: []
      #<span class=sf-dump-protected title=\"Protected property\">relations</span>: <span class=sf-dump-note>array:1</span> [ &#8230;1]
      #<span class=sf-dump-protected title=\"Protected property\">touches</span>: []
      +<span class=sf-dump-public title=\"Public property\">timestamps</span>: <span class=sf-dump-const>true</span>
      #<span class=sf-dump-protected title=\"Protected property\">hidden</span>: <span class=sf-dump-note>array:2</span> [ &#8230;2]
      #<span class=sf-dump-protected title=\"Protected property\">visible</span>: []
      #<span class=sf-dump-protected title=\"Protected property\">fillable</span>: <span class=sf-dump-note>array:11</span> [ &#8230;11]
      #<span class=sf-dump-protected title=\"Protected property\">guarded</span>: <span class=sf-dump-note>array:1</span> [ &#8230;1]
      #<span class=sf-dump-protected title=\"Protected property\">rememberTokenName</span>: \"<span class=sf-dump-str title=\"14 characters\">remember_token</span>\"
      #<span class=sf-dump-protected title=\"Protected property\">accessToken</span>: <span class=sf-dump-const>null</span>
    </samp>}
  </samp>]
  #<span class=sf-dump-protected title=\"Protected property\">touches</span>: []
  +<span class=sf-dump-public title=\"Public property\">timestamps</span>: <span class=sf-dump-const>true</span>
  #<span class=sf-dump-protected title=\"Protected property\">hidden</span>: []
  #<span class=sf-dump-protected title=\"Protected property\">visible</span>: []
  #<span class=sf-dump-protected title=\"Protected property\">fillable</span>: <span class=sf-dump-note>array:21</span> [<samp data-depth=2 class=sf-dump-compact>
    <span class=sf-dump-index>0</span> => \"<span class=sf-dump-str title=\"4 characters\">name</span>\"
    <span class=sf-dump-index>1</span> => \"<span class=sf-dump-str title=\"8 characters\">added_by</span>\"
    <span class=sf-dump-index>2</span> => \"<span class=sf-dump-str title=\"7 characters\">user_id</span>\"
    <span class=sf-dump-index>3</span> => \"<span class=sf-dump-str title=\"11 characters\">category_id</span>\"
    <span class=sf-dump-index>4</span> => \"<span class=sf-dump-str title=\"8 characters\">brand_id</span>\"
    <span class=sf-dump-index>5</span> => \"<span class=sf-dump-str title=\"14 characters\">video_provider</span>\"
    <span class=sf-dump-index>6</span> => \"<span class=sf-dump-str title=\"10 characters\">video_link</span>\"
    <span class=sf-dump-index>7</span> => \"<span class=sf-dump-str title=\"10 characters\">unit_price</span>\"
    <span class=sf-dump-index>8</span> => \"<span class=sf-dump-str title=\"14 characters\">purchase_price</span>\"
    <span class=sf-dump-index>9</span> => \"<span class=sf-dump-str title=\"8 characters\">discount</span>\"
    <span class=sf-dump-index>10</span> => \"<span class=sf-dump-str title=\"13 characters\">discount_type</span>\"
    <span class=sf-dump-index>11</span> => \"<span class=sf-dump-str title=\"4 characters\">unit</span>\"
    <span class=sf-dump-index>12</span> => \"<span class=sf-dump-str title=\"4 characters\">slug</span>\"
    <span class=sf-dump-index>13</span> => \"<span class=sf-dump-str title=\"6 characters\">colors</span>\"
    <span class=sf-dump-index>14</span> => \"<span class=sf-dump-str title=\"14 characters\">choice_options</span>\"
    <span class=sf-dump-index>15</span> => \"<span class=sf-dump-str title=\"10 characters\">variations</span>\"
    <span class=sf-dump-index>16</span> => \"<span class=sf-dump-str title=\"13 characters\">thumbnail_img</span>\"
    <span class=sf-dump-index>17</span> => \"<span class=sf-dump-str title=\"6 characters\">photos</span>\"
    <span class=sf-dump-index>18</span> => \"<span class=sf-dump-str title=\"11 characters\">description</span>\"
    <span class=sf-dump-index>19</span> => \"<span class=sf-dump-str title=\"10 characters\">meta_title</span>\"
    <span class=sf-dump-index>20</span> => \"<span class=sf-dump-str title=\"16 characters\">meta_description</span>\"
  </samp>]
  #<span class=sf-dump-protected title=\"Protected property\">guarded</span>: <span class=sf-dump-note>array:1</span> [<samp data-depth=2 class=sf-dump-compact>
    <span class=sf-dump-index>0</span> => \"<span class=sf-dump-str>*</span>\"
  </samp>]
</samp>}
</pre><script>Sfdump(\"sf-dump-1514851306\", {\"maxDepth\":3,\"maxStringLength\":160})</script>
"}},"userId":20,"exception":"[object] (Facade\\Ignition\\Exceptions\\ViewException(code: 0): Call to a member function getTranslation() on null (View: C:\\laragon\\www\\thugos\\resources\\views\\frontend\\product_details.blade.php) at C:\\laragon\\www\\thugos\\resources\\views/frontend/product_details.blade.php:197)
[stacktrace]
#0 C:\\laragon\\www\\thugos\\vendor\\laravel\\framework\\src\\Illuminate\\Filesystem\\Filesystem.php(107): require()
#1 C:\\laragon\\www\\thugos\\vendor\\laravel\\framework\\src\\Illuminate\\Filesystem\\Filesystem.php(108): Illuminate\\Filesystem\\Filesystem::Illuminate\\Filesystem\\{closure}()
#2 C:\\laragon\\www\\thugos\\vendor\\laravel\\framework\\src\\Illuminate\\View\\Engines\\PhpEngine.php(58): Illuminate\\Filesystem\\Filesystem->getRequire('C:\\\\laragon\\\\www\\\\...', Array)
#3 C:\\laragon\\www\\thugos\\vendor\\laravel\\framework\\src\\Illuminate\\View\\Engines\\CompilerEngine.php(61): Illuminate\\View\\Engines\\PhpEngine->evaluatePath('C:\\\\laragon\\\\www\\\\...', Array)
#4 C:\\laragon\\www\\thugos\\vendor\\facade\\ignition\\src\\Views\\Engines\\CompilerEngine.php(37): Illuminate\\View\\Engines\\CompilerEngine->get('C:\\\\laragon\\\\www\\\\...', Array)
#5 C:\\laragon\\www\\thugos\\vendor\\laravel\\framework\\src\\Illuminate\\View\\View.php(139): Facade\\Ignition\\Views\\Engines\\CompilerEngine->get('C:\\\\laragon\\\\www\\\\...', Array)
#6 C:\\laragon\\www\\thugos\\vendor\\laravel\\framework\\src\\Illuminate\\View\\View.php(122): Illuminate\\View\\View->getContents()
#7 C:\\laragon\\www\\thugos\\vendor\\laravel\\framework\\src\\Illuminate\\View\\View.php(91): Illuminate\\View\\View->renderContents()
#8 C:\\laragon\\www\\thugos\\vendor\\laravel\\framework\\src\\Illuminate\\Http\\Response.php(69): Illuminate\\View\\View->render()
#9 C:\\laragon\\www\\thugos\\vendor\\laravel\\framework\\src\\Illuminate\\Http\\Response.php(35): Illuminate\\Http\\Response->setContent(Object(Illuminate\\View\\View))
#10 C:\\laragon\\www\\thugos\\vendor\\laravel\\framework\\src\\Illuminate\\Routing\\Router.php(820): Illuminate\\Http\\Response->__construct(Object(Illuminate\\View\\View), 200, Array)
#11 C:\\laragon\\www\\thugos\\vendor\\laravel\\framework\\src\\Illuminate\\Routing\\Router.php(789): Illuminate\\Routing\\Router::toResponse(Object(Illuminate\\Http\\Request), Object(Illuminate\\View\\View))
#12 C:\\laragon\\www\\thugos\\vendor\\laravel\\framework\\src\\Illuminate\\Routing\\Router.php(720): Illuminate\\Routing\\Router->prepareResponse(Object(Illuminate\\Http\\Request), Object(Illuminate\\View\\View))
#13 C:\\laragon\\www\\thugos\\vendor\\laravel\\framework\\src\\Illuminate\\Pipeline\\Pipeline.php(128): Illuminate\\Routing\\Router->Illuminate\\Routing\\{closure}(Object(Illuminate\\Http\\Request))
#14 C:\\laragon\\www\\thugos\\app\\Http\\Middleware\\CheckForMaintenanceMode.php(58): Illuminate\\Pipeline\\Pipeline->Illuminate\\Pipeline\\{closure}(Object(Illuminate\\Http\\Request))
#15 C:\\laragon\\www\\thugos\\vendor\\laravel\\framework\\src\\Illuminate\\Pipeline\\Pipeline.php(167): App\\Http\\Middleware\\CheckForMaintenanceMode->handle(Object(Illuminate\\Http\\Request), Object(Closure))
#16 C:\\laragon\\www\\thugos\\app\\Http\\Middleware\\HttpsProtocol.php(20): Illuminate\\Pipeline\\Pipeline->Illuminate\\Pipeline\\{closure}(Object(Illuminate\\Http\\Request))
#17 C:\\laragon\\www\\thugos\\vendor\\laravel\\framework\\src\\Illuminate\\Pipeline\\Pipeline.php(167): App\\Http\\Middleware\\HttpsProtocol->handle(Object(Illuminate\\Http\\Request), Object(Closure))
#18 C:\\laragon\\www\\thugos\\app\\Http\\Middleware\\Language.php(31): Illuminate\\Pipeline\\Pipeline->Illuminate\\Pipeline\\{closure}(Object(Illuminate\\Http\\Request))
#19 C:\\laragon\\www\\thugos\\vendor\\laravel\\framework\\src\\Illuminate\\Pipeline\\Pipeline.php(167): App\\Http\\Middleware\\Language->handle(Object(Illuminate\\Http\\Request), Object(Closure))
#20 C:\\laragon\\www\\thugos\\vendor\\laravel\\framework\\src\\Illuminate\\Routing\\Middleware\\SubstituteBindings.php(50): Illuminate\\Pipeline\\Pipeline->Illuminate\\Pipeline\\{closure}(Object(Illuminate\\Http\\Request))
#21 C:\\laragon\\www\\thugos\\vendor\\laravel\\framework\\src\\Illuminate\\Pipeline\\Pipeline.php(167): Illuminate\\Routing\\Middleware\\SubstituteBindings->handle(Object(Illuminate\\Http\\Request), Object(Closure))
#22 C:\\laragon\\www\\thugos\\vendor\\laravel\\framework\\src\\Illuminate\\Foundation\\Http\\Middleware\\VerifyCsrfToken.php(78): Illuminate\\Pipeline\\Pipeline->Illuminate\\Pipeline\\{closure}(Object(Illuminate\\Http\\Request))
#23 C:\\laragon\\www\\thugos\\vendor\\laravel\\framework\\src\\Illuminate\\Pipeline\\Pipeline.php(167): Illuminate\\Foundation\\Http\\Middleware\\VerifyCsrfToken->handle(Object(Illuminate\\Http\\Request), Object(Closure))
#24 C:\\laragon\\www\\thugos\\vendor\\laravel\\framework\\src\\Illuminate\\View\\Middleware\\ShareErrorsFromSession.php(49): Illuminate\\Pipeline\\Pipeline->Illuminate\\Pipeline\\{closure}(Object(Illuminate\\Http\\Request))
#25 C:\\laragon\\www\\thugos\\vendor\\laravel\\framework\\src\\Illuminate\\Pipeline\\Pipeline.php(167): Illuminate\\View\\Middleware\\ShareErrorsFromSession->handle(Object(Illuminate\\Http\\Request), Object(Closure))
#26 C:\\laragon\\www\\thugos\\vendor\\laravel\\framework\\src\\Illuminate\\Session\\Middleware\\StartSession.php(121): Illuminate\\Pipeline\\Pipeline->Illuminate\\Pipeline\\{closure}(Object(Illuminate\\Http\\Request))
#27 C:\\laragon\\www\\thugos\\vendor\\laravel\\framework\\src\\Illuminate\\Session\\Middleware\\StartSession.php(64): Illuminate\\Session\\Middleware\\StartSession->handleStatefulRequest(Object(Illuminate\\Http\\Request), Object(Illuminate\\Session\\Store), Object(Closure))
#28 C:\\laragon\\www\\thugos\\vendor\\laravel\\framework\\src\\Illuminate\\Pipeline\\Pipeline.php(167): Illuminate\\Session\\Middleware\\StartSession->handle(Object(Illuminate\\Http\\Request), Object(Closure))
#29 C:\\laragon\\www\\thugos\\vendor\\laravel\\framework\\src\\Illuminate\\Cookie\\Middleware\\AddQueuedCookiesToResponse.php(37): Illuminate\\Pipeline\\Pipeline->Illuminate\\Pipeline\\{closure}(Object(Illuminate\\Http\\Request))
#30 C:\\laragon\\www\\thugos\\vendor\\laravel\\framework\\src\\Illuminate\\Pipeline\\Pipeline.php(167): Illuminate\\Cookie\\Middleware\\AddQueuedCookiesToResponse->handle(Object(Illuminate\\Http\\Request), Object(Closure))
#31 C:\\laragon\\www\\thugos\\vendor\\laravel\\framework\\src\\Illuminate\\Pipeline\\Pipeline.php(103): Illuminate\\Pipeline\\Pipeline->Illuminate\\Pipeline\\{closure}(Object(Illuminate\\Http\\Request))
#32 C:\\laragon\\www\\thugos\\vendor\\laravel\\framework\\src\\Illuminate\\Routing\\Router.php(719): Illuminate\\Pipeline\\Pipeline->then(Object(Closure))
#33 C:\\laragon\\www\\thugos\\vendor\\laravel\\framework\\src\\Illuminate\\Routing\\Router.php(698): Illuminate\\Routing\\Router->runRouteWithinStack(Object(Illuminate\\Routing\\Route), Object(Illuminate\\Http\\Request))
#34 C:\\laragon\\www\\thugos\\vendor\\laravel\\framework\\src\\Illuminate\\Routing\\Router.php(662): Illuminate\\Routing\\Router->runRoute(Object(Illuminate\\Http\\Request), Object(Illuminate\\Routing\\Route))
#35 C:\\laragon\\www\\thugos\\vendor\\laravel\\framework\\src\\Illuminate\\Routing\\Router.php(651): Illuminate\\Routing\\Router->dispatchToRoute(Object(Illuminate\\Http\\Request))
#36 C:\\laragon\\www\\thugos\\vendor\\laravel\\framework\\src\\Illuminate\\Foundation\\Http\\Kernel.php(167): Illuminate\\Routing\\Router->dispatch(Object(Illuminate\\Http\\Request))
#37 C:\\laragon\\www\\thugos\\vendor\\laravel\\framework\\src\\Illuminate\\Pipeline\\Pipeline.php(128): Illuminate\\Foundation\\Http\\Kernel->Illuminate\\Foundation\\Http\\{closure}(Object(Illuminate\\Http\\Request))
#38 C:\\laragon\\www\\thugos\\vendor\\barryvdh\\laravel-debugbar\\src\\Middleware\\InjectDebugbar.php(66): Illuminate\\Pipeline\\Pipeline->Illuminate\\Pipeline\\{closure}(Object(Illuminate\\Http\\Request))
#39 C:\\laragon\\www\\thugos\\vendor\\laravel\\framework\\src\\Illuminate\\Pipeline\\Pipeline.php(167): Barryvdh\\Debugbar\\Middleware\\InjectDebugbar->handle(Object(Illuminate\\Http\\Request), Object(Closure))
#40 C:\\laragon\\www\\thugos\\vendor\\fideloper\\proxy\\src\\TrustProxies.php(57): Illuminate\\Pipeline\\Pipeline->Illuminate\\Pipeline\\{closure}(Object(Illuminate\\Http\\Request))
#41 C:\\laragon\\www\\thugos\\vendor\\laravel\\framework\\src\\Illuminate\\Pipeline\\Pipeline.php(167): Fideloper\\Proxy\\TrustProxies->handle(Object(Illuminate\\Http\\Request), Object(Closure))
#42 C:\\laragon\\www\\thugos\\vendor\\laravel\\framework\\src\\Illuminate\\Foundation\\Http\\Middleware\\TransformsRequest.php(21): Illuminate\\Pipeline\\Pipeline->Illuminate\\Pipeline\\{closure}(Object(Illuminate\\Http\\Request))
#43 C:\\laragon\\www\\thugos\\vendor\\laravel\\framework\\src\\Illuminate\\Foundation\\Http\\Middleware\\ConvertEmptyStringsToNull.php(31): Illuminate\\Foundation\\Http\\Middleware\\TransformsRequest->handle(Object(Illuminate\\Http\\Request), Object(Closure))
#44 C:\\laragon\\www\\thugos\\vendor\\laravel\\framework\\src\\Illuminate\\Pipeline\\Pipeline.php(167): Illuminate\\Foundation\\Http\\Middleware\\ConvertEmptyStringsToNull->handle(Object(Illuminate\\Http\\Request), Object(Closure))
#45 C:\\laragon\\www\\thugos\\vendor\\laravel\\framework\\src\\Illuminate\\Foundation\\Http\\Middleware\\TransformsRequest.php(21): Illuminate\\Pipeline\\Pipeline->Illuminate\\Pipeline\\{closure}(Object(Illuminate\\Http\\Request))
#46 C:\\laragon\\www\\thugos\\vendor\\laravel\\framework\\src\\Illuminate\\Foundation\\Http\\Middleware\\TrimStrings.php(40): Illuminate\\Foundation\\Http\\Middleware\\TransformsRequest->handle(Object(Illuminate\\Http\\Request), Object(Closure))
#47 C:\\laragon\\www\\thugos\\vendor\\laravel\\framework\\src\\Illuminate\\Pipeline\\Pipeline.php(167): Illuminate\\Foundation\\Http\\Middleware\\TrimStrings->handle(Object(Illuminate\\Http\\Request), Object(Closure))
#48 C:\\laragon\\www\\thugos\\vendor\\laravel\\framework\\src\\Illuminate\\Foundation\\Http\\Middleware\\ValidatePostSize.php(27): Illuminate\\Pipeline\\Pipeline->Illuminate\\Pipeline\\{closure}(Object(Illuminate\\Http\\Request))
#49 C:\\laragon\\www\\thugos\\vendor\\laravel\\framework\\src\\Illuminate\\Pipeline\\Pipeline.php(167): Illuminate\\Foundation\\Http\\Middleware\\ValidatePostSize->handle(Object(Illuminate\\Http\\Request), Object(Closure))
#50 C:\\laragon\\www\\thugos\\vendor\\laravel\\framework\\src\\Illuminate\\Pipeline\\Pipeline.php(103): Illuminate\\Pipeline\\Pipeline->Illuminate\\Pipeline\\{closure}(Object(Illuminate\\Http\\Request))
#51 C:\\laragon\\www\\thugos\\vendor\\laravel\\framework\\src\\Illuminate\\Foundation\\Http\\Kernel.php(142): Illuminate\\Pipeline\\Pipeline->then(Object(Closure))
#52 C:\\laragon\\www\\thugos\\vendor\\laravel\\framework\\src\\Illuminate\\Foundation\\Http\\Kernel.php(111): Illuminate\\Foundation\\Http\\Kernel->sendRequestThroughRouter(Object(Illuminate\\Http\\Request))
#53 C:\\laragon\\www\\thugos\\index.php(56): Illuminate\\Foundation\\Http\\Kernel->handle(Object(Illuminate\\Http\\Request))
#54 {main}

[previous exception] [object] (Error(code: 0): Call to a member function getTranslation() on null at C:\\laragon\\www\\thugos\\storage\\framework\\views\\c1db00fa2ac7e62e36e0c78b5ff5259930b59933.php:205)
[stacktrace]
#0 C:\\laragon\\www\\thugos\\vendor\\laravel\\framework\\src\\Illuminate\\Filesystem\\Filesystem.php(107): require()
#1 C:\\laragon\\www\\thugos\\vendor\\laravel\\framework\\src\\Illuminate\\Filesystem\\Filesystem.php(108): Illuminate\\Filesystem\\Filesystem::Illuminate\\Filesystem\\{closure}()
#2 C:\\laragon\\www\\thugos\\vendor\\laravel\\framework\\src\\Illuminate\\View\\Engines\\PhpEngine.php(58): Illuminate\\Filesystem\\Filesystem->getRequire('C:\\\\laragon\\\\www\\\\...', Array)
#3 C:\\laragon\\www\\thugos\\vendor\\laravel\\framework\\src\\Illuminate\\View\\Engines\\CompilerEngine.php(61): Illuminate\\View\\Engines\\PhpEngine->evaluatePath('C:\\\\laragon\\\\www\\\\...', Array)
#4 C:\\laragon\\www\\thugos\\vendor\\facade\\ignition\\src\\Views\\Engines\\CompilerEngine.php(37): Illuminate\\View\\Engines\\CompilerEngine->get('C:\\\\laragon\\\\www\\\\...', Array)
#5 C:\\laragon\\www\\thugos\\vendor\\laravel\\framework\\src\\Illuminate\\View\\View.php(139): Facade\\Ignition\\Views\\Engines\\CompilerEngine->get('C:\\\\laragon\\\\www\\\\...', Array)
#6 C:\\laragon\\www\\thugos\\vendor\\laravel\\framework\\src\\Illuminate\\View\\View.php(122): Illuminate\\View\\View->getContents()
#7 C:\\laragon\\www\\thugos\\vendor\\laravel\\framework\\src\\Illuminate\\View\\View.php(91): Illuminate\\View\\View->renderContents()
#8 C:\\laragon\\www\\thugos\\vendor\\laravel\\framework\\src\\Illuminate\\Http\\Response.php(69): Illuminate\\View\\View->render()
#9 C:\\laragon\\www\\thugos\\vendor\\laravel\\framework\\src\\Illuminate\\Http\\Response.php(35): Illuminate\\Http\\Response->setContent(Object(Illuminate\\View\\View))
#10 C:\\laragon\\www\\thugos\\vendor\\laravel\\framework\\src\\Illuminate\\Routing\\Router.php(820): Illuminate\\Http\\Response->__construct(Object(Illuminate\\View\\View), 200, Array)
#11 C:\\laragon\\www\\thugos\\vendor\\laravel\\framework\\src\\Illuminate\\Routing\\Router.php(789): Illuminate\\Routing\\Router::toResponse(Object(Illuminate\\Http\\Request), Object(Illuminate\\View\\View))
#12 C:\\laragon\\www\\thugos\\vendor\\laravel\\framework\\src\\Illuminate\\Routing\\Router.php(720): Illuminate\\Routing\\Router->prepareResponse(Object(Illuminate\\Http\\Request), Object(Illuminate\\View\\View))
#13 C:\\laragon\\www\\thugos\\vendor\\laravel\\framework\\src\\Illuminate\\Pipeline\\Pipeline.php(128): Illuminate\\Routing\\Router->Illuminate\\Routing\\{closure}(Object(Illuminate\\Http\\Request))
#14 C:\\laragon\\www\\thugos\\app\\Http\\Middleware\\CheckForMaintenanceMode.php(58): Illuminate\\Pipeline\\Pipeline->Illuminate\\Pipeline\\{closure}(Object(Illuminate\\Http\\Request))
#15 C:\\laragon\\www\\thugos\\vendor\\laravel\\framework\\src\\Illuminate\\Pipeline\\Pipeline.php(167): App\\Http\\Middleware\\CheckForMaintenanceMode->handle(Object(Illuminate\\Http\\Request), Object(Closure))
#16 C:\\laragon\\www\\thugos\\app\\Http\\Middleware\\HttpsProtocol.php(20): Illuminate\\Pipeline\\Pipeline->Illuminate\\Pipeline\\{closure}(Object(Illuminate\\Http\\Request))
#17 C:\\laragon\\www\\thugos\\vendor\\laravel\\framework\\src\\Illuminate\\Pipeline\\Pipeline.php(167): App\\Http\\Middleware\\HttpsProtocol->handle(Object(Illuminate\\Http\\Request), Object(Closure))
#18 C:\\laragon\\www\\thugos\\app\\Http\\Middleware\\Language.php(31): Illuminate\\Pipeline\\Pipeline->Illuminate\\Pipeline\\{closure}(Object(Illuminate\\Http\\Request))
#19 C:\\laragon\\www\\thugos\\vendor\\laravel\\framework\\src\\Illuminate\\Pipeline\\Pipeline.php(167): App\\Http\\Middleware\\Language->handle(Object(Illuminate\\Http\\Request), Object(Closure))
#20 C:\\laragon\\www\\thugos\\vendor\\laravel\\framework\\src\\Illuminate\\Routing\\Middleware\\SubstituteBindings.php(50): Illuminate\\Pipeline\\Pipeline->Illuminate\\Pipeline\\{closure}(Object(Illuminate\\Http\\Request))
#21 C:\\laragon\\www\\thugos\\vendor\\laravel\\framework\\src\\Illuminate\\Pipeline\\Pipeline.php(167): Illuminate\\Routing\\Middleware\\SubstituteBindings->handle(Object(Illuminate\\Http\\Request), Object(Closure))
#22 C:\\laragon\\www\\thugos\\vendor\\laravel\\framework\\src\\Illuminate\\Foundation\\Http\\Middleware\\VerifyCsrfToken.php(78): Illuminate\\Pipeline\\Pipeline->Illuminate\\Pipeline\\{closure}(Object(Illuminate\\Http\\Request))
#23 C:\\laragon\\www\\thugos\\vendor\\laravel\\framework\\src\\Illuminate\\Pipeline\\Pipeline.php(167): Illuminate\\Foundation\\Http\\Middleware\\VerifyCsrfToken->handle(Object(Illuminate\\Http\\Request), Object(Closure))
#24 C:\\laragon\\www\\thugos\\vendor\\laravel\\framework\\src\\Illuminate\\View\\Middleware\\ShareErrorsFromSession.php(49): Illuminate\\Pipeline\\Pipeline->Illuminate\\Pipeline\\{closure}(Object(Illuminate\\Http\\Request))
#25 C:\\laragon\\www\\thugos\\vendor\\laravel\\framework\\src\\Illuminate\\Pipeline\\Pipeline.php(167): Illuminate\\View\\Middleware\\ShareErrorsFromSession->handle(Object(Illuminate\\Http\\Request), Object(Closure))
#26 C:\\laragon\\www\\thugos\\vendor\\laravel\\framework\\src\\Illuminate\\Session\\Middleware\\StartSession.php(121): Illuminate\\Pipeline\\Pipeline->Illuminate\\Pipeline\\{closure}(Object(Illuminate\\Http\\Request))
#27 C:\\laragon\\www\\thugos\\vendor\\laravel\\framework\\src\\Illuminate\\Session\\Middleware\\StartSession.php(64): Illuminate\\Session\\Middleware\\StartSession->handleStatefulRequest(Object(Illuminate\\Http\\Request), Object(Illuminate\\Session\\Store), Object(Closure))
#28 C:\\laragon\\www\\thugos\\vendor\\laravel\\framework\\src\\Illuminate\\Pipeline\\Pipeline.php(167): Illuminate\\Session\\Middleware\\StartSession->handle(Object(Illuminate\\Http\\Request), Object(Closure))
#29 C:\\laragon\\www\\thugos\\vendor\\laravel\\framework\\src\\Illuminate\\Cookie\\Middleware\\AddQueuedCookiesToResponse.php(37): Illuminate\\Pipeline\\Pipeline->Illuminate\\Pipeline\\{closure}(Object(Illuminate\\Http\\Request))
#30 C:\\laragon\\www\\thugos\\vendor\\laravel\\framework\\src\\Illuminate\\Pipeline\\Pipeline.php(167): Illuminate\\Cookie\\Middleware\\AddQueuedCookiesToResponse->handle(Object(Illuminate\\Http\\Request), Object(Closure))
#31 C:\\laragon\\www\\thugos\\vendor\\laravel\\framework\\src\\Illuminate\\Pipeline\\Pipeline.php(103): Illuminate\\Pipeline\\Pipeline->Illuminate\\Pipeline\\{closure}(Object(Illuminate\\Http\\Request))
#32 C:\\laragon\\www\\thugos\\vendor\\laravel\\framework\\src\\Illuminate\\Routing\\Router.php(719): Illuminate\\Pipeline\\Pipeline->then(Object(Closure))
#33 C:\\laragon\\www\\thugos\\vendor\\laravel\\framework\\src\\Illuminate\\Routing\\Router.php(698): Illuminate\\Routing\\Router->runRouteWithinStack(Object(Illuminate\\Routing\\Route), Object(Illuminate\\Http\\Request))
#34 C:\\laragon\\www\\thugos\\vendor\\laravel\\framework\\src\\Illuminate\\Routing\\Router.php(662): Illuminate\\Routing\\Router->runRoute(Object(Illuminate\\Http\\Request), Object(Illuminate\\Routing\\Route))
#35 C:\\laragon\\www\\thugos\\vendor\\laravel\\framework\\src\\Illuminate\\Routing\\Router.php(651): Illuminate\\Routing\\Router->dispatchToRoute(Object(Illuminate\\Http\\Request))
#36 C:\\laragon\\www\\thugos\\vendor\\laravel\\framework\\src\\Illuminate\\Foundation\\Http\\Kernel.php(167): Illuminate\\Routing\\Router->dispatch(Object(Illuminate\\Http\\Request))
#37 C:\\laragon\\www\\thugos\\vendor\\laravel\\framework\\src\\Illuminate\\Pipeline\\Pipeline.php(128): Illuminate\\Foundation\\Http\\Kernel->Illuminate\\Foundation\\Http\\{closure}(Object(Illuminate\\Http\\Request))
#38 C:\\laragon\\www\\thugos\\vendor\\barryvdh\\laravel-debugbar\\src\\Middleware\\InjectDebugbar.php(66): Illuminate\\Pipeline\\Pipeline->Illuminate\\Pipeline\\{closure}(Object(Illuminate\\Http\\Request))
#39 C:\\laragon\\www\\thugos\\vendor\\laravel\\framework\\src\\Illuminate\\Pipeline\\Pipeline.php(167): Barryvdh\\Debugbar\\Middleware\\InjectDebugbar->handle(Object(Illuminate\\Http\\Request), Object(Closure))
#40 C:\\laragon\\www\\thugos\\vendor\\fideloper\\proxy\\src\\TrustProxies.php(57): Illuminate\\Pipeline\\Pipeline->Illuminate\\Pipeline\\{closure}(Object(Illuminate\\Http\\Request))
#41 C:\\laragon\\www\\thugos\\vendor\\laravel\\framework\\src\\Illuminate\\Pipeline\\Pipeline.php(167): Fideloper\\Proxy\\TrustProxies->handle(Object(Illuminate\\Http\\Request), Object(Closure))
#42 C:\\laragon\\www\\thugos\\vendor\\laravel\\framework\\src\\Illuminate\\Foundation\\Http\\Middleware\\TransformsRequest.php(21): Illuminate\\Pipeline\\Pipeline->Illuminate\\Pipeline\\{closure}(Object(Illuminate\\Http\\Request))
#43 C:\\laragon\\www\\thugos\\vendor\\laravel\\framework\\src\\Illuminate\\Foundation\\Http\\Middleware\\ConvertEmptyStringsToNull.php(31): Illuminate\\Foundation\\Http\\Middleware\\TransformsRequest->handle(Object(Illuminate\\Http\\Request), Object(Closure))
#44 C:\\laragon\\www\\thugos\\vendor\\laravel\\framework\\src\\Illuminate\\Pipeline\\Pipeline.php(167): Illuminate\\Foundation\\Http\\Middleware\\ConvertEmptyStringsToNull->handle(Object(Illuminate\\Http\\Request), Object(Closure))
#45 C:\\laragon\\www\\thugos\\vendor\\laravel\\framework\\src\\Illuminate\\Foundation\\Http\\Middleware\\TransformsRequest.php(21): Illuminate\\Pipeline\\Pipeline->Illuminate\\Pipeline\\{closure}(Object(Illuminate\\Http\\Request))
#46 C:\\laragon\\www\\thugos\\vendor\\laravel\\framework\\src\\Illuminate\\Foundation\\Http\\Middleware\\TrimStrings.php(40): Illuminate\\Foundation\\Http\\Middleware\\TransformsRequest->handle(Object(Illuminate\\Http\\Request), Object(Closure))
#47 C:\\laragon\\www\\thugos\\vendor\\laravel\\framework\\src\\Illuminate\\Pipeline\\Pipeline.php(167): Illuminate\\Foundation\\Http\\Middleware\\TrimStrings->handle(Object(Illuminate\\Http\\Request), Object(Closure))
#48 C:\\laragon\\www\\thugos\\vendor\\laravel\\framework\\src\\Illuminate\\Foundation\\Http\\Middleware\\ValidatePostSize.php(27): Illuminate\\Pipeline\\Pipeline->Illuminate\\Pipeline\\{closure}(Object(Illuminate\\Http\\Request))
#49 C:\\laragon\\www\\thugos\\vendor\\laravel\\framework\\src\\Illuminate\\Pipeline\\Pipeline.php(167): Illuminate\\Foundation\\Http\\Middleware\\ValidatePostSize->handle(Object(Illuminate\\Http\\Request), Object(Closure))
#50 C:\\laragon\\www\\thugos\\vendor\\laravel\\framework\\src\\Illuminate\\Pipeline\\Pipeline.php(103): Illuminate\\Pipeline\\Pipeline->Illuminate\\Pipeline\\{closure}(Object(Illuminate\\Http\\Request))
#51 C:\\laragon\\www\\thugos\\vendor\\laravel\\framework\\src\\Illuminate\\Foundation\\Http\\Kernel.php(142): Illuminate\\Pipeline\\Pipeline->then(Object(Closure))
#52 C:\\laragon\\www\\thugos\\vendor\\laravel\\framework\\src\\Illuminate\\Foundation\\Http\\Kernel.php(111): Illuminate\\Foundation\\Http\\Kernel->sendRequestThroughRouter(Object(Illuminate\\Http\\Request))
#53 C:\\laragon\\www\\thugos\\index.php(56): Illuminate\\Foundation\\Http\\Kernel->handle(Object(Illuminate\\Http\\Request))
#54 {main}
"} 
[2025-07-03 20:09:10] local.ERROR: Uncaught ReflectionException: Class "App\Policies\ModelPolicy" does not exist in Command line code:1
Stack trace:
#0 Command line code(1): ReflectionClass->__construct('App\\Policies\\Mo...')
#1 [internal function]: {closure}('App\\Policies\\Mo...', 'App\\Model')
#2 Command line code(1): array_map(Object(Closure), Array, Array)
#3 {main}
  thrown {"exception":"[object] (Symfony\\Component\\ErrorHandler\\Error\\FatalError(code: 0): Uncaught ReflectionException: Class \"App\\Policies\\ModelPolicy\" does not exist in Command line code:1
Stack trace:
#0 Command line code(1): ReflectionClass->__construct('App\\\\Policies\\\\Mo...')
#1 [internal function]: {closure}('App\\\\Policies\\\\Mo...', 'App\\\\Model')
#2 Command line code(1): array_map(Object(Closure), Array, Array)
#3 {main}
  thrown at Command line code:1)
[stacktrace]
#0 {main}
"} 
[2025-07-03 20:09:45] local.ERROR: Call to a member function getTranslation() on null (View: C:\laragon\www\thugos\resources\views\frontend\product_details.blade.php) {"view":{"view":"C:\\laragon\\www\\thugos\\resources\\views/frontend/product_details.blade.php","data":{"errors":"<pre class=sf-dump id=sf-dump-950075308 data-indent-pad=\"  \"><span class=sf-dump-note>Illuminate\\Support\\ViewErrorBag</span> {<a class=sf-dump-ref>#3064</a><samp data-depth=1 class=sf-dump-expanded>
  #<span class=sf-dump-protected title=\"Protected property\">bags</span>: []
</samp>}
</pre><script>Sfdump(\"sf-dump-950075308\", {\"maxDepth\":3,\"maxStringLength\":160})</script>
","detailedProduct":"<pre class=sf-dump id=sf-dump-533026124 data-indent-pad=\"  \"><span class=sf-dump-note>App\\Models\\Product</span> {<a class=sf-dump-ref>#3119</a><samp data-depth=1 class=sf-dump-expanded>
  #<span class=sf-dump-protected title=\"Protected property\">connection</span>: \"<span class=sf-dump-str title=\"5 characters\">mysql</span>\"
  #<span class=sf-dump-protected title=\"Protected property\">table</span>: \"<span class=sf-dump-str title=\"8 characters\">products</span>\"
  #<span class=sf-dump-protected title=\"Protected property\">primaryKey</span>: \"<span class=sf-dump-str title=\"2 characters\">id</span>\"
  #<span class=sf-dump-protected title=\"Protected property\">keyType</span>: \"<span class=sf-dump-str title=\"3 characters\">int</span>\"
  +<span class=sf-dump-public title=\"Public property\">incrementing</span>: <span class=sf-dump-const>true</span>
  #<span class=sf-dump-protected title=\"Protected property\">with</span>: <span class=sf-dump-note>array:2</span> [<samp data-depth=2 class=sf-dump-compact>
    <span class=sf-dump-index>0</span> => \"<span class=sf-dump-str title=\"20 characters\">product_translations</span>\"
    <span class=sf-dump-index>1</span> => \"<span class=sf-dump-str title=\"5 characters\">taxes</span>\"
  </samp>]
  #<span class=sf-dump-protected title=\"Protected property\">withCount</span>: []
  +<span class=sf-dump-public title=\"Public property\">preventsLazyLoading</span>: <span class=sf-dump-const>false</span>
  #<span class=sf-dump-protected title=\"Protected property\">perPage</span>: <span class=sf-dump-num>15</span>
  +<span class=sf-dump-public title=\"Public property\">exists</span>: <span class=sf-dump-const>true</span>
  +<span class=sf-dump-public title=\"Public property\">wasRecentlyCreated</span>: <span class=sf-dump-const>false</span>
  #<span class=sf-dump-protected title=\"Protected property\">escapeWhenCastingToString</span>: <span class=sf-dump-const>false</span>
  #<span class=sf-dump-protected title=\"Protected property\">attributes</span>: <span class=sf-dump-note>array:69</span> [<samp data-depth=2 class=sf-dump-compact>
    \"<span class=sf-dump-key>id</span>\" => <span class=sf-dump-num>7</span>
    \"<span class=sf-dump-key>name</span>\" => \"<span class=sf-dump-str title=\"13 characters\">Ghost Samurai</span>\"
    \"<span class=sf-dump-key>added_by</span>\" => \"<span class=sf-dump-str title=\"5 characters\">admin</span>\"
    \"<span class=sf-dump-key>user_id</span>\" => <span class=sf-dump-num>9</span>
    \"<span class=sf-dump-key>category_id</span>\" => <span class=sf-dump-num>45</span>
    \"<span class=sf-dump-key>brand_id</span>\" => <span class=sf-dump-const>null</span>
    \"<span class=sf-dump-key>photos</span>\" => \"<span class=sf-dump-str title=\"7 characters\">271,272</span>\"
    \"<span class=sf-dump-key>thumbnail_img</span>\" => \"<span class=sf-dump-str title=\"3 characters\">272</span>\"
    \"<span class=sf-dump-key>video_provider</span>\" => \"<span class=sf-dump-str title=\"7 characters\">youtube</span>\"
    \"<span class=sf-dump-key>video_link</span>\" => <span class=sf-dump-const>null</span>
    \"<span class=sf-dump-key>tags</span>\" => <span class=sf-dump-const>null</span>
    \"<span class=sf-dump-key>description</span>\" => <span class=sf-dump-const>null</span>
    \"<span class=sf-dump-key>short_description</span>\" => \"<span class=sf-dump-str title=\"131 characters\">&lt;p&gt;&#9864; Fabrics: 100% Cotton.&lt;/p&gt;&lt;p&gt;&#9864; Fit Type: Oversized.&lt;/p&gt;&lt;p&gt;&#9864; Sleeve: Drop Shoulder / Half Sleeve.&lt;/p&gt;&lt;p&gt;&#9864; GSM: 180+(Approx).&lt;/p&gt;</span>\"
    \"<span class=sf-dump-key>faq</span>\" => <span class=sf-dump-const>null</span>
    \"<span class=sf-dump-key>ingredients</span>\" => <span class=sf-dump-const>null</span>
    \"<span class=sf-dump-key>unit_price</span>\" => <span class=sf-dump-num>499.0</span>
    \"<span class=sf-dump-key>purchase_price</span>\" => <span class=sf-dump-const>null</span>
    \"<span class=sf-dump-key>variant_product</span>\" => <span class=sf-dump-num>1</span>
    \"<span class=sf-dump-key>attributes</span>\" => \"<span class=sf-dump-str title=\"9 characters\">[&quot;1&quot;,&quot;6&quot;]</span>\"
    \"<span class=sf-dump-key>choice_options</span>\" => \"<span class=sf-dump-str title=\"107 characters\">[{&quot;attribute_id&quot;:&quot;1&quot;,&quot;values&quot;:[&quot;M&quot;,&quot;L&quot;,&quot;XL&quot;]},{&quot;attribute_id&quot;:&quot;6&quot;,&quot;values&quot;:[&quot;Drop Shoulder&quot;,&quot;Half Selve&quot;]}]</span>\"
    \"<span class=sf-dump-key>colors</span>\" => \"<span class=sf-dump-str title=\"21 characters\">[&quot;#000000&quot;,&quot;#FFFFFF&quot;]</span>\"
    \"<span class=sf-dump-key>variations</span>\" => <span class=sf-dump-const>null</span>
    \"<span class=sf-dump-key>todays_deal</span>\" => <span class=sf-dump-num>0</span>
    \"<span class=sf-dump-key>published</span>\" => <span class=sf-dump-num>1</span>
    \"<span class=sf-dump-key>approved</span>\" => <span class=sf-dump-num>1</span>
    \"<span class=sf-dump-key>stock_visibility_state</span>\" => \"<span class=sf-dump-str title=\"8 characters\">quantity</span>\"
    \"<span class=sf-dump-key>cash_on_delivery</span>\" => <span class=sf-dump-num>1</span>
    \"<span class=sf-dump-key>featured</span>\" => <span class=sf-dump-num>0</span>
    \"<span class=sf-dump-key>seller_featured</span>\" => <span class=sf-dump-num>0</span>
    \"<span class=sf-dump-key>current_stock</span>\" => <span class=sf-dump-num>0</span>
    \"<span class=sf-dump-key>unit</span>\" => \"<span class=sf-dump-str title=\"4 characters\">pice</span>\"
    \"<span class=sf-dump-key>min_qty</span>\" => <span class=sf-dump-num>1</span>
    \"<span class=sf-dump-key>low_stock_quantity</span>\" => <span class=sf-dump-num>1</span>
    \"<span class=sf-dump-key>discount</span>\" => <span class=sf-dump-num>0.0</span>
    \"<span class=sf-dump-key>discount_type</span>\" => \"<span class=sf-dump-str title=\"6 characters\">amount</span>\"
    \"<span class=sf-dump-key>discount_start_date</span>\" => <span class=sf-dump-const>null</span>
    \"<span class=sf-dump-key>discount_end_date</span>\" => <span class=sf-dump-const>null</span>
    \"<span class=sf-dump-key>starting_bid</span>\" => <span class=sf-dump-num>0.0</span>
    \"<span class=sf-dump-key>auction_start_date</span>\" => <span class=sf-dump-const>null</span>
    \"<span class=sf-dump-key>auction_end_date</span>\" => <span class=sf-dump-const>null</span>
    \"<span class=sf-dump-key>tax</span>\" => <span class=sf-dump-const>null</span>
    \"<span class=sf-dump-key>tax_type</span>\" => <span class=sf-dump-const>null</span>
    \"<span class=sf-dump-key>shipping_type</span>\" => <span class=sf-dump-const>null</span>
    \"<span class=sf-dump-key>shipping_cost</span>\" => <span class=sf-dump-const>null</span>
    \"<span class=sf-dump-key>is_quantity_multiplied</span>\" => <span class=sf-dump-num>0</span>
    \"<span class=sf-dump-key>est_shipping_days</span>\" => <span class=sf-dump-const>null</span>
    \"<span class=sf-dump-key>num_of_sale</span>\" => <span class=sf-dump-num>0</span>
    \"<span class=sf-dump-key>meta_title</span>\" => \"<span class=sf-dump-str title=\"13 characters\">Ghost Samurai</span>\"
    \"<span class=sf-dump-key>meta_description</span>\" => \"\"
    \"<span class=sf-dump-key>meta_img</span>\" => \"<span class=sf-dump-str title=\"3 characters\">272</span>\"
    \"<span class=sf-dump-key>pdf</span>\" => <span class=sf-dump-const>null</span>
    \"<span class=sf-dump-key>slug</span>\" => \"<span class=sf-dump-str title=\"13 characters\">ghost-samurai</span>\"
    \"<span class=sf-dump-key>offer_quantity</span>\" => \"<span class=sf-dump-str title=\"35 characters\">[{&quot;quantity&quot;:null,&quot;discount&quot;:null}]</span>\"
    \"<span class=sf-dump-key>offer_discount</span>\" => <span class=sf-dump-const>null</span>
    \"<span class=sf-dump-key>refundable</span>\" => <span class=sf-dump-num>0</span>
    \"<span class=sf-dump-key>earn_point</span>\" => <span class=sf-dump-num>0.0</span>
    \"<span class=sf-dump-key>rating</span>\" => <span class=sf-dump-num>0.0</span>
    \"<span class=sf-dump-key>barcode</span>\" => <span class=sf-dump-const>null</span>
    \"<span class=sf-dump-key>digital</span>\" => <span class=sf-dump-num>0</span>
    \"<span class=sf-dump-key>auction_product</span>\" => <span class=sf-dump-num>0</span>
    \"<span class=sf-dump-key>file_name</span>\" => <span class=sf-dump-const>null</span>
    \"<span class=sf-dump-key>file_path</span>\" => <span class=sf-dump-const>null</span>
    \"<span class=sf-dump-key>external_link</span>\" => <span class=sf-dump-const>null</span>
    \"<span class=sf-dump-key>external_link_btn</span>\" => <span class=sf-dump-const>null</span>
    \"<span class=sf-dump-key>wholesale_product</span>\" => <span class=sf-dump-num>0</span>
    \"<span class=sf-dump-key>new_discount</span>\" => <span class=sf-dump-const>null</span>
    \"<span class=sf-dump-key>new_discount_type</span>\" => <span class=sf-dump-const>null</span>
    \"<span class=sf-dump-key>created_at</span>\" => \"<span class=sf-dump-str title=\"19 characters\">2025-05-26 20:16:10</span>\"
    \"<span class=sf-dump-key>updated_at</span>\" => \"<span class=sf-dump-str title=\"19 characters\">2025-07-03 00:19:25</span>\"
  </samp>]
  #<span class=sf-dump-protected title=\"Protected property\">original</span>: <span class=sf-dump-note>array:69</span> [<samp data-depth=2 class=sf-dump-compact>
    \"<span class=sf-dump-key>id</span>\" => <span class=sf-dump-num>7</span>
    \"<span class=sf-dump-key>name</span>\" => \"<span class=sf-dump-str title=\"13 characters\">Ghost Samurai</span>\"
    \"<span class=sf-dump-key>added_by</span>\" => \"<span class=sf-dump-str title=\"5 characters\">admin</span>\"
    \"<span class=sf-dump-key>user_id</span>\" => <span class=sf-dump-num>9</span>
    \"<span class=sf-dump-key>category_id</span>\" => <span class=sf-dump-num>45</span>
    \"<span class=sf-dump-key>brand_id</span>\" => <span class=sf-dump-const>null</span>
    \"<span class=sf-dump-key>photos</span>\" => \"<span class=sf-dump-str title=\"7 characters\">271,272</span>\"
    \"<span class=sf-dump-key>thumbnail_img</span>\" => \"<span class=sf-dump-str title=\"3 characters\">272</span>\"
    \"<span class=sf-dump-key>video_provider</span>\" => \"<span class=sf-dump-str title=\"7 characters\">youtube</span>\"
    \"<span class=sf-dump-key>video_link</span>\" => <span class=sf-dump-const>null</span>
    \"<span class=sf-dump-key>tags</span>\" => <span class=sf-dump-const>null</span>
    \"<span class=sf-dump-key>description</span>\" => <span class=sf-dump-const>null</span>
    \"<span class=sf-dump-key>short_description</span>\" => \"<span class=sf-dump-str title=\"131 characters\">&lt;p&gt;&#9864; Fabrics: 100% Cotton.&lt;/p&gt;&lt;p&gt;&#9864; Fit Type: Oversized.&lt;/p&gt;&lt;p&gt;&#9864; Sleeve: Drop Shoulder / Half Sleeve.&lt;/p&gt;&lt;p&gt;&#9864; GSM: 180+(Approx).&lt;/p&gt;</span>\"
    \"<span class=sf-dump-key>faq</span>\" => <span class=sf-dump-const>null</span>
    \"<span class=sf-dump-key>ingredients</span>\" => <span class=sf-dump-const>null</span>
    \"<span class=sf-dump-key>unit_price</span>\" => <span class=sf-dump-num>499.0</span>
    \"<span class=sf-dump-key>purchase_price</span>\" => <span class=sf-dump-const>null</span>
    \"<span class=sf-dump-key>variant_product</span>\" => <span class=sf-dump-num>1</span>
    \"<span class=sf-dump-key>attributes</span>\" => \"<span class=sf-dump-str title=\"9 characters\">[&quot;1&quot;,&quot;6&quot;]</span>\"
    \"<span class=sf-dump-key>choice_options</span>\" => \"<span class=sf-dump-str title=\"107 characters\">[{&quot;attribute_id&quot;:&quot;1&quot;,&quot;values&quot;:[&quot;M&quot;,&quot;L&quot;,&quot;XL&quot;]},{&quot;attribute_id&quot;:&quot;6&quot;,&quot;values&quot;:[&quot;Drop Shoulder&quot;,&quot;Half Selve&quot;]}]</span>\"
    \"<span class=sf-dump-key>colors</span>\" => \"<span class=sf-dump-str title=\"21 characters\">[&quot;#000000&quot;,&quot;#FFFFFF&quot;]</span>\"
    \"<span class=sf-dump-key>variations</span>\" => <span class=sf-dump-const>null</span>
    \"<span class=sf-dump-key>todays_deal</span>\" => <span class=sf-dump-num>0</span>
    \"<span class=sf-dump-key>published</span>\" => <span class=sf-dump-num>1</span>
    \"<span class=sf-dump-key>approved</span>\" => <span class=sf-dump-num>1</span>
    \"<span class=sf-dump-key>stock_visibility_state</span>\" => \"<span class=sf-dump-str title=\"8 characters\">quantity</span>\"
    \"<span class=sf-dump-key>cash_on_delivery</span>\" => <span class=sf-dump-num>1</span>
    \"<span class=sf-dump-key>featured</span>\" => <span class=sf-dump-num>0</span>
    \"<span class=sf-dump-key>seller_featured</span>\" => <span class=sf-dump-num>0</span>
    \"<span class=sf-dump-key>current_stock</span>\" => <span class=sf-dump-num>0</span>
    \"<span class=sf-dump-key>unit</span>\" => \"<span class=sf-dump-str title=\"4 characters\">pice</span>\"
    \"<span class=sf-dump-key>min_qty</span>\" => <span class=sf-dump-num>1</span>
    \"<span class=sf-dump-key>low_stock_quantity</span>\" => <span class=sf-dump-num>1</span>
    \"<span class=sf-dump-key>discount</span>\" => <span class=sf-dump-num>0.0</span>
    \"<span class=sf-dump-key>discount_type</span>\" => \"<span class=sf-dump-str title=\"6 characters\">amount</span>\"
    \"<span class=sf-dump-key>discount_start_date</span>\" => <span class=sf-dump-const>null</span>
    \"<span class=sf-dump-key>discount_end_date</span>\" => <span class=sf-dump-const>null</span>
    \"<span class=sf-dump-key>starting_bid</span>\" => <span class=sf-dump-num>0.0</span>
    \"<span class=sf-dump-key>auction_start_date</span>\" => <span class=sf-dump-const>null</span>
    \"<span class=sf-dump-key>auction_end_date</span>\" => <span class=sf-dump-const>null</span>
    \"<span class=sf-dump-key>tax</span>\" => <span class=sf-dump-const>null</span>
    \"<span class=sf-dump-key>tax_type</span>\" => <span class=sf-dump-const>null</span>
    \"<span class=sf-dump-key>shipping_type</span>\" => <span class=sf-dump-const>null</span>
    \"<span class=sf-dump-key>shipping_cost</span>\" => <span class=sf-dump-const>null</span>
    \"<span class=sf-dump-key>is_quantity_multiplied</span>\" => <span class=sf-dump-num>0</span>
    \"<span class=sf-dump-key>est_shipping_days</span>\" => <span class=sf-dump-const>null</span>
    \"<span class=sf-dump-key>num_of_sale</span>\" => <span class=sf-dump-num>0</span>
    \"<span class=sf-dump-key>meta_title</span>\" => \"<span class=sf-dump-str title=\"13 characters\">Ghost Samurai</span>\"
    \"<span class=sf-dump-key>meta_description</span>\" => \"\"
    \"<span class=sf-dump-key>meta_img</span>\" => \"<span class=sf-dump-str title=\"3 characters\">272</span>\"
    \"<span class=sf-dump-key>pdf</span>\" => <span class=sf-dump-const>null</span>
    \"<span class=sf-dump-key>slug</span>\" => \"<span class=sf-dump-str title=\"13 characters\">ghost-samurai</span>\"
    \"<span class=sf-dump-key>offer_quantity</span>\" => \"<span class=sf-dump-str title=\"35 characters\">[{&quot;quantity&quot;:null,&quot;discount&quot;:null}]</span>\"
    \"<span class=sf-dump-key>offer_discount</span>\" => <span class=sf-dump-const>null</span>
    \"<span class=sf-dump-key>refundable</span>\" => <span class=sf-dump-num>0</span>
    \"<span class=sf-dump-key>earn_point</span>\" => <span class=sf-dump-num>0.0</span>
    \"<span class=sf-dump-key>rating</span>\" => <span class=sf-dump-num>0.0</span>
    \"<span class=sf-dump-key>barcode</span>\" => <span class=sf-dump-const>null</span>
    \"<span class=sf-dump-key>digital</span>\" => <span class=sf-dump-num>0</span>
    \"<span class=sf-dump-key>auction_product</span>\" => <span class=sf-dump-num>0</span>
    \"<span class=sf-dump-key>file_name</span>\" => <span class=sf-dump-const>null</span>
    \"<span class=sf-dump-key>file_path</span>\" => <span class=sf-dump-const>null</span>
    \"<span class=sf-dump-key>external_link</span>\" => <span class=sf-dump-const>null</span>
    \"<span class=sf-dump-key>external_link_btn</span>\" => <span class=sf-dump-const>null</span>
    \"<span class=sf-dump-key>wholesale_product</span>\" => <span class=sf-dump-num>0</span>
    \"<span class=sf-dump-key>new_discount</span>\" => <span class=sf-dump-const>null</span>
    \"<span class=sf-dump-key>new_discount_type</span>\" => <span class=sf-dump-const>null</span>
    \"<span class=sf-dump-key>created_at</span>\" => \"<span class=sf-dump-str title=\"19 characters\">2025-05-26 20:16:10</span>\"
    \"<span class=sf-dump-key>updated_at</span>\" => \"<span class=sf-dump-str title=\"19 characters\">2025-07-03 00:19:25</span>\"
  </samp>]
  #<span class=sf-dump-protected title=\"Protected property\">changes</span>: []
  #<span class=sf-dump-protected title=\"Protected property\">casts</span>: []
  #<span class=sf-dump-protected title=\"Protected property\">classCastCache</span>: []
  #<span class=sf-dump-protected title=\"Protected property\">attributeCastCache</span>: []
  #<span class=sf-dump-protected title=\"Protected property\">dates</span>: []
  #<span class=sf-dump-protected title=\"Protected property\">dateFormat</span>: <span class=sf-dump-const>null</span>
  #<span class=sf-dump-protected title=\"Protected property\">appends</span>: []
  #<span class=sf-dump-protected title=\"Protected property\">dispatchesEvents</span>: []
  #<span class=sf-dump-protected title=\"Protected property\">observables</span>: []
  #<span class=sf-dump-protected title=\"Protected property\">relations</span>: <span class=sf-dump-note>array:6</span> [<samp data-depth=2 class=sf-dump-compact>
    \"<span class=sf-dump-key>product_translations</span>\" => <span class=sf-dump-note title=\"Illuminate\\Database\\Eloquent\\Collection
\"><span class=\"sf-dump-ellipsis sf-dump-ellipsis-note\">Illuminate\\Database\\Eloquent</span><span class=\"sf-dump-ellipsis sf-dump-ellipsis-note\">\\</span>Collection</span> {<a class=sf-dump-ref>#3112</a><samp data-depth=3 class=sf-dump-compact>
      #<span class=sf-dump-protected title=\"Protected property\">items</span>: <span class=sf-dump-note>array:1</span> [ &#8230;1]
      #<span class=sf-dump-protected title=\"Protected property\">escapeWhenCastingToString</span>: <span class=sf-dump-const>false</span>
    </samp>}
    \"<span class=sf-dump-key>taxes</span>\" => <span class=sf-dump-note title=\"Illuminate\\Database\\Eloquent\\Collection
\"><span class=\"sf-dump-ellipsis sf-dump-ellipsis-note\">Illuminate\\Database\\Eloquent</span><span class=\"sf-dump-ellipsis sf-dump-ellipsis-note\">\\</span>Collection</span> {<a class=sf-dump-ref>#3084</a><samp data-depth=3 class=sf-dump-compact>
      #<span class=sf-dump-protected title=\"Protected property\">items</span>: []
      #<span class=sf-dump-protected title=\"Protected property\">escapeWhenCastingToString</span>: <span class=sf-dump-const>false</span>
    </samp>}
    \"<span class=sf-dump-key>reviews</span>\" => <span class=sf-dump-note title=\"Illuminate\\Database\\Eloquent\\Collection
\"><span class=\"sf-dump-ellipsis sf-dump-ellipsis-note\">Illuminate\\Database\\Eloquent</span><span class=\"sf-dump-ellipsis sf-dump-ellipsis-note\">\\</span>Collection</span> {<a class=sf-dump-ref>#3131</a><samp data-depth=3 class=sf-dump-compact>
      #<span class=sf-dump-protected title=\"Protected property\">items</span>: []
      #<span class=sf-dump-protected title=\"Protected property\">escapeWhenCastingToString</span>: <span class=sf-dump-const>false</span>
    </samp>}
    \"<span class=sf-dump-key>brand</span>\" => <span class=sf-dump-const>null</span>
    \"<span class=sf-dump-key>stocks</span>\" => <span class=sf-dump-note title=\"Illuminate\\Database\\Eloquent\\Collection
\"><span class=\"sf-dump-ellipsis sf-dump-ellipsis-note\">Illuminate\\Database\\Eloquent</span><span class=\"sf-dump-ellipsis sf-dump-ellipsis-note\">\\</span>Collection</span> {<a class=sf-dump-ref>#3106</a><samp data-depth=3 class=sf-dump-compact>
      #<span class=sf-dump-protected title=\"Protected property\">items</span>: <span class=sf-dump-note>array:12</span> [ &#8230;12]
      #<span class=sf-dump-protected title=\"Protected property\">escapeWhenCastingToString</span>: <span class=sf-dump-const>false</span>
    </samp>}
    \"<span class=sf-dump-key>user</span>\" => <span class=sf-dump-note title=\"App\\Models\\User
\"><span class=\"sf-dump-ellipsis sf-dump-ellipsis-note\">App\\Models</span><span class=\"sf-dump-ellipsis sf-dump-ellipsis-note\">\\</span>User</span> {<a class=sf-dump-ref>#3176</a><samp data-depth=3 class=sf-dump-compact>
      #<span class=sf-dump-protected title=\"Protected property\">connection</span>: \"<span class=sf-dump-str title=\"5 characters\">mysql</span>\"
      #<span class=sf-dump-protected title=\"Protected property\">table</span>: \"<span class=sf-dump-str title=\"5 characters\">users</span>\"
      #<span class=sf-dump-protected title=\"Protected property\">primaryKey</span>: \"<span class=sf-dump-str title=\"2 characters\">id</span>\"
      #<span class=sf-dump-protected title=\"Protected property\">keyType</span>: \"<span class=sf-dump-str title=\"3 characters\">int</span>\"
      +<span class=sf-dump-public title=\"Public property\">incrementing</span>: <span class=sf-dump-const>true</span>
      #<span class=sf-dump-protected title=\"Protected property\">with</span>: []
      #<span class=sf-dump-protected title=\"Protected property\">withCount</span>: []
      +<span class=sf-dump-public title=\"Public property\">preventsLazyLoading</span>: <span class=sf-dump-const>false</span>
      #<span class=sf-dump-protected title=\"Protected property\">perPage</span>: <span class=sf-dump-num>15</span>
      +<span class=sf-dump-public title=\"Public property\">exists</span>: <span class=sf-dump-const>true</span>
      +<span class=sf-dump-public title=\"Public property\">wasRecentlyCreated</span>: <span class=sf-dump-const>false</span>
      #<span class=sf-dump-protected title=\"Protected property\">escapeWhenCastingToString</span>: <span class=sf-dump-const>false</span>
      #<span class=sf-dump-protected title=\"Protected property\">attributes</span>: <span class=sf-dump-note>array:27</span> [ &#8230;27]
      #<span class=sf-dump-protected title=\"Protected property\">original</span>: <span class=sf-dump-note>array:27</span> [ &#8230;27]
      #<span class=sf-dump-protected title=\"Protected property\">changes</span>: []
      #<span class=sf-dump-protected title=\"Protected property\">casts</span>: []
      #<span class=sf-dump-protected title=\"Protected property\">classCastCache</span>: []
      #<span class=sf-dump-protected title=\"Protected property\">attributeCastCache</span>: []
      #<span class=sf-dump-protected title=\"Protected property\">dates</span>: []
      #<span class=sf-dump-protected title=\"Protected property\">dateFormat</span>: <span class=sf-dump-const>null</span>
      #<span class=sf-dump-protected title=\"Protected property\">appends</span>: []
      #<span class=sf-dump-protected title=\"Protected property\">dispatchesEvents</span>: []
      #<span class=sf-dump-protected title=\"Protected property\">observables</span>: []
      #<span class=sf-dump-protected title=\"Protected property\">relations</span>: <span class=sf-dump-note>array:1</span> [ &#8230;1]
      #<span class=sf-dump-protected title=\"Protected property\">touches</span>: []
      +<span class=sf-dump-public title=\"Public property\">timestamps</span>: <span class=sf-dump-const>true</span>
      #<span class=sf-dump-protected title=\"Protected property\">hidden</span>: <span class=sf-dump-note>array:2</span> [ &#8230;2]
      #<span class=sf-dump-protected title=\"Protected property\">visible</span>: []
      #<span class=sf-dump-protected title=\"Protected property\">fillable</span>: <span class=sf-dump-note>array:11</span> [ &#8230;11]
      #<span class=sf-dump-protected title=\"Protected property\">guarded</span>: <span class=sf-dump-note>array:1</span> [ &#8230;1]
      #<span class=sf-dump-protected title=\"Protected property\">rememberTokenName</span>: \"<span class=sf-dump-str title=\"14 characters\">remember_token</span>\"
      #<span class=sf-dump-protected title=\"Protected property\">accessToken</span>: <span class=sf-dump-const>null</span>
    </samp>}
  </samp>]
  #<span class=sf-dump-protected title=\"Protected property\">touches</span>: []
  +<span class=sf-dump-public title=\"Public property\">timestamps</span>: <span class=sf-dump-const>true</span>
  #<span class=sf-dump-protected title=\"Protected property\">hidden</span>: []
  #<span class=sf-dump-protected title=\"Protected property\">visible</span>: []
  #<span class=sf-dump-protected title=\"Protected property\">fillable</span>: <span class=sf-dump-note>array:21</span> [<samp data-depth=2 class=sf-dump-compact>
    <span class=sf-dump-index>0</span> => \"<span class=sf-dump-str title=\"4 characters\">name</span>\"
    <span class=sf-dump-index>1</span> => \"<span class=sf-dump-str title=\"8 characters\">added_by</span>\"
    <span class=sf-dump-index>2</span> => \"<span class=sf-dump-str title=\"7 characters\">user_id</span>\"
    <span class=sf-dump-index>3</span> => \"<span class=sf-dump-str title=\"11 characters\">category_id</span>\"
    <span class=sf-dump-index>4</span> => \"<span class=sf-dump-str title=\"8 characters\">brand_id</span>\"
    <span class=sf-dump-index>5</span> => \"<span class=sf-dump-str title=\"14 characters\">video_provider</span>\"
    <span class=sf-dump-index>6</span> => \"<span class=sf-dump-str title=\"10 characters\">video_link</span>\"
    <span class=sf-dump-index>7</span> => \"<span class=sf-dump-str title=\"10 characters\">unit_price</span>\"
    <span class=sf-dump-index>8</span> => \"<span class=sf-dump-str title=\"14 characters\">purchase_price</span>\"
    <span class=sf-dump-index>9</span> => \"<span class=sf-dump-str title=\"8 characters\">discount</span>\"
    <span class=sf-dump-index>10</span> => \"<span class=sf-dump-str title=\"13 characters\">discount_type</span>\"
    <span class=sf-dump-index>11</span> => \"<span class=sf-dump-str title=\"4 characters\">unit</span>\"
    <span class=sf-dump-index>12</span> => \"<span class=sf-dump-str title=\"4 characters\">slug</span>\"
    <span class=sf-dump-index>13</span> => \"<span class=sf-dump-str title=\"6 characters\">colors</span>\"
    <span class=sf-dump-index>14</span> => \"<span class=sf-dump-str title=\"14 characters\">choice_options</span>\"
    <span class=sf-dump-index>15</span> => \"<span class=sf-dump-str title=\"10 characters\">variations</span>\"
    <span class=sf-dump-index>16</span> => \"<span class=sf-dump-str title=\"13 characters\">thumbnail_img</span>\"
    <span class=sf-dump-index>17</span> => \"<span class=sf-dump-str title=\"6 characters\">photos</span>\"
    <span class=sf-dump-index>18</span> => \"<span class=sf-dump-str title=\"11 characters\">description</span>\"
    <span class=sf-dump-index>19</span> => \"<span class=sf-dump-str title=\"10 characters\">meta_title</span>\"
    <span class=sf-dump-index>20</span> => \"<span class=sf-dump-str title=\"16 characters\">meta_description</span>\"
  </samp>]
  #<span class=sf-dump-protected title=\"Protected property\">guarded</span>: <span class=sf-dump-note>array:1</span> [<samp data-depth=2 class=sf-dump-compact>
    <span class=sf-dump-index>0</span> => \"<span class=sf-dump-str>*</span>\"
  </samp>]
</samp>}
</pre><script>Sfdump(\"sf-dump-533026124\", {\"maxDepth\":3,\"maxStringLength\":160})</script>
"}},"userId":20,"exception":"[object] (Facade\\Ignition\\Exceptions\\ViewException(code: 0): Call to a member function getTranslation() on null (View: C:\\laragon\\www\\thugos\\resources\\views\\frontend\\product_details.blade.php) at C:\\laragon\\www\\thugos\\resources\\views/frontend/product_details.blade.php:198)
[stacktrace]
#0 C:\\laragon\\www\\thugos\\vendor\\laravel\\framework\\src\\Illuminate\\Filesystem\\Filesystem.php(107): require()
#1 C:\\laragon\\www\\thugos\\vendor\\laravel\\framework\\src\\Illuminate\\Filesystem\\Filesystem.php(108): Illuminate\\Filesystem\\Filesystem::Illuminate\\Filesystem\\{closure}()
#2 C:\\laragon\\www\\thugos\\vendor\\laravel\\framework\\src\\Illuminate\\View\\Engines\\PhpEngine.php(58): Illuminate\\Filesystem\\Filesystem->getRequire('C:\\\\laragon\\\\www\\\\...', Array)
#3 C:\\laragon\\www\\thugos\\vendor\\laravel\\framework\\src\\Illuminate\\View\\Engines\\CompilerEngine.php(61): Illuminate\\View\\Engines\\PhpEngine->evaluatePath('C:\\\\laragon\\\\www\\\\...', Array)
#4 C:\\laragon\\www\\thugos\\vendor\\facade\\ignition\\src\\Views\\Engines\\CompilerEngine.php(37): Illuminate\\View\\Engines\\CompilerEngine->get('C:\\\\laragon\\\\www\\\\...', Array)
#5 C:\\laragon\\www\\thugos\\vendor\\laravel\\framework\\src\\Illuminate\\View\\View.php(139): Facade\\Ignition\\Views\\Engines\\CompilerEngine->get('C:\\\\laragon\\\\www\\\\...', Array)
#6 C:\\laragon\\www\\thugos\\vendor\\laravel\\framework\\src\\Illuminate\\View\\View.php(122): Illuminate\\View\\View->getContents()
#7 C:\\laragon\\www\\thugos\\vendor\\laravel\\framework\\src\\Illuminate\\View\\View.php(91): Illuminate\\View\\View->renderContents()
#8 C:\\laragon\\www\\thugos\\vendor\\laravel\\framework\\src\\Illuminate\\Http\\Response.php(69): Illuminate\\View\\View->render()
#9 C:\\laragon\\www\\thugos\\vendor\\laravel\\framework\\src\\Illuminate\\Http\\Response.php(35): Illuminate\\Http\\Response->setContent(Object(Illuminate\\View\\View))
#10 C:\\laragon\\www\\thugos\\vendor\\laravel\\framework\\src\\Illuminate\\Routing\\Router.php(820): Illuminate\\Http\\Response->__construct(Object(Illuminate\\View\\View), 200, Array)
#11 C:\\laragon\\www\\thugos\\vendor\\laravel\\framework\\src\\Illuminate\\Routing\\Router.php(789): Illuminate\\Routing\\Router::toResponse(Object(Illuminate\\Http\\Request), Object(Illuminate\\View\\View))
#12 C:\\laragon\\www\\thugos\\vendor\\laravel\\framework\\src\\Illuminate\\Routing\\Router.php(720): Illuminate\\Routing\\Router->prepareResponse(Object(Illuminate\\Http\\Request), Object(Illuminate\\View\\View))
#13 C:\\laragon\\www\\thugos\\vendor\\laravel\\framework\\src\\Illuminate\\Pipeline\\Pipeline.php(128): Illuminate\\Routing\\Router->Illuminate\\Routing\\{closure}(Object(Illuminate\\Http\\Request))
#14 C:\\laragon\\www\\thugos\\app\\Http\\Middleware\\CheckForMaintenanceMode.php(58): Illuminate\\Pipeline\\Pipeline->Illuminate\\Pipeline\\{closure}(Object(Illuminate\\Http\\Request))
#15 C:\\laragon\\www\\thugos\\vendor\\laravel\\framework\\src\\Illuminate\\Pipeline\\Pipeline.php(167): App\\Http\\Middleware\\CheckForMaintenanceMode->handle(Object(Illuminate\\Http\\Request), Object(Closure))
#16 C:\\laragon\\www\\thugos\\app\\Http\\Middleware\\HttpsProtocol.php(20): Illuminate\\Pipeline\\Pipeline->Illuminate\\Pipeline\\{closure}(Object(Illuminate\\Http\\Request))
#17 C:\\laragon\\www\\thugos\\vendor\\laravel\\framework\\src\\Illuminate\\Pipeline\\Pipeline.php(167): App\\Http\\Middleware\\HttpsProtocol->handle(Object(Illuminate\\Http\\Request), Object(Closure))
#18 C:\\laragon\\www\\thugos\\app\\Http\\Middleware\\Language.php(31): Illuminate\\Pipeline\\Pipeline->Illuminate\\Pipeline\\{closure}(Object(Illuminate\\Http\\Request))
#19 C:\\laragon\\www\\thugos\\vendor\\laravel\\framework\\src\\Illuminate\\Pipeline\\Pipeline.php(167): App\\Http\\Middleware\\Language->handle(Object(Illuminate\\Http\\Request), Object(Closure))
#20 C:\\laragon\\www\\thugos\\vendor\\laravel\\framework\\src\\Illuminate\\Routing\\Middleware\\SubstituteBindings.php(50): Illuminate\\Pipeline\\Pipeline->Illuminate\\Pipeline\\{closure}(Object(Illuminate\\Http\\Request))
#21 C:\\laragon\\www\\thugos\\vendor\\laravel\\framework\\src\\Illuminate\\Pipeline\\Pipeline.php(167): Illuminate\\Routing\\Middleware\\SubstituteBindings->handle(Object(Illuminate\\Http\\Request), Object(Closure))
#22 C:\\laragon\\www\\thugos\\vendor\\laravel\\framework\\src\\Illuminate\\Foundation\\Http\\Middleware\\VerifyCsrfToken.php(78): Illuminate\\Pipeline\\Pipeline->Illuminate\\Pipeline\\{closure}(Object(Illuminate\\Http\\Request))
#23 C:\\laragon\\www\\thugos\\vendor\\laravel\\framework\\src\\Illuminate\\Pipeline\\Pipeline.php(167): Illuminate\\Foundation\\Http\\Middleware\\VerifyCsrfToken->handle(Object(Illuminate\\Http\\Request), Object(Closure))
#24 C:\\laragon\\www\\thugos\\vendor\\laravel\\framework\\src\\Illuminate\\View\\Middleware\\ShareErrorsFromSession.php(49): Illuminate\\Pipeline\\Pipeline->Illuminate\\Pipeline\\{closure}(Object(Illuminate\\Http\\Request))
#25 C:\\laragon\\www\\thugos\\vendor\\laravel\\framework\\src\\Illuminate\\Pipeline\\Pipeline.php(167): Illuminate\\View\\Middleware\\ShareErrorsFromSession->handle(Object(Illuminate\\Http\\Request), Object(Closure))
#26 C:\\laragon\\www\\thugos\\vendor\\laravel\\framework\\src\\Illuminate\\Session\\Middleware\\StartSession.php(121): Illuminate\\Pipeline\\Pipeline->Illuminate\\Pipeline\\{closure}(Object(Illuminate\\Http\\Request))
#27 C:\\laragon\\www\\thugos\\vendor\\laravel\\framework\\src\\Illuminate\\Session\\Middleware\\StartSession.php(64): Illuminate\\Session\\Middleware\\StartSession->handleStatefulRequest(Object(Illuminate\\Http\\Request), Object(Illuminate\\Session\\Store), Object(Closure))
#28 C:\\laragon\\www\\thugos\\vendor\\laravel\\framework\\src\\Illuminate\\Pipeline\\Pipeline.php(167): Illuminate\\Session\\Middleware\\StartSession->handle(Object(Illuminate\\Http\\Request), Object(Closure))
#29 C:\\laragon\\www\\thugos\\vendor\\laravel\\framework\\src\\Illuminate\\Cookie\\Middleware\\AddQueuedCookiesToResponse.php(37): Illuminate\\Pipeline\\Pipeline->Illuminate\\Pipeline\\{closure}(Object(Illuminate\\Http\\Request))
#30 C:\\laragon\\www\\thugos\\vendor\\laravel\\framework\\src\\Illuminate\\Pipeline\\Pipeline.php(167): Illuminate\\Cookie\\Middleware\\AddQueuedCookiesToResponse->handle(Object(Illuminate\\Http\\Request), Object(Closure))
#31 C:\\laragon\\www\\thugos\\vendor\\laravel\\framework\\src\\Illuminate\\Pipeline\\Pipeline.php(103): Illuminate\\Pipeline\\Pipeline->Illuminate\\Pipeline\\{closure}(Object(Illuminate\\Http\\Request))
#32 C:\\laragon\\www\\thugos\\vendor\\laravel\\framework\\src\\Illuminate\\Routing\\Router.php(719): Illuminate\\Pipeline\\Pipeline->then(Object(Closure))
#33 C:\\laragon\\www\\thugos\\vendor\\laravel\\framework\\src\\Illuminate\\Routing\\Router.php(698): Illuminate\\Routing\\Router->runRouteWithinStack(Object(Illuminate\\Routing\\Route), Object(Illuminate\\Http\\Request))
#34 C:\\laragon\\www\\thugos\\vendor\\laravel\\framework\\src\\Illuminate\\Routing\\Router.php(662): Illuminate\\Routing\\Router->runRoute(Object(Illuminate\\Http\\Request), Object(Illuminate\\Routing\\Route))
#35 C:\\laragon\\www\\thugos\\vendor\\laravel\\framework\\src\\Illuminate\\Routing\\Router.php(651): Illuminate\\Routing\\Router->dispatchToRoute(Object(Illuminate\\Http\\Request))
#36 C:\\laragon\\www\\thugos\\vendor\\laravel\\framework\\src\\Illuminate\\Foundation\\Http\\Kernel.php(167): Illuminate\\Routing\\Router->dispatch(Object(Illuminate\\Http\\Request))
#37 C:\\laragon\\www\\thugos\\vendor\\laravel\\framework\\src\\Illuminate\\Pipeline\\Pipeline.php(128): Illuminate\\Foundation\\Http\\Kernel->Illuminate\\Foundation\\Http\\{closure}(Object(Illuminate\\Http\\Request))
#38 C:\\laragon\\www\\thugos\\vendor\\barryvdh\\laravel-debugbar\\src\\Middleware\\InjectDebugbar.php(66): Illuminate\\Pipeline\\Pipeline->Illuminate\\Pipeline\\{closure}(Object(Illuminate\\Http\\Request))
#39 C:\\laragon\\www\\thugos\\vendor\\laravel\\framework\\src\\Illuminate\\Pipeline\\Pipeline.php(167): Barryvdh\\Debugbar\\Middleware\\InjectDebugbar->handle(Object(Illuminate\\Http\\Request), Object(Closure))
#40 C:\\laragon\\www\\thugos\\vendor\\fideloper\\proxy\\src\\TrustProxies.php(57): Illuminate\\Pipeline\\Pipeline->Illuminate\\Pipeline\\{closure}(Object(Illuminate\\Http\\Request))
#41 C:\\laragon\\www\\thugos\\vendor\\laravel\\framework\\src\\Illuminate\\Pipeline\\Pipeline.php(167): Fideloper\\Proxy\\TrustProxies->handle(Object(Illuminate\\Http\\Request), Object(Closure))
#42 C:\\laragon\\www\\thugos\\vendor\\laravel\\framework\\src\\Illuminate\\Foundation\\Http\\Middleware\\TransformsRequest.php(21): Illuminate\\Pipeline\\Pipeline->Illuminate\\Pipeline\\{closure}(Object(Illuminate\\Http\\Request))
#43 C:\\laragon\\www\\thugos\\vendor\\laravel\\framework\\src\\Illuminate\\Foundation\\Http\\Middleware\\ConvertEmptyStringsToNull.php(31): Illuminate\\Foundation\\Http\\Middleware\\TransformsRequest->handle(Object(Illuminate\\Http\\Request), Object(Closure))
#44 C:\\laragon\\www\\thugos\\vendor\\laravel\\framework\\src\\Illuminate\\Pipeline\\Pipeline.php(167): Illuminate\\Foundation\\Http\\Middleware\\ConvertEmptyStringsToNull->handle(Object(Illuminate\\Http\\Request), Object(Closure))
#45 C:\\laragon\\www\\thugos\\vendor\\laravel\\framework\\src\\Illuminate\\Foundation\\Http\\Middleware\\TransformsRequest.php(21): Illuminate\\Pipeline\\Pipeline->Illuminate\\Pipeline\\{closure}(Object(Illuminate\\Http\\Request))
#46 C:\\laragon\\www\\thugos\\vendor\\laravel\\framework\\src\\Illuminate\\Foundation\\Http\\Middleware\\TrimStrings.php(40): Illuminate\\Foundation\\Http\\Middleware\\TransformsRequest->handle(Object(Illuminate\\Http\\Request), Object(Closure))
#47 C:\\laragon\\www\\thugos\\vendor\\laravel\\framework\\src\\Illuminate\\Pipeline\\Pipeline.php(167): Illuminate\\Foundation\\Http\\Middleware\\TrimStrings->handle(Object(Illuminate\\Http\\Request), Object(Closure))
#48 C:\\laragon\\www\\thugos\\vendor\\laravel\\framework\\src\\Illuminate\\Foundation\\Http\\Middleware\\ValidatePostSize.php(27): Illuminate\\Pipeline\\Pipeline->Illuminate\\Pipeline\\{closure}(Object(Illuminate\\Http\\Request))
#49 C:\\laragon\\www\\thugos\\vendor\\laravel\\framework\\src\\Illuminate\\Pipeline\\Pipeline.php(167): Illuminate\\Foundation\\Http\\Middleware\\ValidatePostSize->handle(Object(Illuminate\\Http\\Request), Object(Closure))
#50 C:\\laragon\\www\\thugos\\vendor\\laravel\\framework\\src\\Illuminate\\Pipeline\\Pipeline.php(103): Illuminate\\Pipeline\\Pipeline->Illuminate\\Pipeline\\{closure}(Object(Illuminate\\Http\\Request))
#51 C:\\laragon\\www\\thugos\\vendor\\laravel\\framework\\src\\Illuminate\\Foundation\\Http\\Kernel.php(142): Illuminate\\Pipeline\\Pipeline->then(Object(Closure))
#52 C:\\laragon\\www\\thugos\\vendor\\laravel\\framework\\src\\Illuminate\\Foundation\\Http\\Kernel.php(111): Illuminate\\Foundation\\Http\\Kernel->sendRequestThroughRouter(Object(Illuminate\\Http\\Request))
#53 C:\\laragon\\www\\thugos\\index.php(56): Illuminate\\Foundation\\Http\\Kernel->handle(Object(Illuminate\\Http\\Request))
#54 {main}

[previous exception] [object] (Error(code: 0): Call to a member function getTranslation() on null at C:\\laragon\\www\\thugos\\storage\\framework\\views\\c1db00fa2ac7e62e36e0c78b5ff5259930b59933.php:206)
[stacktrace]
#0 C:\\laragon\\www\\thugos\\vendor\\laravel\\framework\\src\\Illuminate\\Filesystem\\Filesystem.php(107): require()
#1 C:\\laragon\\www\\thugos\\vendor\\laravel\\framework\\src\\Illuminate\\Filesystem\\Filesystem.php(108): Illuminate\\Filesystem\\Filesystem::Illuminate\\Filesystem\\{closure}()
#2 C:\\laragon\\www\\thugos\\vendor\\laravel\\framework\\src\\Illuminate\\View\\Engines\\PhpEngine.php(58): Illuminate\\Filesystem\\Filesystem->getRequire('C:\\\\laragon\\\\www\\\\...', Array)
#3 C:\\laragon\\www\\thugos\\vendor\\laravel\\framework\\src\\Illuminate\\View\\Engines\\CompilerEngine.php(61): Illuminate\\View\\Engines\\PhpEngine->evaluatePath('C:\\\\laragon\\\\www\\\\...', Array)
#4 C:\\laragon\\www\\thugos\\vendor\\facade\\ignition\\src\\Views\\Engines\\CompilerEngine.php(37): Illuminate\\View\\Engines\\CompilerEngine->get('C:\\\\laragon\\\\www\\\\...', Array)
#5 C:\\laragon\\www\\thugos\\vendor\\laravel\\framework\\src\\Illuminate\\View\\View.php(139): Facade\\Ignition\\Views\\Engines\\CompilerEngine->get('C:\\\\laragon\\\\www\\\\...', Array)
#6 C:\\laragon\\www\\thugos\\vendor\\laravel\\framework\\src\\Illuminate\\View\\View.php(122): Illuminate\\View\\View->getContents()
#7 C:\\laragon\\www\\thugos\\vendor\\laravel\\framework\\src\\Illuminate\\View\\View.php(91): Illuminate\\View\\View->renderContents()
#8 C:\\laragon\\www\\thugos\\vendor\\laravel\\framework\\src\\Illuminate\\Http\\Response.php(69): Illuminate\\View\\View->render()
#9 C:\\laragon\\www\\thugos\\vendor\\laravel\\framework\\src\\Illuminate\\Http\\Response.php(35): Illuminate\\Http\\Response->setContent(Object(Illuminate\\View\\View))
#10 C:\\laragon\\www\\thugos\\vendor\\laravel\\framework\\src\\Illuminate\\Routing\\Router.php(820): Illuminate\\Http\\Response->__construct(Object(Illuminate\\View\\View), 200, Array)
#11 C:\\laragon\\www\\thugos\\vendor\\laravel\\framework\\src\\Illuminate\\Routing\\Router.php(789): Illuminate\\Routing\\Router::toResponse(Object(Illuminate\\Http\\Request), Object(Illuminate\\View\\View))
#12 C:\\laragon\\www\\thugos\\vendor\\laravel\\framework\\src\\Illuminate\\Routing\\Router.php(720): Illuminate\\Routing\\Router->prepareResponse(Object(Illuminate\\Http\\Request), Object(Illuminate\\View\\View))
#13 C:\\laragon\\www\\thugos\\vendor\\laravel\\framework\\src\\Illuminate\\Pipeline\\Pipeline.php(128): Illuminate\\Routing\\Router->Illuminate\\Routing\\{closure}(Object(Illuminate\\Http\\Request))
#14 C:\\laragon\\www\\thugos\\app\\Http\\Middleware\\CheckForMaintenanceMode.php(58): Illuminate\\Pipeline\\Pipeline->Illuminate\\Pipeline\\{closure}(Object(Illuminate\\Http\\Request))
#15 C:\\laragon\\www\\thugos\\vendor\\laravel\\framework\\src\\Illuminate\\Pipeline\\Pipeline.php(167): App\\Http\\Middleware\\CheckForMaintenanceMode->handle(Object(Illuminate\\Http\\Request), Object(Closure))
#16 C:\\laragon\\www\\thugos\\app\\Http\\Middleware\\HttpsProtocol.php(20): Illuminate\\Pipeline\\Pipeline->Illuminate\\Pipeline\\{closure}(Object(Illuminate\\Http\\Request))
#17 C:\\laragon\\www\\thugos\\vendor\\laravel\\framework\\src\\Illuminate\\Pipeline\\Pipeline.php(167): App\\Http\\Middleware\\HttpsProtocol->handle(Object(Illuminate\\Http\\Request), Object(Closure))
#18 C:\\laragon\\www\\thugos\\app\\Http\\Middleware\\Language.php(31): Illuminate\\Pipeline\\Pipeline->Illuminate\\Pipeline\\{closure}(Object(Illuminate\\Http\\Request))
#19 C:\\laragon\\www\\thugos\\vendor\\laravel\\framework\\src\\Illuminate\\Pipeline\\Pipeline.php(167): App\\Http\\Middleware\\Language->handle(Object(Illuminate\\Http\\Request), Object(Closure))
#20 C:\\laragon\\www\\thugos\\vendor\\laravel\\framework\\src\\Illuminate\\Routing\\Middleware\\SubstituteBindings.php(50): Illuminate\\Pipeline\\Pipeline->Illuminate\\Pipeline\\{closure}(Object(Illuminate\\Http\\Request))
#21 C:\\laragon\\www\\thugos\\vendor\\laravel\\framework\\src\\Illuminate\\Pipeline\\Pipeline.php(167): Illuminate\\Routing\\Middleware\\SubstituteBindings->handle(Object(Illuminate\\Http\\Request), Object(Closure))
#22 C:\\laragon\\www\\thugos\\vendor\\laravel\\framework\\src\\Illuminate\\Foundation\\Http\\Middleware\\VerifyCsrfToken.php(78): Illuminate\\Pipeline\\Pipeline->Illuminate\\Pipeline\\{closure}(Object(Illuminate\\Http\\Request))
#23 C:\\laragon\\www\\thugos\\vendor\\laravel\\framework\\src\\Illuminate\\Pipeline\\Pipeline.php(167): Illuminate\\Foundation\\Http\\Middleware\\VerifyCsrfToken->handle(Object(Illuminate\\Http\\Request), Object(Closure))
#24 C:\\laragon\\www\\thugos\\vendor\\laravel\\framework\\src\\Illuminate\\View\\Middleware\\ShareErrorsFromSession.php(49): Illuminate\\Pipeline\\Pipeline->Illuminate\\Pipeline\\{closure}(Object(Illuminate\\Http\\Request))
#25 C:\\laragon\\www\\thugos\\vendor\\laravel\\framework\\src\\Illuminate\\Pipeline\\Pipeline.php(167): Illuminate\\View\\Middleware\\ShareErrorsFromSession->handle(Object(Illuminate\\Http\\Request), Object(Closure))
#26 C:\\laragon\\www\\thugos\\vendor\\laravel\\framework\\src\\Illuminate\\Session\\Middleware\\StartSession.php(121): Illuminate\\Pipeline\\Pipeline->Illuminate\\Pipeline\\{closure}(Object(Illuminate\\Http\\Request))
#27 C:\\laragon\\www\\thugos\\vendor\\laravel\\framework\\src\\Illuminate\\Session\\Middleware\\StartSession.php(64): Illuminate\\Session\\Middleware\\StartSession->handleStatefulRequest(Object(Illuminate\\Http\\Request), Object(Illuminate\\Session\\Store), Object(Closure))
#28 C:\\laragon\\www\\thugos\\vendor\\laravel\\framework\\src\\Illuminate\\Pipeline\\Pipeline.php(167): Illuminate\\Session\\Middleware\\StartSession->handle(Object(Illuminate\\Http\\Request), Object(Closure))
#29 C:\\laragon\\www\\thugos\\vendor\\laravel\\framework\\src\\Illuminate\\Cookie\\Middleware\\AddQueuedCookiesToResponse.php(37): Illuminate\\Pipeline\\Pipeline->Illuminate\\Pipeline\\{closure}(Object(Illuminate\\Http\\Request))
#30 C:\\laragon\\www\\thugos\\vendor\\laravel\\framework\\src\\Illuminate\\Pipeline\\Pipeline.php(167): Illuminate\\Cookie\\Middleware\\AddQueuedCookiesToResponse->handle(Object(Illuminate\\Http\\Request), Object(Closure))
#31 C:\\laragon\\www\\thugos\\vendor\\laravel\\framework\\src\\Illuminate\\Pipeline\\Pipeline.php(103): Illuminate\\Pipeline\\Pipeline->Illuminate\\Pipeline\\{closure}(Object(Illuminate\\Http\\Request))
#32 C:\\laragon\\www\\thugos\\vendor\\laravel\\framework\\src\\Illuminate\\Routing\\Router.php(719): Illuminate\\Pipeline\\Pipeline->then(Object(Closure))
#33 C:\\laragon\\www\\thugos\\vendor\\laravel\\framework\\src\\Illuminate\\Routing\\Router.php(698): Illuminate\\Routing\\Router->runRouteWithinStack(Object(Illuminate\\Routing\\Route), Object(Illuminate\\Http\\Request))
#34 C:\\laragon\\www\\thugos\\vendor\\laravel\\framework\\src\\Illuminate\\Routing\\Router.php(662): Illuminate\\Routing\\Router->runRoute(Object(Illuminate\\Http\\Request), Object(Illuminate\\Routing\\Route))
#35 C:\\laragon\\www\\thugos\\vendor\\laravel\\framework\\src\\Illuminate\\Routing\\Router.php(651): Illuminate\\Routing\\Router->dispatchToRoute(Object(Illuminate\\Http\\Request))
#36 C:\\laragon\\www\\thugos\\vendor\\laravel\\framework\\src\\Illuminate\\Foundation\\Http\\Kernel.php(167): Illuminate\\Routing\\Router->dispatch(Object(Illuminate\\Http\\Request))
#37 C:\\laragon\\www\\thugos\\vendor\\laravel\\framework\\src\\Illuminate\\Pipeline\\Pipeline.php(128): Illuminate\\Foundation\\Http\\Kernel->Illuminate\\Foundation\\Http\\{closure}(Object(Illuminate\\Http\\Request))
#38 C:\\laragon\\www\\thugos\\vendor\\barryvdh\\laravel-debugbar\\src\\Middleware\\InjectDebugbar.php(66): Illuminate\\Pipeline\\Pipeline->Illuminate\\Pipeline\\{closure}(Object(Illuminate\\Http\\Request))
#39 C:\\laragon\\www\\thugos\\vendor\\laravel\\framework\\src\\Illuminate\\Pipeline\\Pipeline.php(167): Barryvdh\\Debugbar\\Middleware\\InjectDebugbar->handle(Object(Illuminate\\Http\\Request), Object(Closure))
#40 C:\\laragon\\www\\thugos\\vendor\\fideloper\\proxy\\src\\TrustProxies.php(57): Illuminate\\Pipeline\\Pipeline->Illuminate\\Pipeline\\{closure}(Object(Illuminate\\Http\\Request))
#41 C:\\laragon\\www\\thugos\\vendor\\laravel\\framework\\src\\Illuminate\\Pipeline\\Pipeline.php(167): Fideloper\\Proxy\\TrustProxies->handle(Object(Illuminate\\Http\\Request), Object(Closure))
#42 C:\\laragon\\www\\thugos\\vendor\\laravel\\framework\\src\\Illuminate\\Foundation\\Http\\Middleware\\TransformsRequest.php(21): Illuminate\\Pipeline\\Pipeline->Illuminate\\Pipeline\\{closure}(Object(Illuminate\\Http\\Request))
#43 C:\\laragon\\www\\thugos\\vendor\\laravel\\framework\\src\\Illuminate\\Foundation\\Http\\Middleware\\ConvertEmptyStringsToNull.php(31): Illuminate\\Foundation\\Http\\Middleware\\TransformsRequest->handle(Object(Illuminate\\Http\\Request), Object(Closure))
#44 C:\\laragon\\www\\thugos\\vendor\\laravel\\framework\\src\\Illuminate\\Pipeline\\Pipeline.php(167): Illuminate\\Foundation\\Http\\Middleware\\ConvertEmptyStringsToNull->handle(Object(Illuminate\\Http\\Request), Object(Closure))
#45 C:\\laragon\\www\\thugos\\vendor\\laravel\\framework\\src\\Illuminate\\Foundation\\Http\\Middleware\\TransformsRequest.php(21): Illuminate\\Pipeline\\Pipeline->Illuminate\\Pipeline\\{closure}(Object(Illuminate\\Http\\Request))
#46 C:\\laragon\\www\\thugos\\vendor\\laravel\\framework\\src\\Illuminate\\Foundation\\Http\\Middleware\\TrimStrings.php(40): Illuminate\\Foundation\\Http\\Middleware\\TransformsRequest->handle(Object(Illuminate\\Http\\Request), Object(Closure))
#47 C:\\laragon\\www\\thugos\\vendor\\laravel\\framework\\src\\Illuminate\\Pipeline\\Pipeline.php(167): Illuminate\\Foundation\\Http\\Middleware\\TrimStrings->handle(Object(Illuminate\\Http\\Request), Object(Closure))
#48 C:\\laragon\\www\\thugos\\vendor\\laravel\\framework\\src\\Illuminate\\Foundation\\Http\\Middleware\\ValidatePostSize.php(27): Illuminate\\Pipeline\\Pipeline->Illuminate\\Pipeline\\{closure}(Object(Illuminate\\Http\\Request))
#49 C:\\laragon\\www\\thugos\\vendor\\laravel\\framework\\src\\Illuminate\\Pipeline\\Pipeline.php(167): Illuminate\\Foundation\\Http\\Middleware\\ValidatePostSize->handle(Object(Illuminate\\Http\\Request), Object(Closure))
#50 C:\\laragon\\www\\thugos\\vendor\\laravel\\framework\\src\\Illuminate\\Pipeline\\Pipeline.php(103): Illuminate\\Pipeline\\Pipeline->Illuminate\\Pipeline\\{closure}(Object(Illuminate\\Http\\Request))
#51 C:\\laragon\\www\\thugos\\vendor\\laravel\\framework\\src\\Illuminate\\Foundation\\Http\\Kernel.php(142): Illuminate\\Pipeline\\Pipeline->then(Object(Closure))
#52 C:\\laragon\\www\\thugos\\vendor\\laravel\\framework\\src\\Illuminate\\Foundation\\Http\\Kernel.php(111): Illuminate\\Foundation\\Http\\Kernel->sendRequestThroughRouter(Object(Illuminate\\Http\\Request))
#53 C:\\laragon\\www\\thugos\\index.php(56): Illuminate\\Foundation\\Http\\Kernel->handle(Object(Illuminate\\Http\\Request))
#54 {main}
"} 
[2025-07-03 20:10:10] local.ERROR: Uncaught ReflectionException: Class "App\Policies\ModelPolicy" does not exist in Command line code:1
Stack trace:
#0 Command line code(1): ReflectionClass->__construct('App\\Policies\\Mo...')
#1 [internal function]: {closure}('App\\Policies\\Mo...', 'App\\Model')
#2 Command line code(1): array_map(Object(Closure), Array, Array)
#3 {main}
  thrown {"exception":"[object] (Symfony\\Component\\ErrorHandler\\Error\\FatalError(code: 0): Uncaught ReflectionException: Class \"App\\Policies\\ModelPolicy\" does not exist in Command line code:1
Stack trace:
#0 Command line code(1): ReflectionClass->__construct('App\\\\Policies\\\\Mo...')
#1 [internal function]: {closure}('App\\\\Policies\\\\Mo...', 'App\\\\Model')
#2 Command line code(1): array_map(Object(Closure), Array, Array)
#3 {main}
  thrown at Command line code:1)
[stacktrace]
#0 {main}
"} 
[2025-07-03 20:11:10] local.ERROR: Uncaught ReflectionException: Class "App\Policies\ModelPolicy" does not exist in Command line code:1
Stack trace:
#0 Command line code(1): ReflectionClass->__construct('App\\Policies\\Mo...')
#1 [internal function]: {closure}('App\\Policies\\Mo...', 'App\\Model')
#2 Command line code(1): array_map(Object(Closure), Array, Array)
#3 {main}
  thrown {"exception":"[object] (Symfony\\Component\\ErrorHandler\\Error\\FatalError(code: 0): Uncaught ReflectionException: Class \"App\\Policies\\ModelPolicy\" does not exist in Command line code:1
Stack trace:
#0 Command line code(1): ReflectionClass->__construct('App\\\\Policies\\\\Mo...')
#1 [internal function]: {closure}('App\\\\Policies\\\\Mo...', 'App\\\\Model')
#2 Command line code(1): array_map(Object(Closure), Array, Array)
#3 {main}
  thrown at Command line code:1)
[stacktrace]
#0 {main}
"} 
[2025-07-03 20:12:10] local.ERROR: Uncaught ReflectionException: Class "App\Policies\ModelPolicy" does not exist in Command line code:1
Stack trace:
#0 Command line code(1): ReflectionClass->__construct('App\\Policies\\Mo...')
#1 [internal function]: {closure}('App\\Policies\\Mo...', 'App\\Model')
#2 Command line code(1): array_map(Object(Closure), Array, Array)
#3 {main}
  thrown {"exception":"[object] (Symfony\\Component\\ErrorHandler\\Error\\FatalError(code: 0): Uncaught ReflectionException: Class \"App\\Policies\\ModelPolicy\" does not exist in Command line code:1
Stack trace:
#0 Command line code(1): ReflectionClass->__construct('App\\\\Policies\\\\Mo...')
#1 [internal function]: {closure}('App\\\\Policies\\\\Mo...', 'App\\\\Model')
#2 Command line code(1): array_map(Object(Closure), Array, Array)
#3 {main}
  thrown at Command line code:1)
[stacktrace]
#0 {main}
"} 
[2025-07-03 20:13:10] local.ERROR: Uncaught ReflectionException: Class "App\Policies\ModelPolicy" does not exist in Command line code:1
Stack trace:
#0 Command line code(1): ReflectionClass->__construct('App\\Policies\\Mo...')
#1 [internal function]: {closure}('App\\Policies\\Mo...', 'App\\Model')
#2 Command line code(1): array_map(Object(Closure), Array, Array)
#3 {main}
  thrown {"exception":"[object] (Symfony\\Component\\ErrorHandler\\Error\\FatalError(code: 0): Uncaught ReflectionException: Class \"App\\Policies\\ModelPolicy\" does not exist in Command line code:1
Stack trace:
#0 Command line code(1): ReflectionClass->__construct('App\\\\Policies\\\\Mo...')
#1 [internal function]: {closure}('App\\\\Policies\\\\Mo...', 'App\\\\Model')
#2 Command line code(1): array_map(Object(Closure), Array, Array)
#3 {main}
  thrown at Command line code:1)
[stacktrace]
#0 {main}
"} 
[2025-07-03 20:14:10] local.ERROR: Uncaught ReflectionException: Class "App\Policies\ModelPolicy" does not exist in Command line code:1
Stack trace:
#0 Command line code(1): ReflectionClass->__construct('App\\Policies\\Mo...')
#1 [internal function]: {closure}('App\\Policies\\Mo...', 'App\\Model')
#2 Command line code(1): array_map(Object(Closure), Array, Array)
#3 {main}
  thrown {"exception":"[object] (Symfony\\Component\\ErrorHandler\\Error\\FatalError(code: 0): Uncaught ReflectionException: Class \"App\\Policies\\ModelPolicy\" does not exist in Command line code:1
Stack trace:
#0 Command line code(1): ReflectionClass->__construct('App\\\\Policies\\\\Mo...')
#1 [internal function]: {closure}('App\\\\Policies\\\\Mo...', 'App\\\\Model')
#2 Command line code(1): array_map(Object(Closure), Array, Array)
#3 {main}
  thrown at Command line code:1)
[stacktrace]
#0 {main}
"} 
[2025-07-03 20:14:23] local.ERROR: foreach() argument must be of type array|object, null given {"userId":20,"exception":"[object] (ErrorException(code: 0): foreach() argument must be of type array|object, null given at C:\\laragon\\www\\thugos\\app\\Http\\Controllers\\ProductController.php:1072)
[stacktrace]
#0 C:\\laragon\\www\\thugos\\app\\Http\\Controllers\\ProductController.php(1072): Illuminate\\Foundation\\Bootstrap\\HandleExceptions->handleError(2, 'foreach() argum...', 'C:\\\\laragon\\\\www\\\\...', 1072)
#1 C:\\laragon\\www\\thugos\\vendor\\laravel\\framework\\src\\Illuminate\\Routing\\Controller.php(54): App\\Http\\Controllers\\ProductController->sku_combination_edit(Object(Illuminate\\Http\\Request))
#2 C:\\laragon\\www\\thugos\\vendor\\laravel\\framework\\src\\Illuminate\\Routing\\ControllerDispatcher.php(45): Illuminate\\Routing\\Controller->callAction('sku_combination...', Array)
#3 C:\\laragon\\www\\thugos\\vendor\\laravel\\framework\\src\\Illuminate\\Routing\\Route.php(261): Illuminate\\Routing\\ControllerDispatcher->dispatch(Object(Illuminate\\Routing\\Route), Object(App\\Http\\Controllers\\ProductController), 'sku_combination...')
#4 C:\\laragon\\www\\thugos\\vendor\\laravel\\framework\\src\\Illuminate\\Routing\\Route.php(205): Illuminate\\Routing\\Route->runController()
#5 C:\\laragon\\www\\thugos\\vendor\\laravel\\framework\\src\\Illuminate\\Routing\\Router.php(721): Illuminate\\Routing\\Route->run()
#6 C:\\laragon\\www\\thugos\\vendor\\laravel\\framework\\src\\Illuminate\\Pipeline\\Pipeline.php(128): Illuminate\\Routing\\Router->Illuminate\\Routing\\{closure}(Object(Illuminate\\Http\\Request))
#7 C:\\laragon\\www\\thugos\\app\\Http\\Middleware\\CheckForMaintenanceMode.php(58): Illuminate\\Pipeline\\Pipeline->Illuminate\\Pipeline\\{closure}(Object(Illuminate\\Http\\Request))
#8 C:\\laragon\\www\\thugos\\vendor\\laravel\\framework\\src\\Illuminate\\Pipeline\\Pipeline.php(167): App\\Http\\Middleware\\CheckForMaintenanceMode->handle(Object(Illuminate\\Http\\Request), Object(Closure))
#9 C:\\laragon\\www\\thugos\\app\\Http\\Middleware\\HttpsProtocol.php(20): Illuminate\\Pipeline\\Pipeline->Illuminate\\Pipeline\\{closure}(Object(Illuminate\\Http\\Request))
#10 C:\\laragon\\www\\thugos\\vendor\\laravel\\framework\\src\\Illuminate\\Pipeline\\Pipeline.php(167): App\\Http\\Middleware\\HttpsProtocol->handle(Object(Illuminate\\Http\\Request), Object(Closure))
#11 C:\\laragon\\www\\thugos\\app\\Http\\Middleware\\Language.php(31): Illuminate\\Pipeline\\Pipeline->Illuminate\\Pipeline\\{closure}(Object(Illuminate\\Http\\Request))
#12 C:\\laragon\\www\\thugos\\vendor\\laravel\\framework\\src\\Illuminate\\Pipeline\\Pipeline.php(167): App\\Http\\Middleware\\Language->handle(Object(Illuminate\\Http\\Request), Object(Closure))
#13 C:\\laragon\\www\\thugos\\vendor\\laravel\\framework\\src\\Illuminate\\Routing\\Middleware\\SubstituteBindings.php(50): Illuminate\\Pipeline\\Pipeline->Illuminate\\Pipeline\\{closure}(Object(Illuminate\\Http\\Request))
#14 C:\\laragon\\www\\thugos\\vendor\\laravel\\framework\\src\\Illuminate\\Pipeline\\Pipeline.php(167): Illuminate\\Routing\\Middleware\\SubstituteBindings->handle(Object(Illuminate\\Http\\Request), Object(Closure))
#15 C:\\laragon\\www\\thugos\\vendor\\laravel\\framework\\src\\Illuminate\\Auth\\Middleware\\Authenticate.php(44): Illuminate\\Pipeline\\Pipeline->Illuminate\\Pipeline\\{closure}(Object(Illuminate\\Http\\Request))
#16 C:\\laragon\\www\\thugos\\vendor\\laravel\\framework\\src\\Illuminate\\Pipeline\\Pipeline.php(167): Illuminate\\Auth\\Middleware\\Authenticate->handle(Object(Illuminate\\Http\\Request), Object(Closure))
#17 C:\\laragon\\www\\thugos\\vendor\\laravel\\framework\\src\\Illuminate\\Foundation\\Http\\Middleware\\VerifyCsrfToken.php(78): Illuminate\\Pipeline\\Pipeline->Illuminate\\Pipeline\\{closure}(Object(Illuminate\\Http\\Request))
#18 C:\\laragon\\www\\thugos\\vendor\\laravel\\framework\\src\\Illuminate\\Pipeline\\Pipeline.php(167): Illuminate\\Foundation\\Http\\Middleware\\VerifyCsrfToken->handle(Object(Illuminate\\Http\\Request), Object(Closure))
#19 C:\\laragon\\www\\thugos\\vendor\\laravel\\framework\\src\\Illuminate\\View\\Middleware\\ShareErrorsFromSession.php(49): Illuminate\\Pipeline\\Pipeline->Illuminate\\Pipeline\\{closure}(Object(Illuminate\\Http\\Request))
#20 C:\\laragon\\www\\thugos\\vendor\\laravel\\framework\\src\\Illuminate\\Pipeline\\Pipeline.php(167): Illuminate\\View\\Middleware\\ShareErrorsFromSession->handle(Object(Illuminate\\Http\\Request), Object(Closure))
#21 C:\\laragon\\www\\thugos\\vendor\\laravel\\framework\\src\\Illuminate\\Session\\Middleware\\StartSession.php(121): Illuminate\\Pipeline\\Pipeline->Illuminate\\Pipeline\\{closure}(Object(Illuminate\\Http\\Request))
#22 C:\\laragon\\www\\thugos\\vendor\\laravel\\framework\\src\\Illuminate\\Session\\Middleware\\StartSession.php(64): Illuminate\\Session\\Middleware\\StartSession->handleStatefulRequest(Object(Illuminate\\Http\\Request), Object(Illuminate\\Session\\Store), Object(Closure))
#23 C:\\laragon\\www\\thugos\\vendor\\laravel\\framework\\src\\Illuminate\\Pipeline\\Pipeline.php(167): Illuminate\\Session\\Middleware\\StartSession->handle(Object(Illuminate\\Http\\Request), Object(Closure))
#24 C:\\laragon\\www\\thugos\\vendor\\laravel\\framework\\src\\Illuminate\\Cookie\\Middleware\\AddQueuedCookiesToResponse.php(37): Illuminate\\Pipeline\\Pipeline->Illuminate\\Pipeline\\{closure}(Object(Illuminate\\Http\\Request))
#25 C:\\laragon\\www\\thugos\\vendor\\laravel\\framework\\src\\Illuminate\\Pipeline\\Pipeline.php(167): Illuminate\\Cookie\\Middleware\\AddQueuedCookiesToResponse->handle(Object(Illuminate\\Http\\Request), Object(Closure))
#26 C:\\laragon\\www\\thugos\\vendor\\laravel\\framework\\src\\Illuminate\\Pipeline\\Pipeline.php(103): Illuminate\\Pipeline\\Pipeline->Illuminate\\Pipeline\\{closure}(Object(Illuminate\\Http\\Request))
#27 C:\\laragon\\www\\thugos\\vendor\\laravel\\framework\\src\\Illuminate\\Routing\\Router.php(719): Illuminate\\Pipeline\\Pipeline->then(Object(Closure))
#28 C:\\laragon\\www\\thugos\\vendor\\laravel\\framework\\src\\Illuminate\\Routing\\Router.php(698): Illuminate\\Routing\\Router->runRouteWithinStack(Object(Illuminate\\Routing\\Route), Object(Illuminate\\Http\\Request))
#29 C:\\laragon\\www\\thugos\\vendor\\laravel\\framework\\src\\Illuminate\\Routing\\Router.php(662): Illuminate\\Routing\\Router->runRoute(Object(Illuminate\\Http\\Request), Object(Illuminate\\Routing\\Route))
#30 C:\\laragon\\www\\thugos\\vendor\\laravel\\framework\\src\\Illuminate\\Routing\\Router.php(651): Illuminate\\Routing\\Router->dispatchToRoute(Object(Illuminate\\Http\\Request))
#31 C:\\laragon\\www\\thugos\\vendor\\laravel\\framework\\src\\Illuminate\\Foundation\\Http\\Kernel.php(167): Illuminate\\Routing\\Router->dispatch(Object(Illuminate\\Http\\Request))
#32 C:\\laragon\\www\\thugos\\vendor\\laravel\\framework\\src\\Illuminate\\Pipeline\\Pipeline.php(128): Illuminate\\Foundation\\Http\\Kernel->Illuminate\\Foundation\\Http\\{closure}(Object(Illuminate\\Http\\Request))
#33 C:\\laragon\\www\\thugos\\vendor\\barryvdh\\laravel-debugbar\\src\\Middleware\\InjectDebugbar.php(66): Illuminate\\Pipeline\\Pipeline->Illuminate\\Pipeline\\{closure}(Object(Illuminate\\Http\\Request))
#34 C:\\laragon\\www\\thugos\\vendor\\laravel\\framework\\src\\Illuminate\\Pipeline\\Pipeline.php(167): Barryvdh\\Debugbar\\Middleware\\InjectDebugbar->handle(Object(Illuminate\\Http\\Request), Object(Closure))
#35 C:\\laragon\\www\\thugos\\vendor\\fideloper\\proxy\\src\\TrustProxies.php(57): Illuminate\\Pipeline\\Pipeline->Illuminate\\Pipeline\\{closure}(Object(Illuminate\\Http\\Request))
#36 C:\\laragon\\www\\thugos\\vendor\\laravel\\framework\\src\\Illuminate\\Pipeline\\Pipeline.php(167): Fideloper\\Proxy\\TrustProxies->handle(Object(Illuminate\\Http\\Request), Object(Closure))
#37 C:\\laragon\\www\\thugos\\vendor\\laravel\\framework\\src\\Illuminate\\Foundation\\Http\\Middleware\\TransformsRequest.php(21): Illuminate\\Pipeline\\Pipeline->Illuminate\\Pipeline\\{closure}(Object(Illuminate\\Http\\Request))
#38 C:\\laragon\\www\\thugos\\vendor\\laravel\\framework\\src\\Illuminate\\Foundation\\Http\\Middleware\\ConvertEmptyStringsToNull.php(31): Illuminate\\Foundation\\Http\\Middleware\\TransformsRequest->handle(Object(Illuminate\\Http\\Request), Object(Closure))
#39 C:\\laragon\\www\\thugos\\vendor\\laravel\\framework\\src\\Illuminate\\Pipeline\\Pipeline.php(167): Illuminate\\Foundation\\Http\\Middleware\\ConvertEmptyStringsToNull->handle(Object(Illuminate\\Http\\Request), Object(Closure))
#40 C:\\laragon\\www\\thugos\\vendor\\laravel\\framework\\src\\Illuminate\\Foundation\\Http\\Middleware\\TransformsRequest.php(21): Illuminate\\Pipeline\\Pipeline->Illuminate\\Pipeline\\{closure}(Object(Illuminate\\Http\\Request))
#41 C:\\laragon\\www\\thugos\\vendor\\laravel\\framework\\src\\Illuminate\\Foundation\\Http\\Middleware\\TrimStrings.php(40): Illuminate\\Foundation\\Http\\Middleware\\TransformsRequest->handle(Object(Illuminate\\Http\\Request), Object(Closure))
#42 C:\\laragon\\www\\thugos\\vendor\\laravel\\framework\\src\\Illuminate\\Pipeline\\Pipeline.php(167): Illuminate\\Foundation\\Http\\Middleware\\TrimStrings->handle(Object(Illuminate\\Http\\Request), Object(Closure))
#43 C:\\laragon\\www\\thugos\\vendor\\laravel\\framework\\src\\Illuminate\\Foundation\\Http\\Middleware\\ValidatePostSize.php(27): Illuminate\\Pipeline\\Pipeline->Illuminate\\Pipeline\\{closure}(Object(Illuminate\\Http\\Request))
#44 C:\\laragon\\www\\thugos\\vendor\\laravel\\framework\\src\\Illuminate\\Pipeline\\Pipeline.php(167): Illuminate\\Foundation\\Http\\Middleware\\ValidatePostSize->handle(Object(Illuminate\\Http\\Request), Object(Closure))
#45 C:\\laragon\\www\\thugos\\vendor\\laravel\\framework\\src\\Illuminate\\Pipeline\\Pipeline.php(103): Illuminate\\Pipeline\\Pipeline->Illuminate\\Pipeline\\{closure}(Object(Illuminate\\Http\\Request))
#46 C:\\laragon\\www\\thugos\\vendor\\laravel\\framework\\src\\Illuminate\\Foundation\\Http\\Kernel.php(142): Illuminate\\Pipeline\\Pipeline->then(Object(Closure))
#47 C:\\laragon\\www\\thugos\\vendor\\laravel\\framework\\src\\Illuminate\\Foundation\\Http\\Kernel.php(111): Illuminate\\Foundation\\Http\\Kernel->sendRequestThroughRouter(Object(Illuminate\\Http\\Request))
#48 C:\\laragon\\www\\thugos\\index.php(56): Illuminate\\Foundation\\Http\\Kernel->handle(Object(Illuminate\\Http\\Request))
#49 {main}
"} 
[2025-07-03 20:14:24] local.ERROR: foreach() argument must be of type array|object, null given {"userId":20,"exception":"[object] (ErrorException(code: 0): foreach() argument must be of type array|object, null given at C:\\laragon\\www\\thugos\\app\\Http\\Controllers\\ProductController.php:1072)
[stacktrace]
#0 C:\\laragon\\www\\thugos\\app\\Http\\Controllers\\ProductController.php(1072): Illuminate\\Foundation\\Bootstrap\\HandleExceptions->handleError(2, 'foreach() argum...', 'C:\\\\laragon\\\\www\\\\...', 1072)
#1 C:\\laragon\\www\\thugos\\vendor\\laravel\\framework\\src\\Illuminate\\Routing\\Controller.php(54): App\\Http\\Controllers\\ProductController->sku_combination_edit(Object(Illuminate\\Http\\Request))
#2 C:\\laragon\\www\\thugos\\vendor\\laravel\\framework\\src\\Illuminate\\Routing\\ControllerDispatcher.php(45): Illuminate\\Routing\\Controller->callAction('sku_combination...', Array)
#3 C:\\laragon\\www\\thugos\\vendor\\laravel\\framework\\src\\Illuminate\\Routing\\Route.php(261): Illuminate\\Routing\\ControllerDispatcher->dispatch(Object(Illuminate\\Routing\\Route), Object(App\\Http\\Controllers\\ProductController), 'sku_combination...')
#4 C:\\laragon\\www\\thugos\\vendor\\laravel\\framework\\src\\Illuminate\\Routing\\Route.php(205): Illuminate\\Routing\\Route->runController()
#5 C:\\laragon\\www\\thugos\\vendor\\laravel\\framework\\src\\Illuminate\\Routing\\Router.php(721): Illuminate\\Routing\\Route->run()
#6 C:\\laragon\\www\\thugos\\vendor\\laravel\\framework\\src\\Illuminate\\Pipeline\\Pipeline.php(128): Illuminate\\Routing\\Router->Illuminate\\Routing\\{closure}(Object(Illuminate\\Http\\Request))
#7 C:\\laragon\\www\\thugos\\app\\Http\\Middleware\\CheckForMaintenanceMode.php(58): Illuminate\\Pipeline\\Pipeline->Illuminate\\Pipeline\\{closure}(Object(Illuminate\\Http\\Request))
#8 C:\\laragon\\www\\thugos\\vendor\\laravel\\framework\\src\\Illuminate\\Pipeline\\Pipeline.php(167): App\\Http\\Middleware\\CheckForMaintenanceMode->handle(Object(Illuminate\\Http\\Request), Object(Closure))
#9 C:\\laragon\\www\\thugos\\app\\Http\\Middleware\\HttpsProtocol.php(20): Illuminate\\Pipeline\\Pipeline->Illuminate\\Pipeline\\{closure}(Object(Illuminate\\Http\\Request))
#10 C:\\laragon\\www\\thugos\\vendor\\laravel\\framework\\src\\Illuminate\\Pipeline\\Pipeline.php(167): App\\Http\\Middleware\\HttpsProtocol->handle(Object(Illuminate\\Http\\Request), Object(Closure))
#11 C:\\laragon\\www\\thugos\\app\\Http\\Middleware\\Language.php(31): Illuminate\\Pipeline\\Pipeline->Illuminate\\Pipeline\\{closure}(Object(Illuminate\\Http\\Request))
#12 C:\\laragon\\www\\thugos\\vendor\\laravel\\framework\\src\\Illuminate\\Pipeline\\Pipeline.php(167): App\\Http\\Middleware\\Language->handle(Object(Illuminate\\Http\\Request), Object(Closure))
#13 C:\\laragon\\www\\thugos\\vendor\\laravel\\framework\\src\\Illuminate\\Routing\\Middleware\\SubstituteBindings.php(50): Illuminate\\Pipeline\\Pipeline->Illuminate\\Pipeline\\{closure}(Object(Illuminate\\Http\\Request))
#14 C:\\laragon\\www\\thugos\\vendor\\laravel\\framework\\src\\Illuminate\\Pipeline\\Pipeline.php(167): Illuminate\\Routing\\Middleware\\SubstituteBindings->handle(Object(Illuminate\\Http\\Request), Object(Closure))
#15 C:\\laragon\\www\\thugos\\vendor\\laravel\\framework\\src\\Illuminate\\Auth\\Middleware\\Authenticate.php(44): Illuminate\\Pipeline\\Pipeline->Illuminate\\Pipeline\\{closure}(Object(Illuminate\\Http\\Request))
#16 C:\\laragon\\www\\thugos\\vendor\\laravel\\framework\\src\\Illuminate\\Pipeline\\Pipeline.php(167): Illuminate\\Auth\\Middleware\\Authenticate->handle(Object(Illuminate\\Http\\Request), Object(Closure))
#17 C:\\laragon\\www\\thugos\\vendor\\laravel\\framework\\src\\Illuminate\\Foundation\\Http\\Middleware\\VerifyCsrfToken.php(78): Illuminate\\Pipeline\\Pipeline->Illuminate\\Pipeline\\{closure}(Object(Illuminate\\Http\\Request))
#18 C:\\laragon\\www\\thugos\\vendor\\laravel\\framework\\src\\Illuminate\\Pipeline\\Pipeline.php(167): Illuminate\\Foundation\\Http\\Middleware\\VerifyCsrfToken->handle(Object(Illuminate\\Http\\Request), Object(Closure))
#19 C:\\laragon\\www\\thugos\\vendor\\laravel\\framework\\src\\Illuminate\\View\\Middleware\\ShareErrorsFromSession.php(49): Illuminate\\Pipeline\\Pipeline->Illuminate\\Pipeline\\{closure}(Object(Illuminate\\Http\\Request))
#20 C:\\laragon\\www\\thugos\\vendor\\laravel\\framework\\src\\Illuminate\\Pipeline\\Pipeline.php(167): Illuminate\\View\\Middleware\\ShareErrorsFromSession->handle(Object(Illuminate\\Http\\Request), Object(Closure))
#21 C:\\laragon\\www\\thugos\\vendor\\laravel\\framework\\src\\Illuminate\\Session\\Middleware\\StartSession.php(121): Illuminate\\Pipeline\\Pipeline->Illuminate\\Pipeline\\{closure}(Object(Illuminate\\Http\\Request))
#22 C:\\laragon\\www\\thugos\\vendor\\laravel\\framework\\src\\Illuminate\\Session\\Middleware\\StartSession.php(64): Illuminate\\Session\\Middleware\\StartSession->handleStatefulRequest(Object(Illuminate\\Http\\Request), Object(Illuminate\\Session\\Store), Object(Closure))
#23 C:\\laragon\\www\\thugos\\vendor\\laravel\\framework\\src\\Illuminate\\Pipeline\\Pipeline.php(167): Illuminate\\Session\\Middleware\\StartSession->handle(Object(Illuminate\\Http\\Request), Object(Closure))
#24 C:\\laragon\\www\\thugos\\vendor\\laravel\\framework\\src\\Illuminate\\Cookie\\Middleware\\AddQueuedCookiesToResponse.php(37): Illuminate\\Pipeline\\Pipeline->Illuminate\\Pipeline\\{closure}(Object(Illuminate\\Http\\Request))
#25 C:\\laragon\\www\\thugos\\vendor\\laravel\\framework\\src\\Illuminate\\Pipeline\\Pipeline.php(167): Illuminate\\Cookie\\Middleware\\AddQueuedCookiesToResponse->handle(Object(Illuminate\\Http\\Request), Object(Closure))
#26 C:\\laragon\\www\\thugos\\vendor\\laravel\\framework\\src\\Illuminate\\Pipeline\\Pipeline.php(103): Illuminate\\Pipeline\\Pipeline->Illuminate\\Pipeline\\{closure}(Object(Illuminate\\Http\\Request))
#27 C:\\laragon\\www\\thugos\\vendor\\laravel\\framework\\src\\Illuminate\\Routing\\Router.php(719): Illuminate\\Pipeline\\Pipeline->then(Object(Closure))
#28 C:\\laragon\\www\\thugos\\vendor\\laravel\\framework\\src\\Illuminate\\Routing\\Router.php(698): Illuminate\\Routing\\Router->runRouteWithinStack(Object(Illuminate\\Routing\\Route), Object(Illuminate\\Http\\Request))
#29 C:\\laragon\\www\\thugos\\vendor\\laravel\\framework\\src\\Illuminate\\Routing\\Router.php(662): Illuminate\\Routing\\Router->runRoute(Object(Illuminate\\Http\\Request), Object(Illuminate\\Routing\\Route))
#30 C:\\laragon\\www\\thugos\\vendor\\laravel\\framework\\src\\Illuminate\\Routing\\Router.php(651): Illuminate\\Routing\\Router->dispatchToRoute(Object(Illuminate\\Http\\Request))
#31 C:\\laragon\\www\\thugos\\vendor\\laravel\\framework\\src\\Illuminate\\Foundation\\Http\\Kernel.php(167): Illuminate\\Routing\\Router->dispatch(Object(Illuminate\\Http\\Request))
#32 C:\\laragon\\www\\thugos\\vendor\\laravel\\framework\\src\\Illuminate\\Pipeline\\Pipeline.php(128): Illuminate\\Foundation\\Http\\Kernel->Illuminate\\Foundation\\Http\\{closure}(Object(Illuminate\\Http\\Request))
#33 C:\\laragon\\www\\thugos\\vendor\\barryvdh\\laravel-debugbar\\src\\Middleware\\InjectDebugbar.php(66): Illuminate\\Pipeline\\Pipeline->Illuminate\\Pipeline\\{closure}(Object(Illuminate\\Http\\Request))
#34 C:\\laragon\\www\\thugos\\vendor\\laravel\\framework\\src\\Illuminate\\Pipeline\\Pipeline.php(167): Barryvdh\\Debugbar\\Middleware\\InjectDebugbar->handle(Object(Illuminate\\Http\\Request), Object(Closure))
#35 C:\\laragon\\www\\thugos\\vendor\\fideloper\\proxy\\src\\TrustProxies.php(57): Illuminate\\Pipeline\\Pipeline->Illuminate\\Pipeline\\{closure}(Object(Illuminate\\Http\\Request))
#36 C:\\laragon\\www\\thugos\\vendor\\laravel\\framework\\src\\Illuminate\\Pipeline\\Pipeline.php(167): Fideloper\\Proxy\\TrustProxies->handle(Object(Illuminate\\Http\\Request), Object(Closure))
#37 C:\\laragon\\www\\thugos\\vendor\\laravel\\framework\\src\\Illuminate\\Foundation\\Http\\Middleware\\TransformsRequest.php(21): Illuminate\\Pipeline\\Pipeline->Illuminate\\Pipeline\\{closure}(Object(Illuminate\\Http\\Request))
#38 C:\\laragon\\www\\thugos\\vendor\\laravel\\framework\\src\\Illuminate\\Foundation\\Http\\Middleware\\ConvertEmptyStringsToNull.php(31): Illuminate\\Foundation\\Http\\Middleware\\TransformsRequest->handle(Object(Illuminate\\Http\\Request), Object(Closure))
#39 C:\\laragon\\www\\thugos\\vendor\\laravel\\framework\\src\\Illuminate\\Pipeline\\Pipeline.php(167): Illuminate\\Foundation\\Http\\Middleware\\ConvertEmptyStringsToNull->handle(Object(Illuminate\\Http\\Request), Object(Closure))
#40 C:\\laragon\\www\\thugos\\vendor\\laravel\\framework\\src\\Illuminate\\Foundation\\Http\\Middleware\\TransformsRequest.php(21): Illuminate\\Pipeline\\Pipeline->Illuminate\\Pipeline\\{closure}(Object(Illuminate\\Http\\Request))
#41 C:\\laragon\\www\\thugos\\vendor\\laravel\\framework\\src\\Illuminate\\Foundation\\Http\\Middleware\\TrimStrings.php(40): Illuminate\\Foundation\\Http\\Middleware\\TransformsRequest->handle(Object(Illuminate\\Http\\Request), Object(Closure))
#42 C:\\laragon\\www\\thugos\\vendor\\laravel\\framework\\src\\Illuminate\\Pipeline\\Pipeline.php(167): Illuminate\\Foundation\\Http\\Middleware\\TrimStrings->handle(Object(Illuminate\\Http\\Request), Object(Closure))
#43 C:\\laragon\\www\\thugos\\vendor\\laravel\\framework\\src\\Illuminate\\Foundation\\Http\\Middleware\\ValidatePostSize.php(27): Illuminate\\Pipeline\\Pipeline->Illuminate\\Pipeline\\{closure}(Object(Illuminate\\Http\\Request))
#44 C:\\laragon\\www\\thugos\\vendor\\laravel\\framework\\src\\Illuminate\\Pipeline\\Pipeline.php(167): Illuminate\\Foundation\\Http\\Middleware\\ValidatePostSize->handle(Object(Illuminate\\Http\\Request), Object(Closure))
#45 C:\\laragon\\www\\thugos\\vendor\\laravel\\framework\\src\\Illuminate\\Pipeline\\Pipeline.php(103): Illuminate\\Pipeline\\Pipeline->Illuminate\\Pipeline\\{closure}(Object(Illuminate\\Http\\Request))
#46 C:\\laragon\\www\\thugos\\vendor\\laravel\\framework\\src\\Illuminate\\Foundation\\Http\\Kernel.php(142): Illuminate\\Pipeline\\Pipeline->then(Object(Closure))
#47 C:\\laragon\\www\\thugos\\vendor\\laravel\\framework\\src\\Illuminate\\Foundation\\Http\\Kernel.php(111): Illuminate\\Foundation\\Http\\Kernel->sendRequestThroughRouter(Object(Illuminate\\Http\\Request))
#48 C:\\laragon\\www\\thugos\\index.php(56): Illuminate\\Foundation\\Http\\Kernel->handle(Object(Illuminate\\Http\\Request))
#49 {main}
"} 
[2025-07-03 20:14:29] local.ERROR: foreach() argument must be of type array|object, null given {"userId":20,"exception":"[object] (ErrorException(code: 0): foreach() argument must be of type array|object, null given at C:\\laragon\\www\\thugos\\app\\Http\\Controllers\\ProductController.php:731)
[stacktrace]
#0 C:\\laragon\\www\\thugos\\app\\Http\\Controllers\\ProductController.php(731): Illuminate\\Foundation\\Bootstrap\\HandleExceptions->handleError(2, 'foreach() argum...', 'C:\\\\laragon\\\\www\\\\...', 731)
#1 C:\\laragon\\www\\thugos\\vendor\\laravel\\framework\\src\\Illuminate\\Routing\\Controller.php(54): App\\Http\\Controllers\\ProductController->update(Object(Illuminate\\Http\\Request), '7')
#2 C:\\laragon\\www\\thugos\\vendor\\laravel\\framework\\src\\Illuminate\\Routing\\ControllerDispatcher.php(45): Illuminate\\Routing\\Controller->callAction('update', Array)
#3 C:\\laragon\\www\\thugos\\vendor\\laravel\\framework\\src\\Illuminate\\Routing\\Route.php(261): Illuminate\\Routing\\ControllerDispatcher->dispatch(Object(Illuminate\\Routing\\Route), Object(App\\Http\\Controllers\\ProductController), 'update')
#4 C:\\laragon\\www\\thugos\\vendor\\laravel\\framework\\src\\Illuminate\\Routing\\Route.php(205): Illuminate\\Routing\\Route->runController()
#5 C:\\laragon\\www\\thugos\\vendor\\laravel\\framework\\src\\Illuminate\\Routing\\Router.php(721): Illuminate\\Routing\\Route->run()
#6 C:\\laragon\\www\\thugos\\vendor\\laravel\\framework\\src\\Illuminate\\Pipeline\\Pipeline.php(128): Illuminate\\Routing\\Router->Illuminate\\Routing\\{closure}(Object(Illuminate\\Http\\Request))
#7 C:\\laragon\\www\\thugos\\app\\Http\\Middleware\\CheckForMaintenanceMode.php(58): Illuminate\\Pipeline\\Pipeline->Illuminate\\Pipeline\\{closure}(Object(Illuminate\\Http\\Request))
#8 C:\\laragon\\www\\thugos\\vendor\\laravel\\framework\\src\\Illuminate\\Pipeline\\Pipeline.php(167): App\\Http\\Middleware\\CheckForMaintenanceMode->handle(Object(Illuminate\\Http\\Request), Object(Closure))
#9 C:\\laragon\\www\\thugos\\app\\Http\\Middleware\\HttpsProtocol.php(20): Illuminate\\Pipeline\\Pipeline->Illuminate\\Pipeline\\{closure}(Object(Illuminate\\Http\\Request))
#10 C:\\laragon\\www\\thugos\\vendor\\laravel\\framework\\src\\Illuminate\\Pipeline\\Pipeline.php(167): App\\Http\\Middleware\\HttpsProtocol->handle(Object(Illuminate\\Http\\Request), Object(Closure))
#11 C:\\laragon\\www\\thugos\\app\\Http\\Middleware\\Language.php(31): Illuminate\\Pipeline\\Pipeline->Illuminate\\Pipeline\\{closure}(Object(Illuminate\\Http\\Request))
#12 C:\\laragon\\www\\thugos\\vendor\\laravel\\framework\\src\\Illuminate\\Pipeline\\Pipeline.php(167): App\\Http\\Middleware\\Language->handle(Object(Illuminate\\Http\\Request), Object(Closure))
#13 C:\\laragon\\www\\thugos\\vendor\\laravel\\framework\\src\\Illuminate\\Routing\\Middleware\\SubstituteBindings.php(50): Illuminate\\Pipeline\\Pipeline->Illuminate\\Pipeline\\{closure}(Object(Illuminate\\Http\\Request))
#14 C:\\laragon\\www\\thugos\\vendor\\laravel\\framework\\src\\Illuminate\\Pipeline\\Pipeline.php(167): Illuminate\\Routing\\Middleware\\SubstituteBindings->handle(Object(Illuminate\\Http\\Request), Object(Closure))
#15 C:\\laragon\\www\\thugos\\vendor\\laravel\\framework\\src\\Illuminate\\Auth\\Middleware\\Authenticate.php(44): Illuminate\\Pipeline\\Pipeline->Illuminate\\Pipeline\\{closure}(Object(Illuminate\\Http\\Request))
#16 C:\\laragon\\www\\thugos\\vendor\\laravel\\framework\\src\\Illuminate\\Pipeline\\Pipeline.php(167): Illuminate\\Auth\\Middleware\\Authenticate->handle(Object(Illuminate\\Http\\Request), Object(Closure))
#17 C:\\laragon\\www\\thugos\\vendor\\laravel\\framework\\src\\Illuminate\\Foundation\\Http\\Middleware\\VerifyCsrfToken.php(78): Illuminate\\Pipeline\\Pipeline->Illuminate\\Pipeline\\{closure}(Object(Illuminate\\Http\\Request))
#18 C:\\laragon\\www\\thugos\\vendor\\laravel\\framework\\src\\Illuminate\\Pipeline\\Pipeline.php(167): Illuminate\\Foundation\\Http\\Middleware\\VerifyCsrfToken->handle(Object(Illuminate\\Http\\Request), Object(Closure))
#19 C:\\laragon\\www\\thugos\\vendor\\laravel\\framework\\src\\Illuminate\\View\\Middleware\\ShareErrorsFromSession.php(49): Illuminate\\Pipeline\\Pipeline->Illuminate\\Pipeline\\{closure}(Object(Illuminate\\Http\\Request))
#20 C:\\laragon\\www\\thugos\\vendor\\laravel\\framework\\src\\Illuminate\\Pipeline\\Pipeline.php(167): Illuminate\\View\\Middleware\\ShareErrorsFromSession->handle(Object(Illuminate\\Http\\Request), Object(Closure))
#21 C:\\laragon\\www\\thugos\\vendor\\laravel\\framework\\src\\Illuminate\\Session\\Middleware\\StartSession.php(121): Illuminate\\Pipeline\\Pipeline->Illuminate\\Pipeline\\{closure}(Object(Illuminate\\Http\\Request))
#22 C:\\laragon\\www\\thugos\\vendor\\laravel\\framework\\src\\Illuminate\\Session\\Middleware\\StartSession.php(64): Illuminate\\Session\\Middleware\\StartSession->handleStatefulRequest(Object(Illuminate\\Http\\Request), Object(Illuminate\\Session\\Store), Object(Closure))
#23 C:\\laragon\\www\\thugos\\vendor\\laravel\\framework\\src\\Illuminate\\Pipeline\\Pipeline.php(167): Illuminate\\Session\\Middleware\\StartSession->handle(Object(Illuminate\\Http\\Request), Object(Closure))
#24 C:\\laragon\\www\\thugos\\vendor\\laravel\\framework\\src\\Illuminate\\Cookie\\Middleware\\AddQueuedCookiesToResponse.php(37): Illuminate\\Pipeline\\Pipeline->Illuminate\\Pipeline\\{closure}(Object(Illuminate\\Http\\Request))
#25 C:\\laragon\\www\\thugos\\vendor\\laravel\\framework\\src\\Illuminate\\Pipeline\\Pipeline.php(167): Illuminate\\Cookie\\Middleware\\AddQueuedCookiesToResponse->handle(Object(Illuminate\\Http\\Request), Object(Closure))
#26 C:\\laragon\\www\\thugos\\vendor\\laravel\\framework\\src\\Illuminate\\Pipeline\\Pipeline.php(103): Illuminate\\Pipeline\\Pipeline->Illuminate\\Pipeline\\{closure}(Object(Illuminate\\Http\\Request))
#27 C:\\laragon\\www\\thugos\\vendor\\laravel\\framework\\src\\Illuminate\\Routing\\Router.php(719): Illuminate\\Pipeline\\Pipeline->then(Object(Closure))
#28 C:\\laragon\\www\\thugos\\vendor\\laravel\\framework\\src\\Illuminate\\Routing\\Router.php(698): Illuminate\\Routing\\Router->runRouteWithinStack(Object(Illuminate\\Routing\\Route), Object(Illuminate\\Http\\Request))
#29 C:\\laragon\\www\\thugos\\vendor\\laravel\\framework\\src\\Illuminate\\Routing\\Router.php(662): Illuminate\\Routing\\Router->runRoute(Object(Illuminate\\Http\\Request), Object(Illuminate\\Routing\\Route))
#30 C:\\laragon\\www\\thugos\\vendor\\laravel\\framework\\src\\Illuminate\\Routing\\Router.php(651): Illuminate\\Routing\\Router->dispatchToRoute(Object(Illuminate\\Http\\Request))
#31 C:\\laragon\\www\\thugos\\vendor\\laravel\\framework\\src\\Illuminate\\Foundation\\Http\\Kernel.php(167): Illuminate\\Routing\\Router->dispatch(Object(Illuminate\\Http\\Request))
#32 C:\\laragon\\www\\thugos\\vendor\\laravel\\framework\\src\\Illuminate\\Pipeline\\Pipeline.php(128): Illuminate\\Foundation\\Http\\Kernel->Illuminate\\Foundation\\Http\\{closure}(Object(Illuminate\\Http\\Request))
#33 C:\\laragon\\www\\thugos\\vendor\\barryvdh\\laravel-debugbar\\src\\Middleware\\InjectDebugbar.php(66): Illuminate\\Pipeline\\Pipeline->Illuminate\\Pipeline\\{closure}(Object(Illuminate\\Http\\Request))
#34 C:\\laragon\\www\\thugos\\vendor\\laravel\\framework\\src\\Illuminate\\Pipeline\\Pipeline.php(167): Barryvdh\\Debugbar\\Middleware\\InjectDebugbar->handle(Object(Illuminate\\Http\\Request), Object(Closure))
#35 C:\\laragon\\www\\thugos\\vendor\\fideloper\\proxy\\src\\TrustProxies.php(57): Illuminate\\Pipeline\\Pipeline->Illuminate\\Pipeline\\{closure}(Object(Illuminate\\Http\\Request))
#36 C:\\laragon\\www\\thugos\\vendor\\laravel\\framework\\src\\Illuminate\\Pipeline\\Pipeline.php(167): Fideloper\\Proxy\\TrustProxies->handle(Object(Illuminate\\Http\\Request), Object(Closure))
#37 C:\\laragon\\www\\thugos\\vendor\\laravel\\framework\\src\\Illuminate\\Foundation\\Http\\Middleware\\TransformsRequest.php(21): Illuminate\\Pipeline\\Pipeline->Illuminate\\Pipeline\\{closure}(Object(Illuminate\\Http\\Request))
#38 C:\\laragon\\www\\thugos\\vendor\\laravel\\framework\\src\\Illuminate\\Foundation\\Http\\Middleware\\ConvertEmptyStringsToNull.php(31): Illuminate\\Foundation\\Http\\Middleware\\TransformsRequest->handle(Object(Illuminate\\Http\\Request), Object(Closure))
#39 C:\\laragon\\www\\thugos\\vendor\\laravel\\framework\\src\\Illuminate\\Pipeline\\Pipeline.php(167): Illuminate\\Foundation\\Http\\Middleware\\ConvertEmptyStringsToNull->handle(Object(Illuminate\\Http\\Request), Object(Closure))
#40 C:\\laragon\\www\\thugos\\vendor\\laravel\\framework\\src\\Illuminate\\Foundation\\Http\\Middleware\\TransformsRequest.php(21): Illuminate\\Pipeline\\Pipeline->Illuminate\\Pipeline\\{closure}(Object(Illuminate\\Http\\Request))
#41 C:\\laragon\\www\\thugos\\vendor\\laravel\\framework\\src\\Illuminate\\Foundation\\Http\\Middleware\\TrimStrings.php(40): Illuminate\\Foundation\\Http\\Middleware\\TransformsRequest->handle(Object(Illuminate\\Http\\Request), Object(Closure))
#42 C:\\laragon\\www\\thugos\\vendor\\laravel\\framework\\src\\Illuminate\\Pipeline\\Pipeline.php(167): Illuminate\\Foundation\\Http\\Middleware\\TrimStrings->handle(Object(Illuminate\\Http\\Request), Object(Closure))
#43 C:\\laragon\\www\\thugos\\vendor\\laravel\\framework\\src\\Illuminate\\Foundation\\Http\\Middleware\\ValidatePostSize.php(27): Illuminate\\Pipeline\\Pipeline->Illuminate\\Pipeline\\{closure}(Object(Illuminate\\Http\\Request))
#44 C:\\laragon\\www\\thugos\\vendor\\laravel\\framework\\src\\Illuminate\\Pipeline\\Pipeline.php(167): Illuminate\\Foundation\\Http\\Middleware\\ValidatePostSize->handle(Object(Illuminate\\Http\\Request), Object(Closure))
#45 C:\\laragon\\www\\thugos\\vendor\\laravel\\framework\\src\\Illuminate\\Pipeline\\Pipeline.php(103): Illuminate\\Pipeline\\Pipeline->Illuminate\\Pipeline\\{closure}(Object(Illuminate\\Http\\Request))
#46 C:\\laragon\\www\\thugos\\vendor\\laravel\\framework\\src\\Illuminate\\Foundation\\Http\\Kernel.php(142): Illuminate\\Pipeline\\Pipeline->then(Object(Closure))
#47 C:\\laragon\\www\\thugos\\vendor\\laravel\\framework\\src\\Illuminate\\Foundation\\Http\\Kernel.php(111): Illuminate\\Foundation\\Http\\Kernel->sendRequestThroughRouter(Object(Illuminate\\Http\\Request))
#48 C:\\laragon\\www\\thugos\\index.php(56): Illuminate\\Foundation\\Http\\Kernel->handle(Object(Illuminate\\Http\\Request))
#49 {main}
"} 
[2025-07-03 20:15:10] local.ERROR: Uncaught ReflectionException: Class "App\Policies\ModelPolicy" does not exist in Command line code:1
Stack trace:
#0 Command line code(1): ReflectionClass->__construct('App\\Policies\\Mo...')
#1 [internal function]: {closure}('App\\Policies\\Mo...', 'App\\Model')
#2 Command line code(1): array_map(Object(Closure), Array, Array)
#3 {main}
  thrown {"exception":"[object] (Symfony\\Component\\ErrorHandler\\Error\\FatalError(code: 0): Uncaught ReflectionException: Class \"App\\Policies\\ModelPolicy\" does not exist in Command line code:1
Stack trace:
#0 Command line code(1): ReflectionClass->__construct('App\\\\Policies\\\\Mo...')
#1 [internal function]: {closure}('App\\\\Policies\\\\Mo...', 'App\\\\Model')
#2 Command line code(1): array_map(Object(Closure), Array, Array)
#3 {main}
  thrown at Command line code:1)
[stacktrace]
#0 {main}
"} 
[2025-07-03 20:16:10] local.ERROR: Uncaught ReflectionException: Class "App\Policies\ModelPolicy" does not exist in Command line code:1
Stack trace:
#0 Command line code(1): ReflectionClass->__construct('App\\Policies\\Mo...')
#1 [internal function]: {closure}('App\\Policies\\Mo...', 'App\\Model')
#2 Command line code(1): array_map(Object(Closure), Array, Array)
#3 {main}
  thrown {"exception":"[object] (Symfony\\Component\\ErrorHandler\\Error\\FatalError(code: 0): Uncaught ReflectionException: Class \"App\\Policies\\ModelPolicy\" does not exist in Command line code:1
Stack trace:
#0 Command line code(1): ReflectionClass->__construct('App\\\\Policies\\\\Mo...')
#1 [internal function]: {closure}('App\\\\Policies\\\\Mo...', 'App\\\\Model')
#2 Command line code(1): array_map(Object(Closure), Array, Array)
#3 {main}
  thrown at Command line code:1)
[stacktrace]
#0 {main}
"} 
[2025-07-03 20:17:10] local.ERROR: Uncaught ReflectionException: Class "App\Policies\ModelPolicy" does not exist in Command line code:1
Stack trace:
#0 Command line code(1): ReflectionClass->__construct('App\\Policies\\Mo...')
#1 [internal function]: {closure}('App\\Policies\\Mo...', 'App\\Model')
#2 Command line code(1): array_map(Object(Closure), Array, Array)
#3 {main}
  thrown {"exception":"[object] (Symfony\\Component\\ErrorHandler\\Error\\FatalError(code: 0): Uncaught ReflectionException: Class \"App\\Policies\\ModelPolicy\" does not exist in Command line code:1
Stack trace:
#0 Command line code(1): ReflectionClass->__construct('App\\\\Policies\\\\Mo...')
#1 [internal function]: {closure}('App\\\\Policies\\\\Mo...', 'App\\\\Model')
#2 Command line code(1): array_map(Object(Closure), Array, Array)
#3 {main}
  thrown at Command line code:1)
[stacktrace]
#0 {main}
"} 
[2025-07-03 20:18:10] local.ERROR: Uncaught ReflectionException: Class "App\Policies\ModelPolicy" does not exist in Command line code:1
Stack trace:
#0 Command line code(1): ReflectionClass->__construct('App\\Policies\\Mo...')
#1 [internal function]: {closure}('App\\Policies\\Mo...', 'App\\Model')
#2 Command line code(1): array_map(Object(Closure), Array, Array)
#3 {main}
  thrown {"exception":"[object] (Symfony\\Component\\ErrorHandler\\Error\\FatalError(code: 0): Uncaught ReflectionException: Class \"App\\Policies\\ModelPolicy\" does not exist in Command line code:1
Stack trace:
#0 Command line code(1): ReflectionClass->__construct('App\\\\Policies\\\\Mo...')
#1 [internal function]: {closure}('App\\\\Policies\\\\Mo...', 'App\\\\Model')
#2 Command line code(1): array_map(Object(Closure), Array, Array)
#3 {main}
  thrown at Command line code:1)
[stacktrace]
#0 {main}
"} 
[2025-07-03 20:19:10] local.ERROR: Uncaught ReflectionException: Class "App\Policies\ModelPolicy" does not exist in Command line code:1
Stack trace:
#0 Command line code(1): ReflectionClass->__construct('App\\Policies\\Mo...')
#1 [internal function]: {closure}('App\\Policies\\Mo...', 'App\\Model')
#2 Command line code(1): array_map(Object(Closure), Array, Array)
#3 {main}
  thrown {"exception":"[object] (Symfony\\Component\\ErrorHandler\\Error\\FatalError(code: 0): Uncaught ReflectionException: Class \"App\\Policies\\ModelPolicy\" does not exist in Command line code:1
Stack trace:
#0 Command line code(1): ReflectionClass->__construct('App\\\\Policies\\\\Mo...')
#1 [internal function]: {closure}('App\\\\Policies\\\\Mo...', 'App\\\\Model')
#2 Command line code(1): array_map(Object(Closure), Array, Array)
#3 {main}
  thrown at Command line code:1)
[stacktrace]
#0 {main}
"} 
[2025-07-03 20:20:10] local.ERROR: Uncaught ReflectionException: Class "App\Policies\ModelPolicy" does not exist in Command line code:1
Stack trace:
#0 Command line code(1): ReflectionClass->__construct('App\\Policies\\Mo...')
#1 [internal function]: {closure}('App\\Policies\\Mo...', 'App\\Model')
#2 Command line code(1): array_map(Object(Closure), Array, Array)
#3 {main}
  thrown {"exception":"[object] (Symfony\\Component\\ErrorHandler\\Error\\FatalError(code: 0): Uncaught ReflectionException: Class \"App\\Policies\\ModelPolicy\" does not exist in Command line code:1
Stack trace:
#0 Command line code(1): ReflectionClass->__construct('App\\\\Policies\\\\Mo...')
#1 [internal function]: {closure}('App\\\\Policies\\\\Mo...', 'App\\\\Model')
#2 Command line code(1): array_map(Object(Closure), Array, Array)
#3 {main}
  thrown at Command line code:1)
[stacktrace]
#0 {main}
"} 
[2025-07-03 20:21:10] local.ERROR: Uncaught ReflectionException: Class "App\Policies\ModelPolicy" does not exist in Command line code:1
Stack trace:
#0 Command line code(1): ReflectionClass->__construct('App\\Policies\\Mo...')
#1 [internal function]: {closure}('App\\Policies\\Mo...', 'App\\Model')
#2 Command line code(1): array_map(Object(Closure), Array, Array)
#3 {main}
  thrown {"exception":"[object] (Symfony\\Component\\ErrorHandler\\Error\\FatalError(code: 0): Uncaught ReflectionException: Class \"App\\Policies\\ModelPolicy\" does not exist in Command line code:1
Stack trace:
#0 Command line code(1): ReflectionClass->__construct('App\\\\Policies\\\\Mo...')
#1 [internal function]: {closure}('App\\\\Policies\\\\Mo...', 'App\\\\Model')
#2 Command line code(1): array_map(Object(Closure), Array, Array)
#3 {main}
  thrown at Command line code:1)
[stacktrace]
#0 {main}
"} 
[2025-07-03 20:22:10] local.ERROR: Uncaught ReflectionException: Class "App\Policies\ModelPolicy" does not exist in Command line code:1
Stack trace:
#0 Command line code(1): ReflectionClass->__construct('App\\Policies\\Mo...')
#1 [internal function]: {closure}('App\\Policies\\Mo...', 'App\\Model')
#2 Command line code(1): array_map(Object(Closure), Array, Array)
#3 {main}
  thrown {"exception":"[object] (Symfony\\Component\\ErrorHandler\\Error\\FatalError(code: 0): Uncaught ReflectionException: Class \"App\\Policies\\ModelPolicy\" does not exist in Command line code:1
Stack trace:
#0 Command line code(1): ReflectionClass->__construct('App\\\\Policies\\\\Mo...')
#1 [internal function]: {closure}('App\\\\Policies\\\\Mo...', 'App\\\\Model')
#2 Command line code(1): array_map(Object(Closure), Array, Array)
#3 {main}
  thrown at Command line code:1)
[stacktrace]
#0 {main}
"} 
[2025-07-03 20:22:37] local.ERROR: Attempt to read property "price" on null {"userId":20,"exception":"[object] (ErrorException(code: 0): Attempt to read property \"price\" on null at C:\\laragon\\www\\thugos\\app\\Http\\Controllers\\HomeController.php:481)
[stacktrace]
#0 C:\\laragon\\www\\thugos\\app\\Http\\Controllers\\HomeController.php(481): Illuminate\\Foundation\\Bootstrap\\HandleExceptions->handleError(2, 'Attempt to read...', 'C:\\\\laragon\\\\www\\\\...', 481)
#1 C:\\laragon\\www\\thugos\\vendor\\laravel\\framework\\src\\Illuminate\\Routing\\Controller.php(54): App\\Http\\Controllers\\HomeController->variant_price(Object(Illuminate\\Http\\Request))
#2 C:\\laragon\\www\\thugos\\vendor\\laravel\\framework\\src\\Illuminate\\Routing\\ControllerDispatcher.php(45): Illuminate\\Routing\\Controller->callAction('variant_price', Array)
#3 C:\\laragon\\www\\thugos\\vendor\\laravel\\framework\\src\\Illuminate\\Routing\\Route.php(261): Illuminate\\Routing\\ControllerDispatcher->dispatch(Object(Illuminate\\Routing\\Route), Object(App\\Http\\Controllers\\HomeController), 'variant_price')
#4 C:\\laragon\\www\\thugos\\vendor\\laravel\\framework\\src\\Illuminate\\Routing\\Route.php(205): Illuminate\\Routing\\Route->runController()
#5 C:\\laragon\\www\\thugos\\vendor\\laravel\\framework\\src\\Illuminate\\Routing\\Router.php(721): Illuminate\\Routing\\Route->run()
#6 C:\\laragon\\www\\thugos\\vendor\\laravel\\framework\\src\\Illuminate\\Pipeline\\Pipeline.php(128): Illuminate\\Routing\\Router->Illuminate\\Routing\\{closure}(Object(Illuminate\\Http\\Request))
#7 C:\\laragon\\www\\thugos\\app\\Http\\Middleware\\CheckForMaintenanceMode.php(58): Illuminate\\Pipeline\\Pipeline->Illuminate\\Pipeline\\{closure}(Object(Illuminate\\Http\\Request))
#8 C:\\laragon\\www\\thugos\\vendor\\laravel\\framework\\src\\Illuminate\\Pipeline\\Pipeline.php(167): App\\Http\\Middleware\\CheckForMaintenanceMode->handle(Object(Illuminate\\Http\\Request), Object(Closure))
#9 C:\\laragon\\www\\thugos\\app\\Http\\Middleware\\HttpsProtocol.php(20): Illuminate\\Pipeline\\Pipeline->Illuminate\\Pipeline\\{closure}(Object(Illuminate\\Http\\Request))
#10 C:\\laragon\\www\\thugos\\vendor\\laravel\\framework\\src\\Illuminate\\Pipeline\\Pipeline.php(167): App\\Http\\Middleware\\HttpsProtocol->handle(Object(Illuminate\\Http\\Request), Object(Closure))
#11 C:\\laragon\\www\\thugos\\app\\Http\\Middleware\\Language.php(31): Illuminate\\Pipeline\\Pipeline->Illuminate\\Pipeline\\{closure}(Object(Illuminate\\Http\\Request))
#12 C:\\laragon\\www\\thugos\\vendor\\laravel\\framework\\src\\Illuminate\\Pipeline\\Pipeline.php(167): App\\Http\\Middleware\\Language->handle(Object(Illuminate\\Http\\Request), Object(Closure))
#13 C:\\laragon\\www\\thugos\\vendor\\laravel\\framework\\src\\Illuminate\\Routing\\Middleware\\SubstituteBindings.php(50): Illuminate\\Pipeline\\Pipeline->Illuminate\\Pipeline\\{closure}(Object(Illuminate\\Http\\Request))
#14 C:\\laragon\\www\\thugos\\vendor\\laravel\\framework\\src\\Illuminate\\Pipeline\\Pipeline.php(167): Illuminate\\Routing\\Middleware\\SubstituteBindings->handle(Object(Illuminate\\Http\\Request), Object(Closure))
#15 C:\\laragon\\www\\thugos\\vendor\\laravel\\framework\\src\\Illuminate\\Foundation\\Http\\Middleware\\VerifyCsrfToken.php(78): Illuminate\\Pipeline\\Pipeline->Illuminate\\Pipeline\\{closure}(Object(Illuminate\\Http\\Request))
#16 C:\\laragon\\www\\thugos\\vendor\\laravel\\framework\\src\\Illuminate\\Pipeline\\Pipeline.php(167): Illuminate\\Foundation\\Http\\Middleware\\VerifyCsrfToken->handle(Object(Illuminate\\Http\\Request), Object(Closure))
#17 C:\\laragon\\www\\thugos\\vendor\\laravel\\framework\\src\\Illuminate\\View\\Middleware\\ShareErrorsFromSession.php(49): Illuminate\\Pipeline\\Pipeline->Illuminate\\Pipeline\\{closure}(Object(Illuminate\\Http\\Request))
#18 C:\\laragon\\www\\thugos\\vendor\\laravel\\framework\\src\\Illuminate\\Pipeline\\Pipeline.php(167): Illuminate\\View\\Middleware\\ShareErrorsFromSession->handle(Object(Illuminate\\Http\\Request), Object(Closure))
#19 C:\\laragon\\www\\thugos\\vendor\\laravel\\framework\\src\\Illuminate\\Session\\Middleware\\StartSession.php(121): Illuminate\\Pipeline\\Pipeline->Illuminate\\Pipeline\\{closure}(Object(Illuminate\\Http\\Request))
#20 C:\\laragon\\www\\thugos\\vendor\\laravel\\framework\\src\\Illuminate\\Session\\Middleware\\StartSession.php(64): Illuminate\\Session\\Middleware\\StartSession->handleStatefulRequest(Object(Illuminate\\Http\\Request), Object(Illuminate\\Session\\Store), Object(Closure))
#21 C:\\laragon\\www\\thugos\\vendor\\laravel\\framework\\src\\Illuminate\\Pipeline\\Pipeline.php(167): Illuminate\\Session\\Middleware\\StartSession->handle(Object(Illuminate\\Http\\Request), Object(Closure))
#22 C:\\laragon\\www\\thugos\\vendor\\laravel\\framework\\src\\Illuminate\\Cookie\\Middleware\\AddQueuedCookiesToResponse.php(37): Illuminate\\Pipeline\\Pipeline->Illuminate\\Pipeline\\{closure}(Object(Illuminate\\Http\\Request))
#23 C:\\laragon\\www\\thugos\\vendor\\laravel\\framework\\src\\Illuminate\\Pipeline\\Pipeline.php(167): Illuminate\\Cookie\\Middleware\\AddQueuedCookiesToResponse->handle(Object(Illuminate\\Http\\Request), Object(Closure))
#24 C:\\laragon\\www\\thugos\\vendor\\laravel\\framework\\src\\Illuminate\\Pipeline\\Pipeline.php(103): Illuminate\\Pipeline\\Pipeline->Illuminate\\Pipeline\\{closure}(Object(Illuminate\\Http\\Request))
#25 C:\\laragon\\www\\thugos\\vendor\\laravel\\framework\\src\\Illuminate\\Routing\\Router.php(719): Illuminate\\Pipeline\\Pipeline->then(Object(Closure))
#26 C:\\laragon\\www\\thugos\\vendor\\laravel\\framework\\src\\Illuminate\\Routing\\Router.php(698): Illuminate\\Routing\\Router->runRouteWithinStack(Object(Illuminate\\Routing\\Route), Object(Illuminate\\Http\\Request))
#27 C:\\laragon\\www\\thugos\\vendor\\laravel\\framework\\src\\Illuminate\\Routing\\Router.php(662): Illuminate\\Routing\\Router->runRoute(Object(Illuminate\\Http\\Request), Object(Illuminate\\Routing\\Route))
#28 C:\\laragon\\www\\thugos\\vendor\\laravel\\framework\\src\\Illuminate\\Routing\\Router.php(651): Illuminate\\Routing\\Router->dispatchToRoute(Object(Illuminate\\Http\\Request))
#29 C:\\laragon\\www\\thugos\\vendor\\laravel\\framework\\src\\Illuminate\\Foundation\\Http\\Kernel.php(167): Illuminate\\Routing\\Router->dispatch(Object(Illuminate\\Http\\Request))
#30 C:\\laragon\\www\\thugos\\vendor\\laravel\\framework\\src\\Illuminate\\Pipeline\\Pipeline.php(128): Illuminate\\Foundation\\Http\\Kernel->Illuminate\\Foundation\\Http\\{closure}(Object(Illuminate\\Http\\Request))
#31 C:\\laragon\\www\\thugos\\vendor\\barryvdh\\laravel-debugbar\\src\\Middleware\\InjectDebugbar.php(66): Illuminate\\Pipeline\\Pipeline->Illuminate\\Pipeline\\{closure}(Object(Illuminate\\Http\\Request))
#32 C:\\laragon\\www\\thugos\\vendor\\laravel\\framework\\src\\Illuminate\\Pipeline\\Pipeline.php(167): Barryvdh\\Debugbar\\Middleware\\InjectDebugbar->handle(Object(Illuminate\\Http\\Request), Object(Closure))
#33 C:\\laragon\\www\\thugos\\vendor\\fideloper\\proxy\\src\\TrustProxies.php(57): Illuminate\\Pipeline\\Pipeline->Illuminate\\Pipeline\\{closure}(Object(Illuminate\\Http\\Request))
#34 C:\\laragon\\www\\thugos\\vendor\\laravel\\framework\\src\\Illuminate\\Pipeline\\Pipeline.php(167): Fideloper\\Proxy\\TrustProxies->handle(Object(Illuminate\\Http\\Request), Object(Closure))
#35 C:\\laragon\\www\\thugos\\vendor\\laravel\\framework\\src\\Illuminate\\Foundation\\Http\\Middleware\\TransformsRequest.php(21): Illuminate\\Pipeline\\Pipeline->Illuminate\\Pipeline\\{closure}(Object(Illuminate\\Http\\Request))
#36 C:\\laragon\\www\\thugos\\vendor\\laravel\\framework\\src\\Illuminate\\Foundation\\Http\\Middleware\\ConvertEmptyStringsToNull.php(31): Illuminate\\Foundation\\Http\\Middleware\\TransformsRequest->handle(Object(Illuminate\\Http\\Request), Object(Closure))
#37 C:\\laragon\\www\\thugos\\vendor\\laravel\\framework\\src\\Illuminate\\Pipeline\\Pipeline.php(167): Illuminate\\Foundation\\Http\\Middleware\\ConvertEmptyStringsToNull->handle(Object(Illuminate\\Http\\Request), Object(Closure))
#38 C:\\laragon\\www\\thugos\\vendor\\laravel\\framework\\src\\Illuminate\\Foundation\\Http\\Middleware\\TransformsRequest.php(21): Illuminate\\Pipeline\\Pipeline->Illuminate\\Pipeline\\{closure}(Object(Illuminate\\Http\\Request))
#39 C:\\laragon\\www\\thugos\\vendor\\laravel\\framework\\src\\Illuminate\\Foundation\\Http\\Middleware\\TrimStrings.php(40): Illuminate\\Foundation\\Http\\Middleware\\TransformsRequest->handle(Object(Illuminate\\Http\\Request), Object(Closure))
#40 C:\\laragon\\www\\thugos\\vendor\\laravel\\framework\\src\\Illuminate\\Pipeline\\Pipeline.php(167): Illuminate\\Foundation\\Http\\Middleware\\TrimStrings->handle(Object(Illuminate\\Http\\Request), Object(Closure))
#41 C:\\laragon\\www\\thugos\\vendor\\laravel\\framework\\src\\Illuminate\\Foundation\\Http\\Middleware\\ValidatePostSize.php(27): Illuminate\\Pipeline\\Pipeline->Illuminate\\Pipeline\\{closure}(Object(Illuminate\\Http\\Request))
#42 C:\\laragon\\www\\thugos\\vendor\\laravel\\framework\\src\\Illuminate\\Pipeline\\Pipeline.php(167): Illuminate\\Foundation\\Http\\Middleware\\ValidatePostSize->handle(Object(Illuminate\\Http\\Request), Object(Closure))
#43 C:\\laragon\\www\\thugos\\vendor\\laravel\\framework\\src\\Illuminate\\Pipeline\\Pipeline.php(103): Illuminate\\Pipeline\\Pipeline->Illuminate\\Pipeline\\{closure}(Object(Illuminate\\Http\\Request))
#44 C:\\laragon\\www\\thugos\\vendor\\laravel\\framework\\src\\Illuminate\\Foundation\\Http\\Kernel.php(142): Illuminate\\Pipeline\\Pipeline->then(Object(Closure))
#45 C:\\laragon\\www\\thugos\\vendor\\laravel\\framework\\src\\Illuminate\\Foundation\\Http\\Kernel.php(111): Illuminate\\Foundation\\Http\\Kernel->sendRequestThroughRouter(Object(Illuminate\\Http\\Request))
#46 C:\\laragon\\www\\thugos\\index.php(56): Illuminate\\Foundation\\Http\\Kernel->handle(Object(Illuminate\\Http\\Request))
#47 {main}
"} 
[2025-07-03 20:23:10] local.ERROR: Uncaught ReflectionException: Class "App\Policies\ModelPolicy" does not exist in Command line code:1
Stack trace:
#0 Command line code(1): ReflectionClass->__construct('App\\Policies\\Mo...')
#1 [internal function]: {closure}('App\\Policies\\Mo...', 'App\\Model')
#2 Command line code(1): array_map(Object(Closure), Array, Array)
#3 {main}
  thrown {"exception":"[object] (Symfony\\Component\\ErrorHandler\\Error\\FatalError(code: 0): Uncaught ReflectionException: Class \"App\\Policies\\ModelPolicy\" does not exist in Command line code:1
Stack trace:
#0 Command line code(1): ReflectionClass->__construct('App\\\\Policies\\\\Mo...')
#1 [internal function]: {closure}('App\\\\Policies\\\\Mo...', 'App\\\\Model')
#2 Command line code(1): array_map(Object(Closure), Array, Array)
#3 {main}
  thrown at Command line code:1)
[stacktrace]
#0 {main}
"} 
[2025-07-03 20:24:11] local.ERROR: Uncaught ReflectionException: Class "App\Policies\ModelPolicy" does not exist in Command line code:1
Stack trace:
#0 Command line code(1): ReflectionClass->__construct('App\\Policies\\Mo...')
#1 [internal function]: {closure}('App\\Policies\\Mo...', 'App\\Model')
#2 Command line code(1): array_map(Object(Closure), Array, Array)
#3 {main}
  thrown {"exception":"[object] (Symfony\\Component\\ErrorHandler\\Error\\FatalError(code: 0): Uncaught ReflectionException: Class \"App\\Policies\\ModelPolicy\" does not exist in Command line code:1
Stack trace:
#0 Command line code(1): ReflectionClass->__construct('App\\\\Policies\\\\Mo...')
#1 [internal function]: {closure}('App\\\\Policies\\\\Mo...', 'App\\\\Model')
#2 Command line code(1): array_map(Object(Closure), Array, Array)
#3 {main}
  thrown at Command line code:1)
[stacktrace]
#0 {main}
"} 
[2025-07-03 20:25:10] local.ERROR: Uncaught ReflectionException: Class "App\Policies\ModelPolicy" does not exist in Command line code:1
Stack trace:
#0 Command line code(1): ReflectionClass->__construct('App\\Policies\\Mo...')
#1 [internal function]: {closure}('App\\Policies\\Mo...', 'App\\Model')
#2 Command line code(1): array_map(Object(Closure), Array, Array)
#3 {main}
  thrown {"exception":"[object] (Symfony\\Component\\ErrorHandler\\Error\\FatalError(code: 0): Uncaught ReflectionException: Class \"App\\Policies\\ModelPolicy\" does not exist in Command line code:1
Stack trace:
#0 Command line code(1): ReflectionClass->__construct('App\\\\Policies\\\\Mo...')
#1 [internal function]: {closure}('App\\\\Policies\\\\Mo...', 'App\\\\Model')
#2 Command line code(1): array_map(Object(Closure), Array, Array)
#3 {main}
  thrown at Command line code:1)
[stacktrace]
#0 {main}
"} 
[2025-07-03 20:26:10] local.ERROR: Uncaught ReflectionException: Class "App\Policies\ModelPolicy" does not exist in Command line code:1
Stack trace:
#0 Command line code(1): ReflectionClass->__construct('App\\Policies\\Mo...')
#1 [internal function]: {closure}('App\\Policies\\Mo...', 'App\\Model')
#2 Command line code(1): array_map(Object(Closure), Array, Array)
#3 {main}
  thrown {"exception":"[object] (Symfony\\Component\\ErrorHandler\\Error\\FatalError(code: 0): Uncaught ReflectionException: Class \"App\\Policies\\ModelPolicy\" does not exist in Command line code:1
Stack trace:
#0 Command line code(1): ReflectionClass->__construct('App\\\\Policies\\\\Mo...')
#1 [internal function]: {closure}('App\\\\Policies\\\\Mo...', 'App\\\\Model')
#2 Command line code(1): array_map(Object(Closure), Array, Array)
#3 {main}
  thrown at Command line code:1)
[stacktrace]
#0 {main}
"} 
[2025-07-03 20:27:12] local.ERROR: Uncaught ReflectionException: Class "App\Policies\ModelPolicy" does not exist in Command line code:1
Stack trace:
#0 Command line code(1): ReflectionClass->__construct('App\\Policies\\Mo...')
#1 [internal function]: {closure}('App\\Policies\\Mo...', 'App\\Model')
#2 Command line code(1): array_map(Object(Closure), Array, Array)
#3 {main}
  thrown {"exception":"[object] (Symfony\\Component\\ErrorHandler\\Error\\FatalError(code: 0): Uncaught ReflectionException: Class \"App\\Policies\\ModelPolicy\" does not exist in Command line code:1
Stack trace:
#0 Command line code(1): ReflectionClass->__construct('App\\\\Policies\\\\Mo...')
#1 [internal function]: {closure}('App\\\\Policies\\\\Mo...', 'App\\\\Model')
#2 Command line code(1): array_map(Object(Closure), Array, Array)
#3 {main}
  thrown at Command line code:1)
[stacktrace]
#0 {main}
"} 
[2025-07-03 20:28:10] local.ERROR: Uncaught ReflectionException: Class "App\Policies\ModelPolicy" does not exist in Command line code:1
Stack trace:
#0 Command line code(1): ReflectionClass->__construct('App\\Policies\\Mo...')
#1 [internal function]: {closure}('App\\Policies\\Mo...', 'App\\Model')
#2 Command line code(1): array_map(Object(Closure), Array, Array)
#3 {main}
  thrown {"exception":"[object] (Symfony\\Component\\ErrorHandler\\Error\\FatalError(code: 0): Uncaught ReflectionException: Class \"App\\Policies\\ModelPolicy\" does not exist in Command line code:1
Stack trace:
#0 Command line code(1): ReflectionClass->__construct('App\\\\Policies\\\\Mo...')
#1 [internal function]: {closure}('App\\\\Policies\\\\Mo...', 'App\\\\Model')
#2 Command line code(1): array_map(Object(Closure), Array, Array)
#3 {main}
  thrown at Command line code:1)
[stacktrace]
#0 {main}
"} 
[2025-07-03 20:29:11] local.ERROR: Uncaught ReflectionException: Class "App\Policies\ModelPolicy" does not exist in Command line code:1
Stack trace:
#0 Command line code(1): ReflectionClass->__construct('App\\Policies\\Mo...')
#1 [internal function]: {closure}('App\\Policies\\Mo...', 'App\\Model')
#2 Command line code(1): array_map(Object(Closure), Array, Array)
#3 {main}
  thrown {"exception":"[object] (Symfony\\Component\\ErrorHandler\\Error\\FatalError(code: 0): Uncaught ReflectionException: Class \"App\\Policies\\ModelPolicy\" does not exist in Command line code:1
Stack trace:
#0 Command line code(1): ReflectionClass->__construct('App\\\\Policies\\\\Mo...')
#1 [internal function]: {closure}('App\\\\Policies\\\\Mo...', 'App\\\\Model')
#2 Command line code(1): array_map(Object(Closure), Array, Array)
#3 {main}
  thrown at Command line code:1)
[stacktrace]
#0 {main}
"} 
[2025-07-03 20:30:10] local.ERROR: Uncaught ReflectionException: Class "App\Policies\ModelPolicy" does not exist in Command line code:1
Stack trace:
#0 Command line code(1): ReflectionClass->__construct('App\\Policies\\Mo...')
#1 [internal function]: {closure}('App\\Policies\\Mo...', 'App\\Model')
#2 Command line code(1): array_map(Object(Closure), Array, Array)
#3 {main}
  thrown {"exception":"[object] (Symfony\\Component\\ErrorHandler\\Error\\FatalError(code: 0): Uncaught ReflectionException: Class \"App\\Policies\\ModelPolicy\" does not exist in Command line code:1
Stack trace:
#0 Command line code(1): ReflectionClass->__construct('App\\\\Policies\\\\Mo...')
#1 [internal function]: {closure}('App\\\\Policies\\\\Mo...', 'App\\\\Model')
#2 Command line code(1): array_map(Object(Closure), Array, Array)
#3 {main}
  thrown at Command line code:1)
[stacktrace]
#0 {main}
"} 
[2025-07-03 20:31:10] local.ERROR: Uncaught ReflectionException: Class "App\Policies\ModelPolicy" does not exist in Command line code:1
Stack trace:
#0 Command line code(1): ReflectionClass->__construct('App\\Policies\\Mo...')
#1 [internal function]: {closure}('App\\Policies\\Mo...', 'App\\Model')
#2 Command line code(1): array_map(Object(Closure), Array, Array)
#3 {main}
  thrown {"exception":"[object] (Symfony\\Component\\ErrorHandler\\Error\\FatalError(code: 0): Uncaught ReflectionException: Class \"App\\Policies\\ModelPolicy\" does not exist in Command line code:1
Stack trace:
#0 Command line code(1): ReflectionClass->__construct('App\\\\Policies\\\\Mo...')
#1 [internal function]: {closure}('App\\\\Policies\\\\Mo...', 'App\\\\Model')
#2 Command line code(1): array_map(Object(Closure), Array, Array)
#3 {main}
  thrown at Command line code:1)
[stacktrace]
#0 {main}
"} 
[2025-07-03 20:32:11] local.ERROR: Uncaught ReflectionException: Class "App\Policies\ModelPolicy" does not exist in Command line code:1
Stack trace:
#0 Command line code(1): ReflectionClass->__construct('App\\Policies\\Mo...')
#1 [internal function]: {closure}('App\\Policies\\Mo...', 'App\\Model')
#2 Command line code(1): array_map(Object(Closure), Array, Array)
#3 {main}
  thrown {"exception":"[object] (Symfony\\Component\\ErrorHandler\\Error\\FatalError(code: 0): Uncaught ReflectionException: Class \"App\\Policies\\ModelPolicy\" does not exist in Command line code:1
Stack trace:
#0 Command line code(1): ReflectionClass->__construct('App\\\\Policies\\\\Mo...')
#1 [internal function]: {closure}('App\\\\Policies\\\\Mo...', 'App\\\\Model')
#2 Command line code(1): array_map(Object(Closure), Array, Array)
#3 {main}
  thrown at Command line code:1)
[stacktrace]
#0 {main}
"} 
[2025-07-03 20:33:10] local.ERROR: Uncaught ReflectionException: Class "App\Policies\ModelPolicy" does not exist in Command line code:1
Stack trace:
#0 Command line code(1): ReflectionClass->__construct('App\\Policies\\Mo...')
#1 [internal function]: {closure}('App\\Policies\\Mo...', 'App\\Model')
#2 Command line code(1): array_map(Object(Closure), Array, Array)
#3 {main}
  thrown {"exception":"[object] (Symfony\\Component\\ErrorHandler\\Error\\FatalError(code: 0): Uncaught ReflectionException: Class \"App\\Policies\\ModelPolicy\" does not exist in Command line code:1
Stack trace:
#0 Command line code(1): ReflectionClass->__construct('App\\\\Policies\\\\Mo...')
#1 [internal function]: {closure}('App\\\\Policies\\\\Mo...', 'App\\\\Model')
#2 Command line code(1): array_map(Object(Closure), Array, Array)
#3 {main}
  thrown at Command line code:1)
[stacktrace]
#0 {main}
"} 
[2025-07-03 20:34:10] local.ERROR: Uncaught ReflectionException: Class "App\Policies\ModelPolicy" does not exist in Command line code:1
Stack trace:
#0 Command line code(1): ReflectionClass->__construct('App\\Policies\\Mo...')
#1 [internal function]: {closure}('App\\Policies\\Mo...', 'App\\Model')
#2 Command line code(1): array_map(Object(Closure), Array, Array)
#3 {main}
  thrown {"exception":"[object] (Symfony\\Component\\ErrorHandler\\Error\\FatalError(code: 0): Uncaught ReflectionException: Class \"App\\Policies\\ModelPolicy\" does not exist in Command line code:1
Stack trace:
#0 Command line code(1): ReflectionClass->__construct('App\\\\Policies\\\\Mo...')
#1 [internal function]: {closure}('App\\\\Policies\\\\Mo...', 'App\\\\Model')
#2 Command line code(1): array_map(Object(Closure), Array, Array)
#3 {main}
  thrown at Command line code:1)
[stacktrace]
#0 {main}
"} 
[2025-07-03 20:35:10] local.ERROR: Uncaught ReflectionException: Class "App\Policies\ModelPolicy" does not exist in Command line code:1
Stack trace:
#0 Command line code(1): ReflectionClass->__construct('App\\Policies\\Mo...')
#1 [internal function]: {closure}('App\\Policies\\Mo...', 'App\\Model')
#2 Command line code(1): array_map(Object(Closure), Array, Array)
#3 {main}
  thrown {"exception":"[object] (Symfony\\Component\\ErrorHandler\\Error\\FatalError(code: 0): Uncaught ReflectionException: Class \"App\\Policies\\ModelPolicy\" does not exist in Command line code:1
Stack trace:
#0 Command line code(1): ReflectionClass->__construct('App\\\\Policies\\\\Mo...')
#1 [internal function]: {closure}('App\\\\Policies\\\\Mo...', 'App\\\\Model')
#2 Command line code(1): array_map(Object(Closure), Array, Array)
#3 {main}
  thrown at Command line code:1)
[stacktrace]
#0 {main}
"} 
[2025-07-03 20:36:10] local.ERROR: Uncaught ReflectionException: Class "App\Policies\ModelPolicy" does not exist in Command line code:1
Stack trace:
#0 Command line code(1): ReflectionClass->__construct('App\\Policies\\Mo...')
#1 [internal function]: {closure}('App\\Policies\\Mo...', 'App\\Model')
#2 Command line code(1): array_map(Object(Closure), Array, Array)
#3 {main}
  thrown {"exception":"[object] (Symfony\\Component\\ErrorHandler\\Error\\FatalError(code: 0): Uncaught ReflectionException: Class \"App\\Policies\\ModelPolicy\" does not exist in Command line code:1
Stack trace:
#0 Command line code(1): ReflectionClass->__construct('App\\\\Policies\\\\Mo...')
#1 [internal function]: {closure}('App\\\\Policies\\\\Mo...', 'App\\\\Model')
#2 Command line code(1): array_map(Object(Closure), Array, Array)
#3 {main}
  thrown at Command line code:1)
[stacktrace]
#0 {main}
"} 
[2025-07-03 20:37:11] local.ERROR: Uncaught ReflectionException: Class "App\Policies\ModelPolicy" does not exist in Command line code:1
Stack trace:
#0 Command line code(1): ReflectionClass->__construct('App\\Policies\\Mo...')
#1 [internal function]: {closure}('App\\Policies\\Mo...', 'App\\Model')
#2 Command line code(1): array_map(Object(Closure), Array, Array)
#3 {main}
  thrown {"exception":"[object] (Symfony\\Component\\ErrorHandler\\Error\\FatalError(code: 0): Uncaught ReflectionException: Class \"App\\Policies\\ModelPolicy\" does not exist in Command line code:1
Stack trace:
#0 Command line code(1): ReflectionClass->__construct('App\\\\Policies\\\\Mo...')
#1 [internal function]: {closure}('App\\\\Policies\\\\Mo...', 'App\\\\Model')
#2 Command line code(1): array_map(Object(Closure), Array, Array)
#3 {main}
  thrown at Command line code:1)
[stacktrace]
#0 {main}
"} 
[2025-07-03 20:38:10] local.ERROR: Uncaught ReflectionException: Class "App\Policies\ModelPolicy" does not exist in Command line code:1
Stack trace:
#0 Command line code(1): ReflectionClass->__construct('App\\Policies\\Mo...')
#1 [internal function]: {closure}('App\\Policies\\Mo...', 'App\\Model')
#2 Command line code(1): array_map(Object(Closure), Array, Array)
#3 {main}
  thrown {"exception":"[object] (Symfony\\Component\\ErrorHandler\\Error\\FatalError(code: 0): Uncaught ReflectionException: Class \"App\\Policies\\ModelPolicy\" does not exist in Command line code:1
Stack trace:
#0 Command line code(1): ReflectionClass->__construct('App\\\\Policies\\\\Mo...')
#1 [internal function]: {closure}('App\\\\Policies\\\\Mo...', 'App\\\\Model')
#2 Command line code(1): array_map(Object(Closure), Array, Array)
#3 {main}
  thrown at Command line code:1)
[stacktrace]
#0 {main}
"} 
[2025-07-03 20:39:10] local.ERROR: Uncaught ReflectionException: Class "App\Policies\ModelPolicy" does not exist in Command line code:1
Stack trace:
#0 Command line code(1): ReflectionClass->__construct('App\\Policies\\Mo...')
#1 [internal function]: {closure}('App\\Policies\\Mo...', 'App\\Model')
#2 Command line code(1): array_map(Object(Closure), Array, Array)
#3 {main}
  thrown {"exception":"[object] (Symfony\\Component\\ErrorHandler\\Error\\FatalError(code: 0): Uncaught ReflectionException: Class \"App\\Policies\\ModelPolicy\" does not exist in Command line code:1
Stack trace:
#0 Command line code(1): ReflectionClass->__construct('App\\\\Policies\\\\Mo...')
#1 [internal function]: {closure}('App\\\\Policies\\\\Mo...', 'App\\\\Model')
#2 Command line code(1): array_map(Object(Closure), Array, Array)
#3 {main}
  thrown at Command line code:1)
[stacktrace]
#0 {main}
"} 
[2025-07-03 20:40:10] local.ERROR: Uncaught ReflectionException: Class "App\Policies\ModelPolicy" does not exist in Command line code:1
Stack trace:
#0 Command line code(1): ReflectionClass->__construct('App\\Policies\\Mo...')
#1 [internal function]: {closure}('App\\Policies\\Mo...', 'App\\Model')
#2 Command line code(1): array_map(Object(Closure), Array, Array)
#3 {main}
  thrown {"exception":"[object] (Symfony\\Component\\ErrorHandler\\Error\\FatalError(code: 0): Uncaught ReflectionException: Class \"App\\Policies\\ModelPolicy\" does not exist in Command line code:1
Stack trace:
#0 Command line code(1): ReflectionClass->__construct('App\\\\Policies\\\\Mo...')
#1 [internal function]: {closure}('App\\\\Policies\\\\Mo...', 'App\\\\Model')
#2 Command line code(1): array_map(Object(Closure), Array, Array)
#3 {main}
  thrown at Command line code:1)
[stacktrace]
#0 {main}
"} 
[2025-07-03 20:41:10] local.ERROR: Uncaught ReflectionException: Class "App\Policies\ModelPolicy" does not exist in Command line code:1
Stack trace:
#0 Command line code(1): ReflectionClass->__construct('App\\Policies\\Mo...')
#1 [internal function]: {closure}('App\\Policies\\Mo...', 'App\\Model')
#2 Command line code(1): array_map(Object(Closure), Array, Array)
#3 {main}
  thrown {"exception":"[object] (Symfony\\Component\\ErrorHandler\\Error\\FatalError(code: 0): Uncaught ReflectionException: Class \"App\\Policies\\ModelPolicy\" does not exist in Command line code:1
Stack trace:
#0 Command line code(1): ReflectionClass->__construct('App\\\\Policies\\\\Mo...')
#1 [internal function]: {closure}('App\\\\Policies\\\\Mo...', 'App\\\\Model')
#2 Command line code(1): array_map(Object(Closure), Array, Array)
#3 {main}
  thrown at Command line code:1)
[stacktrace]
#0 {main}
"} 
[2025-07-03 20:42:10] local.ERROR: Uncaught ReflectionException: Class "App\Policies\ModelPolicy" does not exist in Command line code:1
Stack trace:
#0 Command line code(1): ReflectionClass->__construct('App\\Policies\\Mo...')
#1 [internal function]: {closure}('App\\Policies\\Mo...', 'App\\Model')
#2 Command line code(1): array_map(Object(Closure), Array, Array)
#3 {main}
  thrown {"exception":"[object] (Symfony\\Component\\ErrorHandler\\Error\\FatalError(code: 0): Uncaught ReflectionException: Class \"App\\Policies\\ModelPolicy\" does not exist in Command line code:1
Stack trace:
#0 Command line code(1): ReflectionClass->__construct('App\\\\Policies\\\\Mo...')
#1 [internal function]: {closure}('App\\\\Policies\\\\Mo...', 'App\\\\Model')
#2 Command line code(1): array_map(Object(Closure), Array, Array)
#3 {main}
  thrown at Command line code:1)
[stacktrace]
#0 {main}
"} 
[2025-07-03 20:43:10] local.ERROR: Uncaught ReflectionException: Class "App\Policies\ModelPolicy" does not exist in Command line code:1
Stack trace:
#0 Command line code(1): ReflectionClass->__construct('App\\Policies\\Mo...')
#1 [internal function]: {closure}('App\\Policies\\Mo...', 'App\\Model')
#2 Command line code(1): array_map(Object(Closure), Array, Array)
#3 {main}
  thrown {"exception":"[object] (Symfony\\Component\\ErrorHandler\\Error\\FatalError(code: 0): Uncaught ReflectionException: Class \"App\\Policies\\ModelPolicy\" does not exist in Command line code:1
Stack trace:
#0 Command line code(1): ReflectionClass->__construct('App\\\\Policies\\\\Mo...')
#1 [internal function]: {closure}('App\\\\Policies\\\\Mo...', 'App\\\\Model')
#2 Command line code(1): array_map(Object(Closure), Array, Array)
#3 {main}
  thrown at Command line code:1)
[stacktrace]
#0 {main}
"} 
[2025-07-03 20:44:10] local.ERROR: Uncaught ReflectionException: Class "App\Policies\ModelPolicy" does not exist in Command line code:1
Stack trace:
#0 Command line code(1): ReflectionClass->__construct('App\\Policies\\Mo...')
#1 [internal function]: {closure}('App\\Policies\\Mo...', 'App\\Model')
#2 Command line code(1): array_map(Object(Closure), Array, Array)
#3 {main}
  thrown {"exception":"[object] (Symfony\\Component\\ErrorHandler\\Error\\FatalError(code: 0): Uncaught ReflectionException: Class \"App\\Policies\\ModelPolicy\" does not exist in Command line code:1
Stack trace:
#0 Command line code(1): ReflectionClass->__construct('App\\\\Policies\\\\Mo...')
#1 [internal function]: {closure}('App\\\\Policies\\\\Mo...', 'App\\\\Model')
#2 Command line code(1): array_map(Object(Closure), Array, Array)
#3 {main}
  thrown at Command line code:1)
[stacktrace]
#0 {main}
"} 
[2025-07-03 20:45:10] local.ERROR: Uncaught ReflectionException: Class "App\Policies\ModelPolicy" does not exist in Command line code:1
Stack trace:
#0 Command line code(1): ReflectionClass->__construct('App\\Policies\\Mo...')
#1 [internal function]: {closure}('App\\Policies\\Mo...', 'App\\Model')
#2 Command line code(1): array_map(Object(Closure), Array, Array)
#3 {main}
  thrown {"exception":"[object] (Symfony\\Component\\ErrorHandler\\Error\\FatalError(code: 0): Uncaught ReflectionException: Class \"App\\Policies\\ModelPolicy\" does not exist in Command line code:1
Stack trace:
#0 Command line code(1): ReflectionClass->__construct('App\\\\Policies\\\\Mo...')
#1 [internal function]: {closure}('App\\\\Policies\\\\Mo...', 'App\\\\Model')
#2 Command line code(1): array_map(Object(Closure), Array, Array)
#3 {main}
  thrown at Command line code:1)
[stacktrace]
#0 {main}
"} 
[2025-07-03 20:46:10] local.ERROR: Uncaught ReflectionException: Class "App\Policies\ModelPolicy" does not exist in Command line code:1
Stack trace:
#0 Command line code(1): ReflectionClass->__construct('App\\Policies\\Mo...')
#1 [internal function]: {closure}('App\\Policies\\Mo...', 'App\\Model')
#2 Command line code(1): array_map(Object(Closure), Array, Array)
#3 {main}
  thrown {"exception":"[object] (Symfony\\Component\\ErrorHandler\\Error\\FatalError(code: 0): Uncaught ReflectionException: Class \"App\\Policies\\ModelPolicy\" does not exist in Command line code:1
Stack trace:
#0 Command line code(1): ReflectionClass->__construct('App\\\\Policies\\\\Mo...')
#1 [internal function]: {closure}('App\\\\Policies\\\\Mo...', 'App\\\\Model')
#2 Command line code(1): array_map(Object(Closure), Array, Array)
#3 {main}
  thrown at Command line code:1)
[stacktrace]
#0 {main}
"} 
[2025-07-03 20:47:10] local.ERROR: Uncaught ReflectionException: Class "App\Policies\ModelPolicy" does not exist in Command line code:1
Stack trace:
#0 Command line code(1): ReflectionClass->__construct('App\\Policies\\Mo...')
#1 [internal function]: {closure}('App\\Policies\\Mo...', 'App\\Model')
#2 Command line code(1): array_map(Object(Closure), Array, Array)
#3 {main}
  thrown {"exception":"[object] (Symfony\\Component\\ErrorHandler\\Error\\FatalError(code: 0): Uncaught ReflectionException: Class \"App\\Policies\\ModelPolicy\" does not exist in Command line code:1
Stack trace:
#0 Command line code(1): ReflectionClass->__construct('App\\\\Policies\\\\Mo...')
#1 [internal function]: {closure}('App\\\\Policies\\\\Mo...', 'App\\\\Model')
#2 Command line code(1): array_map(Object(Closure), Array, Array)
#3 {main}
  thrown at Command line code:1)
[stacktrace]
#0 {main}
"} 
[2025-07-03 20:48:10] local.ERROR: Uncaught ReflectionException: Class "App\Policies\ModelPolicy" does not exist in Command line code:1
Stack trace:
#0 Command line code(1): ReflectionClass->__construct('App\\Policies\\Mo...')
#1 [internal function]: {closure}('App\\Policies\\Mo...', 'App\\Model')
#2 Command line code(1): array_map(Object(Closure), Array, Array)
#3 {main}
  thrown {"exception":"[object] (Symfony\\Component\\ErrorHandler\\Error\\FatalError(code: 0): Uncaught ReflectionException: Class \"App\\Policies\\ModelPolicy\" does not exist in Command line code:1
Stack trace:
#0 Command line code(1): ReflectionClass->__construct('App\\\\Policies\\\\Mo...')
#1 [internal function]: {closure}('App\\\\Policies\\\\Mo...', 'App\\\\Model')
#2 Command line code(1): array_map(Object(Closure), Array, Array)
#3 {main}
  thrown at Command line code:1)
[stacktrace]
#0 {main}
"} 
[2025-07-03 20:49:10] local.ERROR: Uncaught ReflectionException: Class "App\Policies\ModelPolicy" does not exist in Command line code:1
Stack trace:
#0 Command line code(1): ReflectionClass->__construct('App\\Policies\\Mo...')
#1 [internal function]: {closure}('App\\Policies\\Mo...', 'App\\Model')
#2 Command line code(1): array_map(Object(Closure), Array, Array)
#3 {main}
  thrown {"exception":"[object] (Symfony\\Component\\ErrorHandler\\Error\\FatalError(code: 0): Uncaught ReflectionException: Class \"App\\Policies\\ModelPolicy\" does not exist in Command line code:1
Stack trace:
#0 Command line code(1): ReflectionClass->__construct('App\\\\Policies\\\\Mo...')
#1 [internal function]: {closure}('App\\\\Policies\\\\Mo...', 'App\\\\Model')
#2 Command line code(1): array_map(Object(Closure), Array, Array)
#3 {main}
  thrown at Command line code:1)
[stacktrace]
#0 {main}
"} 
[2025-07-03 20:50:10] local.ERROR: Uncaught ReflectionException: Class "App\Policies\ModelPolicy" does not exist in Command line code:1
Stack trace:
#0 Command line code(1): ReflectionClass->__construct('App\\Policies\\Mo...')
#1 [internal function]: {closure}('App\\Policies\\Mo...', 'App\\Model')
#2 Command line code(1): array_map(Object(Closure), Array, Array)
#3 {main}
  thrown {"exception":"[object] (Symfony\\Component\\ErrorHandler\\Error\\FatalError(code: 0): Uncaught ReflectionException: Class \"App\\Policies\\ModelPolicy\" does not exist in Command line code:1
Stack trace:
#0 Command line code(1): ReflectionClass->__construct('App\\\\Policies\\\\Mo...')
#1 [internal function]: {closure}('App\\\\Policies\\\\Mo...', 'App\\\\Model')
#2 Command line code(1): array_map(Object(Closure), Array, Array)
#3 {main}
  thrown at Command line code:1)
[stacktrace]
#0 {main}
"} 
[2025-07-03 20:51:10] local.ERROR: Uncaught ReflectionException: Class "App\Policies\ModelPolicy" does not exist in Command line code:1
Stack trace:
#0 Command line code(1): ReflectionClass->__construct('App\\Policies\\Mo...')
#1 [internal function]: {closure}('App\\Policies\\Mo...', 'App\\Model')
#2 Command line code(1): array_map(Object(Closure), Array, Array)
#3 {main}
  thrown {"exception":"[object] (Symfony\\Component\\ErrorHandler\\Error\\FatalError(code: 0): Uncaught ReflectionException: Class \"App\\Policies\\ModelPolicy\" does not exist in Command line code:1
Stack trace:
#0 Command line code(1): ReflectionClass->__construct('App\\\\Policies\\\\Mo...')
#1 [internal function]: {closure}('App\\\\Policies\\\\Mo...', 'App\\\\Model')
#2 Command line code(1): array_map(Object(Closure), Array, Array)
#3 {main}
  thrown at Command line code:1)
[stacktrace]
#0 {main}
"} 
[2025-07-03 20:52:10] local.ERROR: Uncaught ReflectionException: Class "App\Policies\ModelPolicy" does not exist in Command line code:1
Stack trace:
#0 Command line code(1): ReflectionClass->__construct('App\\Policies\\Mo...')
#1 [internal function]: {closure}('App\\Policies\\Mo...', 'App\\Model')
#2 Command line code(1): array_map(Object(Closure), Array, Array)
#3 {main}
  thrown {"exception":"[object] (Symfony\\Component\\ErrorHandler\\Error\\FatalError(code: 0): Uncaught ReflectionException: Class \"App\\Policies\\ModelPolicy\" does not exist in Command line code:1
Stack trace:
#0 Command line code(1): ReflectionClass->__construct('App\\\\Policies\\\\Mo...')
#1 [internal function]: {closure}('App\\\\Policies\\\\Mo...', 'App\\\\Model')
#2 Command line code(1): array_map(Object(Closure), Array, Array)
#3 {main}
  thrown at Command line code:1)
[stacktrace]
#0 {main}
"} 
[2025-07-03 20:53:10] local.ERROR: Uncaught ReflectionException: Class "App\Policies\ModelPolicy" does not exist in Command line code:1
Stack trace:
#0 Command line code(1): ReflectionClass->__construct('App\\Policies\\Mo...')
#1 [internal function]: {closure}('App\\Policies\\Mo...', 'App\\Model')
#2 Command line code(1): array_map(Object(Closure), Array, Array)
#3 {main}
  thrown {"exception":"[object] (Symfony\\Component\\ErrorHandler\\Error\\FatalError(code: 0): Uncaught ReflectionException: Class \"App\\Policies\\ModelPolicy\" does not exist in Command line code:1
Stack trace:
#0 Command line code(1): ReflectionClass->__construct('App\\\\Policies\\\\Mo...')
#1 [internal function]: {closure}('App\\\\Policies\\\\Mo...', 'App\\\\Model')
#2 Command line code(1): array_map(Object(Closure), Array, Array)
#3 {main}
  thrown at Command line code:1)
[stacktrace]
#0 {main}
"} 
[2025-07-03 20:54:10] local.ERROR: Uncaught ReflectionException: Class "App\Policies\ModelPolicy" does not exist in Command line code:1
Stack trace:
#0 Command line code(1): ReflectionClass->__construct('App\\Policies\\Mo...')
#1 [internal function]: {closure}('App\\Policies\\Mo...', 'App\\Model')
#2 Command line code(1): array_map(Object(Closure), Array, Array)
#3 {main}
  thrown {"exception":"[object] (Symfony\\Component\\ErrorHandler\\Error\\FatalError(code: 0): Uncaught ReflectionException: Class \"App\\Policies\\ModelPolicy\" does not exist in Command line code:1
Stack trace:
#0 Command line code(1): ReflectionClass->__construct('App\\\\Policies\\\\Mo...')
#1 [internal function]: {closure}('App\\\\Policies\\\\Mo...', 'App\\\\Model')
#2 Command line code(1): array_map(Object(Closure), Array, Array)
#3 {main}
  thrown at Command line code:1)
[stacktrace]
#0 {main}
"} 
[2025-07-03 20:55:10] local.ERROR: Uncaught ReflectionException: Class "App\Policies\ModelPolicy" does not exist in Command line code:1
Stack trace:
#0 Command line code(1): ReflectionClass->__construct('App\\Policies\\Mo...')
#1 [internal function]: {closure}('App\\Policies\\Mo...', 'App\\Model')
#2 Command line code(1): array_map(Object(Closure), Array, Array)
#3 {main}
  thrown {"exception":"[object] (Symfony\\Component\\ErrorHandler\\Error\\FatalError(code: 0): Uncaught ReflectionException: Class \"App\\Policies\\ModelPolicy\" does not exist in Command line code:1
Stack trace:
#0 Command line code(1): ReflectionClass->__construct('App\\\\Policies\\\\Mo...')
#1 [internal function]: {closure}('App\\\\Policies\\\\Mo...', 'App\\\\Model')
#2 Command line code(1): array_map(Object(Closure), Array, Array)
#3 {main}
  thrown at Command line code:1)
[stacktrace]
#0 {main}
"} 
[2025-07-03 20:56:11] local.ERROR: Uncaught ReflectionException: Class "App\Policies\ModelPolicy" does not exist in Command line code:1
Stack trace:
#0 Command line code(1): ReflectionClass->__construct('App\\Policies\\Mo...')
#1 [internal function]: {closure}('App\\Policies\\Mo...', 'App\\Model')
#2 Command line code(1): array_map(Object(Closure), Array, Array)
#3 {main}
  thrown {"exception":"[object] (Symfony\\Component\\ErrorHandler\\Error\\FatalError(code: 0): Uncaught ReflectionException: Class \"App\\Policies\\ModelPolicy\" does not exist in Command line code:1
Stack trace:
#0 Command line code(1): ReflectionClass->__construct('App\\\\Policies\\\\Mo...')
#1 [internal function]: {closure}('App\\\\Policies\\\\Mo...', 'App\\\\Model')
#2 Command line code(1): array_map(Object(Closure), Array, Array)
#3 {main}
  thrown at Command line code:1)
[stacktrace]
#0 {main}
"} 
[2025-07-03 20:57:10] local.ERROR: Uncaught ReflectionException: Class "App\Policies\ModelPolicy" does not exist in Command line code:1
Stack trace:
#0 Command line code(1): ReflectionClass->__construct('App\\Policies\\Mo...')
#1 [internal function]: {closure}('App\\Policies\\Mo...', 'App\\Model')
#2 Command line code(1): array_map(Object(Closure), Array, Array)
#3 {main}
  thrown {"exception":"[object] (Symfony\\Component\\ErrorHandler\\Error\\FatalError(code: 0): Uncaught ReflectionException: Class \"App\\Policies\\ModelPolicy\" does not exist in Command line code:1
Stack trace:
#0 Command line code(1): ReflectionClass->__construct('App\\\\Policies\\\\Mo...')
#1 [internal function]: {closure}('App\\\\Policies\\\\Mo...', 'App\\\\Model')
#2 Command line code(1): array_map(Object(Closure), Array, Array)
#3 {main}
  thrown at Command line code:1)
[stacktrace]
#0 {main}
"} 
[2025-07-03 20:58:11] local.ERROR: Uncaught ReflectionException: Class "App\Policies\ModelPolicy" does not exist in Command line code:1
Stack trace:
#0 Command line code(1): ReflectionClass->__construct('App\\Policies\\Mo...')
#1 [internal function]: {closure}('App\\Policies\\Mo...', 'App\\Model')
#2 Command line code(1): array_map(Object(Closure), Array, Array)
#3 {main}
  thrown {"exception":"[object] (Symfony\\Component\\ErrorHandler\\Error\\FatalError(code: 0): Uncaught ReflectionException: Class \"App\\Policies\\ModelPolicy\" does not exist in Command line code:1
Stack trace:
#0 Command line code(1): ReflectionClass->__construct('App\\\\Policies\\\\Mo...')
#1 [internal function]: {closure}('App\\\\Policies\\\\Mo...', 'App\\\\Model')
#2 Command line code(1): array_map(Object(Closure), Array, Array)
#3 {main}
  thrown at Command line code:1)
[stacktrace]
#0 {main}
"} 
[2025-07-03 20:59:10] local.ERROR: Uncaught ReflectionException: Class "App\Policies\ModelPolicy" does not exist in Command line code:1
Stack trace:
#0 Command line code(1): ReflectionClass->__construct('App\\Policies\\Mo...')
#1 [internal function]: {closure}('App\\Policies\\Mo...', 'App\\Model')
#2 Command line code(1): array_map(Object(Closure), Array, Array)
#3 {main}
  thrown {"exception":"[object] (Symfony\\Component\\ErrorHandler\\Error\\FatalError(code: 0): Uncaught ReflectionException: Class \"App\\Policies\\ModelPolicy\" does not exist in Command line code:1
Stack trace:
#0 Command line code(1): ReflectionClass->__construct('App\\\\Policies\\\\Mo...')
#1 [internal function]: {closure}('App\\\\Policies\\\\Mo...', 'App\\\\Model')
#2 Command line code(1): array_map(Object(Closure), Array, Array)
#3 {main}
  thrown at Command line code:1)
[stacktrace]
#0 {main}
"} 
[2025-07-03 21:00:11] local.ERROR: Uncaught ReflectionException: Class "App\Policies\ModelPolicy" does not exist in Command line code:1
Stack trace:
#0 Command line code(1): ReflectionClass->__construct('App\\Policies\\Mo...')
#1 [internal function]: {closure}('App\\Policies\\Mo...', 'App\\Model')
#2 Command line code(1): array_map(Object(Closure), Array, Array)
#3 {main}
  thrown {"exception":"[object] (Symfony\\Component\\ErrorHandler\\Error\\FatalError(code: 0): Uncaught ReflectionException: Class \"App\\Policies\\ModelPolicy\" does not exist in Command line code:1
Stack trace:
#0 Command line code(1): ReflectionClass->__construct('App\\\\Policies\\\\Mo...')
#1 [internal function]: {closure}('App\\\\Policies\\\\Mo...', 'App\\\\Model')
#2 Command line code(1): array_map(Object(Closure), Array, Array)
#3 {main}
  thrown at Command line code:1)
[stacktrace]
#0 {main}
"} 
[2025-07-03 21:01:11] local.ERROR: Uncaught ReflectionException: Class "App\Policies\ModelPolicy" does not exist in Command line code:1
Stack trace:
#0 Command line code(1): ReflectionClass->__construct('App\\Policies\\Mo...')
#1 [internal function]: {closure}('App\\Policies\\Mo...', 'App\\Model')
#2 Command line code(1): array_map(Object(Closure), Array, Array)
#3 {main}
  thrown {"exception":"[object] (Symfony\\Component\\ErrorHandler\\Error\\FatalError(code: 0): Uncaught ReflectionException: Class \"App\\Policies\\ModelPolicy\" does not exist in Command line code:1
Stack trace:
#0 Command line code(1): ReflectionClass->__construct('App\\\\Policies\\\\Mo...')
#1 [internal function]: {closure}('App\\\\Policies\\\\Mo...', 'App\\\\Model')
#2 Command line code(1): array_map(Object(Closure), Array, Array)
#3 {main}
  thrown at Command line code:1)
[stacktrace]
#0 {main}
"} 
[2025-07-03 21:02:10] local.ERROR: Uncaught ReflectionException: Class "App\Policies\ModelPolicy" does not exist in Command line code:1
Stack trace:
#0 Command line code(1): ReflectionClass->__construct('App\\Policies\\Mo...')
#1 [internal function]: {closure}('App\\Policies\\Mo...', 'App\\Model')
#2 Command line code(1): array_map(Object(Closure), Array, Array)
#3 {main}
  thrown {"exception":"[object] (Symfony\\Component\\ErrorHandler\\Error\\FatalError(code: 0): Uncaught ReflectionException: Class \"App\\Policies\\ModelPolicy\" does not exist in Command line code:1
Stack trace:
#0 Command line code(1): ReflectionClass->__construct('App\\\\Policies\\\\Mo...')
#1 [internal function]: {closure}('App\\\\Policies\\\\Mo...', 'App\\\\Model')
#2 Command line code(1): array_map(Object(Closure), Array, Array)
#3 {main}
  thrown at Command line code:1)
[stacktrace]
#0 {main}
"} 
[2025-07-03 21:03:11] local.ERROR: Uncaught ReflectionException: Class "App\Policies\ModelPolicy" does not exist in Command line code:1
Stack trace:
#0 Command line code(1): ReflectionClass->__construct('App\\Policies\\Mo...')
#1 [internal function]: {closure}('App\\Policies\\Mo...', 'App\\Model')
#2 Command line code(1): array_map(Object(Closure), Array, Array)
#3 {main}
  thrown {"exception":"[object] (Symfony\\Component\\ErrorHandler\\Error\\FatalError(code: 0): Uncaught ReflectionException: Class \"App\\Policies\\ModelPolicy\" does not exist in Command line code:1
Stack trace:
#0 Command line code(1): ReflectionClass->__construct('App\\\\Policies\\\\Mo...')
#1 [internal function]: {closure}('App\\\\Policies\\\\Mo...', 'App\\\\Model')
#2 Command line code(1): array_map(Object(Closure), Array, Array)
#3 {main}
  thrown at Command line code:1)
[stacktrace]
#0 {main}
"} 
[2025-07-03 21:04:10] local.ERROR: Uncaught ReflectionException: Class "App\Policies\ModelPolicy" does not exist in Command line code:1
Stack trace:
#0 Command line code(1): ReflectionClass->__construct('App\\Policies\\Mo...')
#1 [internal function]: {closure}('App\\Policies\\Mo...', 'App\\Model')
#2 Command line code(1): array_map(Object(Closure), Array, Array)
#3 {main}
  thrown {"exception":"[object] (Symfony\\Component\\ErrorHandler\\Error\\FatalError(code: 0): Uncaught ReflectionException: Class \"App\\Policies\\ModelPolicy\" does not exist in Command line code:1
Stack trace:
#0 Command line code(1): ReflectionClass->__construct('App\\\\Policies\\\\Mo...')
#1 [internal function]: {closure}('App\\\\Policies\\\\Mo...', 'App\\\\Model')
#2 Command line code(1): array_map(Object(Closure), Array, Array)
#3 {main}
  thrown at Command line code:1)
[stacktrace]
#0 {main}
"} 
[2025-07-03 21:05:10] local.ERROR: Uncaught ReflectionException: Class "App\Policies\ModelPolicy" does not exist in Command line code:1
Stack trace:
#0 Command line code(1): ReflectionClass->__construct('App\\Policies\\Mo...')
#1 [internal function]: {closure}('App\\Policies\\Mo...', 'App\\Model')
#2 Command line code(1): array_map(Object(Closure), Array, Array)
#3 {main}
  thrown {"exception":"[object] (Symfony\\Component\\ErrorHandler\\Error\\FatalError(code: 0): Uncaught ReflectionException: Class \"App\\Policies\\ModelPolicy\" does not exist in Command line code:1
Stack trace:
#0 Command line code(1): ReflectionClass->__construct('App\\\\Policies\\\\Mo...')
#1 [internal function]: {closure}('App\\\\Policies\\\\Mo...', 'App\\\\Model')
#2 Command line code(1): array_map(Object(Closure), Array, Array)
#3 {main}
  thrown at Command line code:1)
[stacktrace]
#0 {main}
"} 
[2025-07-03 21:06:10] local.ERROR: Uncaught ReflectionException: Class "App\Policies\ModelPolicy" does not exist in Command line code:1
Stack trace:
#0 Command line code(1): ReflectionClass->__construct('App\\Policies\\Mo...')
#1 [internal function]: {closure}('App\\Policies\\Mo...', 'App\\Model')
#2 Command line code(1): array_map(Object(Closure), Array, Array)
#3 {main}
  thrown {"exception":"[object] (Symfony\\Component\\ErrorHandler\\Error\\FatalError(code: 0): Uncaught ReflectionException: Class \"App\\Policies\\ModelPolicy\" does not exist in Command line code:1
Stack trace:
#0 Command line code(1): ReflectionClass->__construct('App\\\\Policies\\\\Mo...')
#1 [internal function]: {closure}('App\\\\Policies\\\\Mo...', 'App\\\\Model')
#2 Command line code(1): array_map(Object(Closure), Array, Array)
#3 {main}
  thrown at Command line code:1)
[stacktrace]
#0 {main}
"} 
[2025-07-03 21:07:11] local.ERROR: Uncaught ReflectionException: Class "App\Policies\ModelPolicy" does not exist in Command line code:1
Stack trace:
#0 Command line code(1): ReflectionClass->__construct('App\\Policies\\Mo...')
#1 [internal function]: {closure}('App\\Policies\\Mo...', 'App\\Model')
#2 Command line code(1): array_map(Object(Closure), Array, Array)
#3 {main}
  thrown {"exception":"[object] (Symfony\\Component\\ErrorHandler\\Error\\FatalError(code: 0): Uncaught ReflectionException: Class \"App\\Policies\\ModelPolicy\" does not exist in Command line code:1
Stack trace:
#0 Command line code(1): ReflectionClass->__construct('App\\\\Policies\\\\Mo...')
#1 [internal function]: {closure}('App\\\\Policies\\\\Mo...', 'App\\\\Model')
#2 Command line code(1): array_map(Object(Closure), Array, Array)
#3 {main}
  thrown at Command line code:1)
[stacktrace]
#0 {main}
"} 
[2025-07-03 21:08:11] local.ERROR: Uncaught ReflectionException: Class "App\Policies\ModelPolicy" does not exist in Command line code:1
Stack trace:
#0 Command line code(1): ReflectionClass->__construct('App\\Policies\\Mo...')
#1 [internal function]: {closure}('App\\Policies\\Mo...', 'App\\Model')
#2 Command line code(1): array_map(Object(Closure), Array, Array)
#3 {main}
  thrown {"exception":"[object] (Symfony\\Component\\ErrorHandler\\Error\\FatalError(code: 0): Uncaught ReflectionException: Class \"App\\Policies\\ModelPolicy\" does not exist in Command line code:1
Stack trace:
#0 Command line code(1): ReflectionClass->__construct('App\\\\Policies\\\\Mo...')
#1 [internal function]: {closure}('App\\\\Policies\\\\Mo...', 'App\\\\Model')
#2 Command line code(1): array_map(Object(Closure), Array, Array)
#3 {main}
  thrown at Command line code:1)
[stacktrace]
#0 {main}
"} 
[2025-07-03 21:09:10] local.ERROR: Uncaught ReflectionException: Class "App\Policies\ModelPolicy" does not exist in Command line code:1
Stack trace:
#0 Command line code(1): ReflectionClass->__construct('App\\Policies\\Mo...')
#1 [internal function]: {closure}('App\\Policies\\Mo...', 'App\\Model')
#2 Command line code(1): array_map(Object(Closure), Array, Array)
#3 {main}
  thrown {"exception":"[object] (Symfony\\Component\\ErrorHandler\\Error\\FatalError(code: 0): Uncaught ReflectionException: Class \"App\\Policies\\ModelPolicy\" does not exist in Command line code:1
Stack trace:
#0 Command line code(1): ReflectionClass->__construct('App\\\\Policies\\\\Mo...')
#1 [internal function]: {closure}('App\\\\Policies\\\\Mo...', 'App\\\\Model')
#2 Command line code(1): array_map(Object(Closure), Array, Array)
#3 {main}
  thrown at Command line code:1)
[stacktrace]
#0 {main}
"} 
[2025-07-03 21:10:10] local.ERROR: Uncaught ReflectionException: Class "App\Policies\ModelPolicy" does not exist in Command line code:1
Stack trace:
#0 Command line code(1): ReflectionClass->__construct('App\\Policies\\Mo...')
#1 [internal function]: {closure}('App\\Policies\\Mo...', 'App\\Model')
#2 Command line code(1): array_map(Object(Closure), Array, Array)
#3 {main}
  thrown {"exception":"[object] (Symfony\\Component\\ErrorHandler\\Error\\FatalError(code: 0): Uncaught ReflectionException: Class \"App\\Policies\\ModelPolicy\" does not exist in Command line code:1
Stack trace:
#0 Command line code(1): ReflectionClass->__construct('App\\\\Policies\\\\Mo...')
#1 [internal function]: {closure}('App\\\\Policies\\\\Mo...', 'App\\\\Model')
#2 Command line code(1): array_map(Object(Closure), Array, Array)
#3 {main}
  thrown at Command line code:1)
[stacktrace]
#0 {main}
"} 
[2025-07-03 21:11:10] local.ERROR: Uncaught ReflectionException: Class "App\Policies\ModelPolicy" does not exist in Command line code:1
Stack trace:
#0 Command line code(1): ReflectionClass->__construct('App\\Policies\\Mo...')
#1 [internal function]: {closure}('App\\Policies\\Mo...', 'App\\Model')
#2 Command line code(1): array_map(Object(Closure), Array, Array)
#3 {main}
  thrown {"exception":"[object] (Symfony\\Component\\ErrorHandler\\Error\\FatalError(code: 0): Uncaught ReflectionException: Class \"App\\Policies\\ModelPolicy\" does not exist in Command line code:1
Stack trace:
#0 Command line code(1): ReflectionClass->__construct('App\\\\Policies\\\\Mo...')
#1 [internal function]: {closure}('App\\\\Policies\\\\Mo...', 'App\\\\Model')
#2 Command line code(1): array_map(Object(Closure), Array, Array)
#3 {main}
  thrown at Command line code:1)
[stacktrace]
#0 {main}
"} 
[2025-07-03 21:12:11] local.ERROR: Uncaught ReflectionException: Class "App\Policies\ModelPolicy" does not exist in Command line code:1
Stack trace:
#0 Command line code(1): ReflectionClass->__construct('App\\Policies\\Mo...')
#1 [internal function]: {closure}('App\\Policies\\Mo...', 'App\\Model')
#2 Command line code(1): array_map(Object(Closure), Array, Array)
#3 {main}
  thrown {"exception":"[object] (Symfony\\Component\\ErrorHandler\\Error\\FatalError(code: 0): Uncaught ReflectionException: Class \"App\\Policies\\ModelPolicy\" does not exist in Command line code:1
Stack trace:
#0 Command line code(1): ReflectionClass->__construct('App\\\\Policies\\\\Mo...')
#1 [internal function]: {closure}('App\\\\Policies\\\\Mo...', 'App\\\\Model')
#2 Command line code(1): array_map(Object(Closure), Array, Array)
#3 {main}
  thrown at Command line code:1)
[stacktrace]
#0 {main}
"} 
[2025-07-03 21:13:13] local.ERROR: Uncaught ReflectionException: Class "App\Policies\ModelPolicy" does not exist in Command line code:1
Stack trace:
#0 Command line code(1): ReflectionClass->__construct('App\\Policies\\Mo...')
#1 [internal function]: {closure}('App\\Policies\\Mo...', 'App\\Model')
#2 Command line code(1): array_map(Object(Closure), Array, Array)
#3 {main}
  thrown {"exception":"[object] (Symfony\\Component\\ErrorHandler\\Error\\FatalError(code: 0): Uncaught ReflectionException: Class \"App\\Policies\\ModelPolicy\" does not exist in Command line code:1
Stack trace:
#0 Command line code(1): ReflectionClass->__construct('App\\\\Policies\\\\Mo...')
#1 [internal function]: {closure}('App\\\\Policies\\\\Mo...', 'App\\\\Model')
#2 Command line code(1): array_map(Object(Closure), Array, Array)
#3 {main}
  thrown at Command line code:1)
[stacktrace]
#0 {main}
"} 
[2025-07-03 21:14:11] local.ERROR: Uncaught ReflectionException: Class "App\Policies\ModelPolicy" does not exist in Command line code:1
Stack trace:
#0 Command line code(1): ReflectionClass->__construct('App\\Policies\\Mo...')
#1 [internal function]: {closure}('App\\Policies\\Mo...', 'App\\Model')
#2 Command line code(1): array_map(Object(Closure), Array, Array)
#3 {main}
  thrown {"exception":"[object] (Symfony\\Component\\ErrorHandler\\Error\\FatalError(code: 0): Uncaught ReflectionException: Class \"App\\Policies\\ModelPolicy\" does not exist in Command line code:1
Stack trace:
#0 Command line code(1): ReflectionClass->__construct('App\\\\Policies\\\\Mo...')
#1 [internal function]: {closure}('App\\\\Policies\\\\Mo...', 'App\\\\Model')
#2 Command line code(1): array_map(Object(Closure), Array, Array)
#3 {main}
  thrown at Command line code:1)
[stacktrace]
#0 {main}
"} 
[2025-07-03 21:15:10] local.ERROR: Uncaught ReflectionException: Class "App\Policies\ModelPolicy" does not exist in Command line code:1
Stack trace:
#0 Command line code(1): ReflectionClass->__construct('App\\Policies\\Mo...')
#1 [internal function]: {closure}('App\\Policies\\Mo...', 'App\\Model')
#2 Command line code(1): array_map(Object(Closure), Array, Array)
#3 {main}
  thrown {"exception":"[object] (Symfony\\Component\\ErrorHandler\\Error\\FatalError(code: 0): Uncaught ReflectionException: Class \"App\\Policies\\ModelPolicy\" does not exist in Command line code:1
Stack trace:
#0 Command line code(1): ReflectionClass->__construct('App\\\\Policies\\\\Mo...')
#1 [internal function]: {closure}('App\\\\Policies\\\\Mo...', 'App\\\\Model')
#2 Command line code(1): array_map(Object(Closure), Array, Array)
#3 {main}
  thrown at Command line code:1)
[stacktrace]
#0 {main}
"} 
[2025-07-03 21:16:10] local.ERROR: Uncaught ReflectionException: Class "App\Policies\ModelPolicy" does not exist in Command line code:1
Stack trace:
#0 Command line code(1): ReflectionClass->__construct('App\\Policies\\Mo...')
#1 [internal function]: {closure}('App\\Policies\\Mo...', 'App\\Model')
#2 Command line code(1): array_map(Object(Closure), Array, Array)
#3 {main}
  thrown {"exception":"[object] (Symfony\\Component\\ErrorHandler\\Error\\FatalError(code: 0): Uncaught ReflectionException: Class \"App\\Policies\\ModelPolicy\" does not exist in Command line code:1
Stack trace:
#0 Command line code(1): ReflectionClass->__construct('App\\\\Policies\\\\Mo...')
#1 [internal function]: {closure}('App\\\\Policies\\\\Mo...', 'App\\\\Model')
#2 Command line code(1): array_map(Object(Closure), Array, Array)
#3 {main}
  thrown at Command line code:1)
[stacktrace]
#0 {main}
"} 
[2025-07-03 21:17:11] local.ERROR: Uncaught ReflectionException: Class "App\Policies\ModelPolicy" does not exist in Command line code:1
Stack trace:
#0 Command line code(1): ReflectionClass->__construct('App\\Policies\\Mo...')
#1 [internal function]: {closure}('App\\Policies\\Mo...', 'App\\Model')
#2 Command line code(1): array_map(Object(Closure), Array, Array)
#3 {main}
  thrown {"exception":"[object] (Symfony\\Component\\ErrorHandler\\Error\\FatalError(code: 0): Uncaught ReflectionException: Class \"App\\Policies\\ModelPolicy\" does not exist in Command line code:1
Stack trace:
#0 Command line code(1): ReflectionClass->__construct('App\\\\Policies\\\\Mo...')
#1 [internal function]: {closure}('App\\\\Policies\\\\Mo...', 'App\\\\Model')
#2 Command line code(1): array_map(Object(Closure), Array, Array)
#3 {main}
  thrown at Command line code:1)
[stacktrace]
#0 {main}
"} 
[2025-07-03 21:18:11] local.ERROR: Uncaught ReflectionException: Class "App\Policies\ModelPolicy" does not exist in Command line code:1
Stack trace:
#0 Command line code(1): ReflectionClass->__construct('App\\Policies\\Mo...')
#1 [internal function]: {closure}('App\\Policies\\Mo...', 'App\\Model')
#2 Command line code(1): array_map(Object(Closure), Array, Array)
#3 {main}
  thrown {"exception":"[object] (Symfony\\Component\\ErrorHandler\\Error\\FatalError(code: 0): Uncaught ReflectionException: Class \"App\\Policies\\ModelPolicy\" does not exist in Command line code:1
Stack trace:
#0 Command line code(1): ReflectionClass->__construct('App\\\\Policies\\\\Mo...')
#1 [internal function]: {closure}('App\\\\Policies\\\\Mo...', 'App\\\\Model')
#2 Command line code(1): array_map(Object(Closure), Array, Array)
#3 {main}
  thrown at Command line code:1)
[stacktrace]
#0 {main}
"} 
[2025-07-03 21:19:10] local.ERROR: Uncaught ReflectionException: Class "App\Policies\ModelPolicy" does not exist in Command line code:1
Stack trace:
#0 Command line code(1): ReflectionClass->__construct('App\\Policies\\Mo...')
#1 [internal function]: {closure}('App\\Policies\\Mo...', 'App\\Model')
#2 Command line code(1): array_map(Object(Closure), Array, Array)
#3 {main}
  thrown {"exception":"[object] (Symfony\\Component\\ErrorHandler\\Error\\FatalError(code: 0): Uncaught ReflectionException: Class \"App\\Policies\\ModelPolicy\" does not exist in Command line code:1
Stack trace:
#0 Command line code(1): ReflectionClass->__construct('App\\\\Policies\\\\Mo...')
#1 [internal function]: {closure}('App\\\\Policies\\\\Mo...', 'App\\\\Model')
#2 Command line code(1): array_map(Object(Closure), Array, Array)
#3 {main}
  thrown at Command line code:1)
[stacktrace]
#0 {main}
"} 
[2025-07-03 21:20:11] local.ERROR: Uncaught ReflectionException: Class "App\Policies\ModelPolicy" does not exist in Command line code:1
Stack trace:
#0 Command line code(1): ReflectionClass->__construct('App\\Policies\\Mo...')
#1 [internal function]: {closure}('App\\Policies\\Mo...', 'App\\Model')
#2 Command line code(1): array_map(Object(Closure), Array, Array)
#3 {main}
  thrown {"exception":"[object] (Symfony\\Component\\ErrorHandler\\Error\\FatalError(code: 0): Uncaught ReflectionException: Class \"App\\Policies\\ModelPolicy\" does not exist in Command line code:1
Stack trace:
#0 Command line code(1): ReflectionClass->__construct('App\\\\Policies\\\\Mo...')
#1 [internal function]: {closure}('App\\\\Policies\\\\Mo...', 'App\\\\Model')
#2 Command line code(1): array_map(Object(Closure), Array, Array)
#3 {main}
  thrown at Command line code:1)
[stacktrace]
#0 {main}
"} 
[2025-07-03 21:21:10] local.ERROR: Uncaught ReflectionException: Class "App\Policies\ModelPolicy" does not exist in Command line code:1
Stack trace:
#0 Command line code(1): ReflectionClass->__construct('App\\Policies\\Mo...')
#1 [internal function]: {closure}('App\\Policies\\Mo...', 'App\\Model')
#2 Command line code(1): array_map(Object(Closure), Array, Array)
#3 {main}
  thrown {"exception":"[object] (Symfony\\Component\\ErrorHandler\\Error\\FatalError(code: 0): Uncaught ReflectionException: Class \"App\\Policies\\ModelPolicy\" does not exist in Command line code:1
Stack trace:
#0 Command line code(1): ReflectionClass->__construct('App\\\\Policies\\\\Mo...')
#1 [internal function]: {closure}('App\\\\Policies\\\\Mo...', 'App\\\\Model')
#2 Command line code(1): array_map(Object(Closure), Array, Array)
#3 {main}
  thrown at Command line code:1)
[stacktrace]
#0 {main}
"} 
[2025-07-03 21:22:11] local.ERROR: Uncaught ReflectionException: Class "App\Policies\ModelPolicy" does not exist in Command line code:1
Stack trace:
#0 Command line code(1): ReflectionClass->__construct('App\\Policies\\Mo...')
#1 [internal function]: {closure}('App\\Policies\\Mo...', 'App\\Model')
#2 Command line code(1): array_map(Object(Closure), Array, Array)
#3 {main}
  thrown {"exception":"[object] (Symfony\\Component\\ErrorHandler\\Error\\FatalError(code: 0): Uncaught ReflectionException: Class \"App\\Policies\\ModelPolicy\" does not exist in Command line code:1
Stack trace:
#0 Command line code(1): ReflectionClass->__construct('App\\\\Policies\\\\Mo...')
#1 [internal function]: {closure}('App\\\\Policies\\\\Mo...', 'App\\\\Model')
#2 Command line code(1): array_map(Object(Closure), Array, Array)
#3 {main}
  thrown at Command line code:1)
[stacktrace]
#0 {main}
"} 
[2025-07-03 21:23:10] local.ERROR: Uncaught ReflectionException: Class "App\Policies\ModelPolicy" does not exist in Command line code:1
Stack trace:
#0 Command line code(1): ReflectionClass->__construct('App\\Policies\\Mo...')
#1 [internal function]: {closure}('App\\Policies\\Mo...', 'App\\Model')
#2 Command line code(1): array_map(Object(Closure), Array, Array)
#3 {main}
  thrown {"exception":"[object] (Symfony\\Component\\ErrorHandler\\Error\\FatalError(code: 0): Uncaught ReflectionException: Class \"App\\Policies\\ModelPolicy\" does not exist in Command line code:1
Stack trace:
#0 Command line code(1): ReflectionClass->__construct('App\\\\Policies\\\\Mo...')
#1 [internal function]: {closure}('App\\\\Policies\\\\Mo...', 'App\\\\Model')
#2 Command line code(1): array_map(Object(Closure), Array, Array)
#3 {main}
  thrown at Command line code:1)
[stacktrace]
#0 {main}
"} 
[2025-07-03 21:24:10] local.ERROR: Uncaught ReflectionException: Class "App\Policies\ModelPolicy" does not exist in Command line code:1
Stack trace:
#0 Command line code(1): ReflectionClass->__construct('App\\Policies\\Mo...')
#1 [internal function]: {closure}('App\\Policies\\Mo...', 'App\\Model')
#2 Command line code(1): array_map(Object(Closure), Array, Array)
#3 {main}
  thrown {"exception":"[object] (Symfony\\Component\\ErrorHandler\\Error\\FatalError(code: 0): Uncaught ReflectionException: Class \"App\\Policies\\ModelPolicy\" does not exist in Command line code:1
Stack trace:
#0 Command line code(1): ReflectionClass->__construct('App\\\\Policies\\\\Mo...')
#1 [internal function]: {closure}('App\\\\Policies\\\\Mo...', 'App\\\\Model')
#2 Command line code(1): array_map(Object(Closure), Array, Array)
#3 {main}
  thrown at Command line code:1)
[stacktrace]
#0 {main}
"} 
[2025-07-03 21:25:10] local.ERROR: Uncaught ReflectionException: Class "App\Policies\ModelPolicy" does not exist in Command line code:1
Stack trace:
#0 Command line code(1): ReflectionClass->__construct('App\\Policies\\Mo...')
#1 [internal function]: {closure}('App\\Policies\\Mo...', 'App\\Model')
#2 Command line code(1): array_map(Object(Closure), Array, Array)
#3 {main}
  thrown {"exception":"[object] (Symfony\\Component\\ErrorHandler\\Error\\FatalError(code: 0): Uncaught ReflectionException: Class \"App\\Policies\\ModelPolicy\" does not exist in Command line code:1
Stack trace:
#0 Command line code(1): ReflectionClass->__construct('App\\\\Policies\\\\Mo...')
#1 [internal function]: {closure}('App\\\\Policies\\\\Mo...', 'App\\\\Model')
#2 Command line code(1): array_map(Object(Closure), Array, Array)
#3 {main}
  thrown at Command line code:1)
[stacktrace]
#0 {main}
"} 
[2025-07-03 21:26:11] local.ERROR: Uncaught ReflectionException: Class "App\Policies\ModelPolicy" does not exist in Command line code:1
Stack trace:
#0 Command line code(1): ReflectionClass->__construct('App\\Policies\\Mo...')
#1 [internal function]: {closure}('App\\Policies\\Mo...', 'App\\Model')
#2 Command line code(1): array_map(Object(Closure), Array, Array)
#3 {main}
  thrown {"exception":"[object] (Symfony\\Component\\ErrorHandler\\Error\\FatalError(code: 0): Uncaught ReflectionException: Class \"App\\Policies\\ModelPolicy\" does not exist in Command line code:1
Stack trace:
#0 Command line code(1): ReflectionClass->__construct('App\\\\Policies\\\\Mo...')
#1 [internal function]: {closure}('App\\\\Policies\\\\Mo...', 'App\\\\Model')
#2 Command line code(1): array_map(Object(Closure), Array, Array)
#3 {main}
  thrown at Command line code:1)
[stacktrace]
#0 {main}
"} 
[2025-07-03 21:27:11] local.ERROR: Uncaught ReflectionException: Class "App\Policies\ModelPolicy" does not exist in Command line code:1
Stack trace:
#0 Command line code(1): ReflectionClass->__construct('App\\Policies\\Mo...')
#1 [internal function]: {closure}('App\\Policies\\Mo...', 'App\\Model')
#2 Command line code(1): array_map(Object(Closure), Array, Array)
#3 {main}
  thrown {"exception":"[object] (Symfony\\Component\\ErrorHandler\\Error\\FatalError(code: 0): Uncaught ReflectionException: Class \"App\\Policies\\ModelPolicy\" does not exist in Command line code:1
Stack trace:
#0 Command line code(1): ReflectionClass->__construct('App\\\\Policies\\\\Mo...')
#1 [internal function]: {closure}('App\\\\Policies\\\\Mo...', 'App\\\\Model')
#2 Command line code(1): array_map(Object(Closure), Array, Array)
#3 {main}
  thrown at Command line code:1)
[stacktrace]
#0 {main}
"} 
[2025-07-03 21:28:11] local.ERROR: Uncaught ReflectionException: Class "App\Policies\ModelPolicy" does not exist in Command line code:1
Stack trace:
#0 Command line code(1): ReflectionClass->__construct('App\\Policies\\Mo...')
#1 [internal function]: {closure}('App\\Policies\\Mo...', 'App\\Model')
#2 Command line code(1): array_map(Object(Closure), Array, Array)
#3 {main}
  thrown {"exception":"[object] (Symfony\\Component\\ErrorHandler\\Error\\FatalError(code: 0): Uncaught ReflectionException: Class \"App\\Policies\\ModelPolicy\" does not exist in Command line code:1
Stack trace:
#0 Command line code(1): ReflectionClass->__construct('App\\\\Policies\\\\Mo...')
#1 [internal function]: {closure}('App\\\\Policies\\\\Mo...', 'App\\\\Model')
#2 Command line code(1): array_map(Object(Closure), Array, Array)
#3 {main}
  thrown at Command line code:1)
[stacktrace]
#0 {main}
"} 
[2025-07-03 21:29:11] local.ERROR: Uncaught ReflectionException: Class "App\Policies\ModelPolicy" does not exist in Command line code:1
Stack trace:
#0 Command line code(1): ReflectionClass->__construct('App\\Policies\\Mo...')
#1 [internal function]: {closure}('App\\Policies\\Mo...', 'App\\Model')
#2 Command line code(1): array_map(Object(Closure), Array, Array)
#3 {main}
  thrown {"exception":"[object] (Symfony\\Component\\ErrorHandler\\Error\\FatalError(code: 0): Uncaught ReflectionException: Class \"App\\Policies\\ModelPolicy\" does not exist in Command line code:1
Stack trace:
#0 Command line code(1): ReflectionClass->__construct('App\\\\Policies\\\\Mo...')
#1 [internal function]: {closure}('App\\\\Policies\\\\Mo...', 'App\\\\Model')
#2 Command line code(1): array_map(Object(Closure), Array, Array)
#3 {main}
  thrown at Command line code:1)
[stacktrace]
#0 {main}
"} 
[2025-07-03 21:30:10] local.ERROR: Uncaught ReflectionException: Class "App\Policies\ModelPolicy" does not exist in Command line code:1
Stack trace:
#0 Command line code(1): ReflectionClass->__construct('App\\Policies\\Mo...')
#1 [internal function]: {closure}('App\\Policies\\Mo...', 'App\\Model')
#2 Command line code(1): array_map(Object(Closure), Array, Array)
#3 {main}
  thrown {"exception":"[object] (Symfony\\Component\\ErrorHandler\\Error\\FatalError(code: 0): Uncaught ReflectionException: Class \"App\\Policies\\ModelPolicy\" does not exist in Command line code:1
Stack trace:
#0 Command line code(1): ReflectionClass->__construct('App\\\\Policies\\\\Mo...')
#1 [internal function]: {closure}('App\\\\Policies\\\\Mo...', 'App\\\\Model')
#2 Command line code(1): array_map(Object(Closure), Array, Array)
#3 {main}
  thrown at Command line code:1)
[stacktrace]
#0 {main}
"} 
[2025-07-03 21:31:10] local.ERROR: Uncaught ReflectionException: Class "App\Policies\ModelPolicy" does not exist in Command line code:1
Stack trace:
#0 Command line code(1): ReflectionClass->__construct('App\\Policies\\Mo...')
#1 [internal function]: {closure}('App\\Policies\\Mo...', 'App\\Model')
#2 Command line code(1): array_map(Object(Closure), Array, Array)
#3 {main}
  thrown {"exception":"[object] (Symfony\\Component\\ErrorHandler\\Error\\FatalError(code: 0): Uncaught ReflectionException: Class \"App\\Policies\\ModelPolicy\" does not exist in Command line code:1
Stack trace:
#0 Command line code(1): ReflectionClass->__construct('App\\\\Policies\\\\Mo...')
#1 [internal function]: {closure}('App\\\\Policies\\\\Mo...', 'App\\\\Model')
#2 Command line code(1): array_map(Object(Closure), Array, Array)
#3 {main}
  thrown at Command line code:1)
[stacktrace]
#0 {main}
"} 
[2025-07-03 21:32:11] local.ERROR: Uncaught ReflectionException: Class "App\Policies\ModelPolicy" does not exist in Command line code:1
Stack trace:
#0 Command line code(1): ReflectionClass->__construct('App\\Policies\\Mo...')
#1 [internal function]: {closure}('App\\Policies\\Mo...', 'App\\Model')
#2 Command line code(1): array_map(Object(Closure), Array, Array)
#3 {main}
  thrown {"exception":"[object] (Symfony\\Component\\ErrorHandler\\Error\\FatalError(code: 0): Uncaught ReflectionException: Class \"App\\Policies\\ModelPolicy\" does not exist in Command line code:1
Stack trace:
#0 Command line code(1): ReflectionClass->__construct('App\\\\Policies\\\\Mo...')
#1 [internal function]: {closure}('App\\\\Policies\\\\Mo...', 'App\\\\Model')
#2 Command line code(1): array_map(Object(Closure), Array, Array)
#3 {main}
  thrown at Command line code:1)
[stacktrace]
#0 {main}
"} 
[2025-07-03 21:33:11] local.ERROR: Uncaught ReflectionException: Class "App\Policies\ModelPolicy" does not exist in Command line code:1
Stack trace:
#0 Command line code(1): ReflectionClass->__construct('App\\Policies\\Mo...')
#1 [internal function]: {closure}('App\\Policies\\Mo...', 'App\\Model')
#2 Command line code(1): array_map(Object(Closure), Array, Array)
#3 {main}
  thrown {"exception":"[object] (Symfony\\Component\\ErrorHandler\\Error\\FatalError(code: 0): Uncaught ReflectionException: Class \"App\\Policies\\ModelPolicy\" does not exist in Command line code:1
Stack trace:
#0 Command line code(1): ReflectionClass->__construct('App\\\\Policies\\\\Mo...')
#1 [internal function]: {closure}('App\\\\Policies\\\\Mo...', 'App\\\\Model')
#2 Command line code(1): array_map(Object(Closure), Array, Array)
#3 {main}
  thrown at Command line code:1)
[stacktrace]
#0 {main}
"} 
[2025-07-03 21:34:11] local.ERROR: Uncaught ReflectionException: Class "App\Policies\ModelPolicy" does not exist in Command line code:1
Stack trace:
#0 Command line code(1): ReflectionClass->__construct('App\\Policies\\Mo...')
#1 [internal function]: {closure}('App\\Policies\\Mo...', 'App\\Model')
#2 Command line code(1): array_map(Object(Closure), Array, Array)
#3 {main}
  thrown {"exception":"[object] (Symfony\\Component\\ErrorHandler\\Error\\FatalError(code: 0): Uncaught ReflectionException: Class \"App\\Policies\\ModelPolicy\" does not exist in Command line code:1
Stack trace:
#0 Command line code(1): ReflectionClass->__construct('App\\\\Policies\\\\Mo...')
#1 [internal function]: {closure}('App\\\\Policies\\\\Mo...', 'App\\\\Model')
#2 Command line code(1): array_map(Object(Closure), Array, Array)
#3 {main}
  thrown at Command line code:1)
[stacktrace]
#0 {main}
"} 
[2025-07-03 21:35:11] local.ERROR: Uncaught ReflectionException: Class "App\Policies\ModelPolicy" does not exist in Command line code:1
Stack trace:
#0 Command line code(1): ReflectionClass->__construct('App\\Policies\\Mo...')
#1 [internal function]: {closure}('App\\Policies\\Mo...', 'App\\Model')
#2 Command line code(1): array_map(Object(Closure), Array, Array)
#3 {main}
  thrown {"exception":"[object] (Symfony\\Component\\ErrorHandler\\Error\\FatalError(code: 0): Uncaught ReflectionException: Class \"App\\Policies\\ModelPolicy\" does not exist in Command line code:1
Stack trace:
#0 Command line code(1): ReflectionClass->__construct('App\\\\Policies\\\\Mo...')
#1 [internal function]: {closure}('App\\\\Policies\\\\Mo...', 'App\\\\Model')
#2 Command line code(1): array_map(Object(Closure), Array, Array)
#3 {main}
  thrown at Command line code:1)
[stacktrace]
#0 {main}
"} 
[2025-07-03 21:36:11] local.ERROR: Uncaught ReflectionException: Class "App\Policies\ModelPolicy" does not exist in Command line code:1
Stack trace:
#0 Command line code(1): ReflectionClass->__construct('App\\Policies\\Mo...')
#1 [internal function]: {closure}('App\\Policies\\Mo...', 'App\\Model')
#2 Command line code(1): array_map(Object(Closure), Array, Array)
#3 {main}
  thrown {"exception":"[object] (Symfony\\Component\\ErrorHandler\\Error\\FatalError(code: 0): Uncaught ReflectionException: Class \"App\\Policies\\ModelPolicy\" does not exist in Command line code:1
Stack trace:
#0 Command line code(1): ReflectionClass->__construct('App\\\\Policies\\\\Mo...')
#1 [internal function]: {closure}('App\\\\Policies\\\\Mo...', 'App\\\\Model')
#2 Command line code(1): array_map(Object(Closure), Array, Array)
#3 {main}
  thrown at Command line code:1)
[stacktrace]
#0 {main}
"} 
[2025-07-03 21:37:11] local.ERROR: Uncaught ReflectionException: Class "App\Policies\ModelPolicy" does not exist in Command line code:1
Stack trace:
#0 Command line code(1): ReflectionClass->__construct('App\\Policies\\Mo...')
#1 [internal function]: {closure}('App\\Policies\\Mo...', 'App\\Model')
#2 Command line code(1): array_map(Object(Closure), Array, Array)
#3 {main}
  thrown {"exception":"[object] (Symfony\\Component\\ErrorHandler\\Error\\FatalError(code: 0): Uncaught ReflectionException: Class \"App\\Policies\\ModelPolicy\" does not exist in Command line code:1
Stack trace:
#0 Command line code(1): ReflectionClass->__construct('App\\\\Policies\\\\Mo...')
#1 [internal function]: {closure}('App\\\\Policies\\\\Mo...', 'App\\\\Model')
#2 Command line code(1): array_map(Object(Closure), Array, Array)
#3 {main}
  thrown at Command line code:1)
[stacktrace]
#0 {main}
"} 
[2025-07-03 21:38:10] local.ERROR: Uncaught ReflectionException: Class "App\Policies\ModelPolicy" does not exist in Command line code:1
Stack trace:
#0 Command line code(1): ReflectionClass->__construct('App\\Policies\\Mo...')
#1 [internal function]: {closure}('App\\Policies\\Mo...', 'App\\Model')
#2 Command line code(1): array_map(Object(Closure), Array, Array)
#3 {main}
  thrown {"exception":"[object] (Symfony\\Component\\ErrorHandler\\Error\\FatalError(code: 0): Uncaught ReflectionException: Class \"App\\Policies\\ModelPolicy\" does not exist in Command line code:1
Stack trace:
#0 Command line code(1): ReflectionClass->__construct('App\\\\Policies\\\\Mo...')
#1 [internal function]: {closure}('App\\\\Policies\\\\Mo...', 'App\\\\Model')
#2 Command line code(1): array_map(Object(Closure), Array, Array)
#3 {main}
  thrown at Command line code:1)
[stacktrace]
#0 {main}
"} 
[2025-07-03 21:39:11] local.ERROR: Uncaught ReflectionException: Class "App\Policies\ModelPolicy" does not exist in Command line code:1
Stack trace:
#0 Command line code(1): ReflectionClass->__construct('App\\Policies\\Mo...')
#1 [internal function]: {closure}('App\\Policies\\Mo...', 'App\\Model')
#2 Command line code(1): array_map(Object(Closure), Array, Array)
#3 {main}
  thrown {"exception":"[object] (Symfony\\Component\\ErrorHandler\\Error\\FatalError(code: 0): Uncaught ReflectionException: Class \"App\\Policies\\ModelPolicy\" does not exist in Command line code:1
Stack trace:
#0 Command line code(1): ReflectionClass->__construct('App\\\\Policies\\\\Mo...')
#1 [internal function]: {closure}('App\\\\Policies\\\\Mo...', 'App\\\\Model')
#2 Command line code(1): array_map(Object(Closure), Array, Array)
#3 {main}
  thrown at Command line code:1)
[stacktrace]
#0 {main}
"} 
[2025-07-03 21:40:11] local.ERROR: Uncaught ReflectionException: Class "App\Policies\ModelPolicy" does not exist in Command line code:1
Stack trace:
#0 Command line code(1): ReflectionClass->__construct('App\\Policies\\Mo...')
#1 [internal function]: {closure}('App\\Policies\\Mo...', 'App\\Model')
#2 Command line code(1): array_map(Object(Closure), Array, Array)
#3 {main}
  thrown {"exception":"[object] (Symfony\\Component\\ErrorHandler\\Error\\FatalError(code: 0): Uncaught ReflectionException: Class \"App\\Policies\\ModelPolicy\" does not exist in Command line code:1
Stack trace:
#0 Command line code(1): ReflectionClass->__construct('App\\\\Policies\\\\Mo...')
#1 [internal function]: {closure}('App\\\\Policies\\\\Mo...', 'App\\\\Model')
#2 Command line code(1): array_map(Object(Closure), Array, Array)
#3 {main}
  thrown at Command line code:1)
[stacktrace]
#0 {main}
"} 
[2025-07-03 21:41:11] local.ERROR: Uncaught ReflectionException: Class "App\Policies\ModelPolicy" does not exist in Command line code:1
Stack trace:
#0 Command line code(1): ReflectionClass->__construct('App\\Policies\\Mo...')
#1 [internal function]: {closure}('App\\Policies\\Mo...', 'App\\Model')
#2 Command line code(1): array_map(Object(Closure), Array, Array)
#3 {main}
  thrown {"exception":"[object] (Symfony\\Component\\ErrorHandler\\Error\\FatalError(code: 0): Uncaught ReflectionException: Class \"App\\Policies\\ModelPolicy\" does not exist in Command line code:1
Stack trace:
#0 Command line code(1): ReflectionClass->__construct('App\\\\Policies\\\\Mo...')
#1 [internal function]: {closure}('App\\\\Policies\\\\Mo...', 'App\\\\Model')
#2 Command line code(1): array_map(Object(Closure), Array, Array)
#3 {main}
  thrown at Command line code:1)
[stacktrace]
#0 {main}
"} 
[2025-07-03 21:42:11] local.ERROR: Uncaught ReflectionException: Class "App\Policies\ModelPolicy" does not exist in Command line code:1
Stack trace:
#0 Command line code(1): ReflectionClass->__construct('App\\Policies\\Mo...')
#1 [internal function]: {closure}('App\\Policies\\Mo...', 'App\\Model')
#2 Command line code(1): array_map(Object(Closure), Array, Array)
#3 {main}
  thrown {"exception":"[object] (Symfony\\Component\\ErrorHandler\\Error\\FatalError(code: 0): Uncaught ReflectionException: Class \"App\\Policies\\ModelPolicy\" does not exist in Command line code:1
Stack trace:
#0 Command line code(1): ReflectionClass->__construct('App\\\\Policies\\\\Mo...')
#1 [internal function]: {closure}('App\\\\Policies\\\\Mo...', 'App\\\\Model')
#2 Command line code(1): array_map(Object(Closure), Array, Array)
#3 {main}
  thrown at Command line code:1)
[stacktrace]
#0 {main}
"} 
[2025-07-03 21:43:11] local.ERROR: Uncaught ReflectionException: Class "App\Policies\ModelPolicy" does not exist in Command line code:1
Stack trace:
#0 Command line code(1): ReflectionClass->__construct('App\\Policies\\Mo...')
#1 [internal function]: {closure}('App\\Policies\\Mo...', 'App\\Model')
#2 Command line code(1): array_map(Object(Closure), Array, Array)
#3 {main}
  thrown {"exception":"[object] (Symfony\\Component\\ErrorHandler\\Error\\FatalError(code: 0): Uncaught ReflectionException: Class \"App\\Policies\\ModelPolicy\" does not exist in Command line code:1
Stack trace:
#0 Command line code(1): ReflectionClass->__construct('App\\\\Policies\\\\Mo...')
#1 [internal function]: {closure}('App\\\\Policies\\\\Mo...', 'App\\\\Model')
#2 Command line code(1): array_map(Object(Closure), Array, Array)
#3 {main}
  thrown at Command line code:1)
[stacktrace]
#0 {main}
"} 
[2025-07-03 21:44:11] local.ERROR: Uncaught ReflectionException: Class "App\Policies\ModelPolicy" does not exist in Command line code:1
Stack trace:
#0 Command line code(1): ReflectionClass->__construct('App\\Policies\\Mo...')
#1 [internal function]: {closure}('App\\Policies\\Mo...', 'App\\Model')
#2 Command line code(1): array_map(Object(Closure), Array, Array)
#3 {main}
  thrown {"exception":"[object] (Symfony\\Component\\ErrorHandler\\Error\\FatalError(code: 0): Uncaught ReflectionException: Class \"App\\Policies\\ModelPolicy\" does not exist in Command line code:1
Stack trace:
#0 Command line code(1): ReflectionClass->__construct('App\\\\Policies\\\\Mo...')
#1 [internal function]: {closure}('App\\\\Policies\\\\Mo...', 'App\\\\Model')
#2 Command line code(1): array_map(Object(Closure), Array, Array)
#3 {main}
  thrown at Command line code:1)
[stacktrace]
#0 {main}
"} 
[2025-07-03 21:45:11] local.ERROR: Uncaught ReflectionException: Class "App\Policies\ModelPolicy" does not exist in Command line code:1
Stack trace:
#0 Command line code(1): ReflectionClass->__construct('App\\Policies\\Mo...')
#1 [internal function]: {closure}('App\\Policies\\Mo...', 'App\\Model')
#2 Command line code(1): array_map(Object(Closure), Array, Array)
#3 {main}
  thrown {"exception":"[object] (Symfony\\Component\\ErrorHandler\\Error\\FatalError(code: 0): Uncaught ReflectionException: Class \"App\\Policies\\ModelPolicy\" does not exist in Command line code:1
Stack trace:
#0 Command line code(1): ReflectionClass->__construct('App\\\\Policies\\\\Mo...')
#1 [internal function]: {closure}('App\\\\Policies\\\\Mo...', 'App\\\\Model')
#2 Command line code(1): array_map(Object(Closure), Array, Array)
#3 {main}
  thrown at Command line code:1)
[stacktrace]
#0 {main}
"} 
[2025-07-03 21:46:11] local.ERROR: Uncaught ReflectionException: Class "App\Policies\ModelPolicy" does not exist in Command line code:1
Stack trace:
#0 Command line code(1): ReflectionClass->__construct('App\\Policies\\Mo...')
#1 [internal function]: {closure}('App\\Policies\\Mo...', 'App\\Model')
#2 Command line code(1): array_map(Object(Closure), Array, Array)
#3 {main}
  thrown {"exception":"[object] (Symfony\\Component\\ErrorHandler\\Error\\FatalError(code: 0): Uncaught ReflectionException: Class \"App\\Policies\\ModelPolicy\" does not exist in Command line code:1
Stack trace:
#0 Command line code(1): ReflectionClass->__construct('App\\\\Policies\\\\Mo...')
#1 [internal function]: {closure}('App\\\\Policies\\\\Mo...', 'App\\\\Model')
#2 Command line code(1): array_map(Object(Closure), Array, Array)
#3 {main}
  thrown at Command line code:1)
[stacktrace]
#0 {main}
"} 
[2025-07-03 21:47:11] local.ERROR: Uncaught ReflectionException: Class "App\Policies\ModelPolicy" does not exist in Command line code:1
Stack trace:
#0 Command line code(1): ReflectionClass->__construct('App\\Policies\\Mo...')
#1 [internal function]: {closure}('App\\Policies\\Mo...', 'App\\Model')
#2 Command line code(1): array_map(Object(Closure), Array, Array)
#3 {main}
  thrown {"exception":"[object] (Symfony\\Component\\ErrorHandler\\Error\\FatalError(code: 0): Uncaught ReflectionException: Class \"App\\Policies\\ModelPolicy\" does not exist in Command line code:1
Stack trace:
#0 Command line code(1): ReflectionClass->__construct('App\\\\Policies\\\\Mo...')
#1 [internal function]: {closure}('App\\\\Policies\\\\Mo...', 'App\\\\Model')
#2 Command line code(1): array_map(Object(Closure), Array, Array)
#3 {main}
  thrown at Command line code:1)
[stacktrace]
#0 {main}
"} 
[2025-07-03 21:48:10] local.ERROR: Uncaught ReflectionException: Class "App\Policies\ModelPolicy" does not exist in Command line code:1
Stack trace:
#0 Command line code(1): ReflectionClass->__construct('App\\Policies\\Mo...')
#1 [internal function]: {closure}('App\\Policies\\Mo...', 'App\\Model')
#2 Command line code(1): array_map(Object(Closure), Array, Array)
#3 {main}
  thrown {"exception":"[object] (Symfony\\Component\\ErrorHandler\\Error\\FatalError(code: 0): Uncaught ReflectionException: Class \"App\\Policies\\ModelPolicy\" does not exist in Command line code:1
Stack trace:
#0 Command line code(1): ReflectionClass->__construct('App\\\\Policies\\\\Mo...')
#1 [internal function]: {closure}('App\\\\Policies\\\\Mo...', 'App\\\\Model')
#2 Command line code(1): array_map(Object(Closure), Array, Array)
#3 {main}
  thrown at Command line code:1)
[stacktrace]
#0 {main}
"} 
[2025-07-03 21:49:11] local.ERROR: Uncaught ReflectionException: Class "App\Policies\ModelPolicy" does not exist in Command line code:1
Stack trace:
#0 Command line code(1): ReflectionClass->__construct('App\\Policies\\Mo...')
#1 [internal function]: {closure}('App\\Policies\\Mo...', 'App\\Model')
#2 Command line code(1): array_map(Object(Closure), Array, Array)
#3 {main}
  thrown {"exception":"[object] (Symfony\\Component\\ErrorHandler\\Error\\FatalError(code: 0): Uncaught ReflectionException: Class \"App\\Policies\\ModelPolicy\" does not exist in Command line code:1
Stack trace:
#0 Command line code(1): ReflectionClass->__construct('App\\\\Policies\\\\Mo...')
#1 [internal function]: {closure}('App\\\\Policies\\\\Mo...', 'App\\\\Model')
#2 Command line code(1): array_map(Object(Closure), Array, Array)
#3 {main}
  thrown at Command line code:1)
[stacktrace]
#0 {main}
"} 
[2025-07-03 21:50:11] local.ERROR: Uncaught ReflectionException: Class "App\Policies\ModelPolicy" does not exist in Command line code:1
Stack trace:
#0 Command line code(1): ReflectionClass->__construct('App\\Policies\\Mo...')
#1 [internal function]: {closure}('App\\Policies\\Mo...', 'App\\Model')
#2 Command line code(1): array_map(Object(Closure), Array, Array)
#3 {main}
  thrown {"exception":"[object] (Symfony\\Component\\ErrorHandler\\Error\\FatalError(code: 0): Uncaught ReflectionException: Class \"App\\Policies\\ModelPolicy\" does not exist in Command line code:1
Stack trace:
#0 Command line code(1): ReflectionClass->__construct('App\\\\Policies\\\\Mo...')
#1 [internal function]: {closure}('App\\\\Policies\\\\Mo...', 'App\\\\Model')
#2 Command line code(1): array_map(Object(Closure), Array, Array)
#3 {main}
  thrown at Command line code:1)
[stacktrace]
#0 {main}
"} 
[2025-07-03 21:51:11] local.ERROR: Uncaught ReflectionException: Class "App\Policies\ModelPolicy" does not exist in Command line code:1
Stack trace:
#0 Command line code(1): ReflectionClass->__construct('App\\Policies\\Mo...')
#1 [internal function]: {closure}('App\\Policies\\Mo...', 'App\\Model')
#2 Command line code(1): array_map(Object(Closure), Array, Array)
#3 {main}
  thrown {"exception":"[object] (Symfony\\Component\\ErrorHandler\\Error\\FatalError(code: 0): Uncaught ReflectionException: Class \"App\\Policies\\ModelPolicy\" does not exist in Command line code:1
Stack trace:
#0 Command line code(1): ReflectionClass->__construct('App\\\\Policies\\\\Mo...')
#1 [internal function]: {closure}('App\\\\Policies\\\\Mo...', 'App\\\\Model')
#2 Command line code(1): array_map(Object(Closure), Array, Array)
#3 {main}
  thrown at Command line code:1)
[stacktrace]
#0 {main}
"} 
[2025-07-03 21:52:11] local.ERROR: Uncaught ReflectionException: Class "App\Policies\ModelPolicy" does not exist in Command line code:1
Stack trace:
#0 Command line code(1): ReflectionClass->__construct('App\\Policies\\Mo...')
#1 [internal function]: {closure}('App\\Policies\\Mo...', 'App\\Model')
#2 Command line code(1): array_map(Object(Closure), Array, Array)
#3 {main}
  thrown {"exception":"[object] (Symfony\\Component\\ErrorHandler\\Error\\FatalError(code: 0): Uncaught ReflectionException: Class \"App\\Policies\\ModelPolicy\" does not exist in Command line code:1
Stack trace:
#0 Command line code(1): ReflectionClass->__construct('App\\\\Policies\\\\Mo...')
#1 [internal function]: {closure}('App\\\\Policies\\\\Mo...', 'App\\\\Model')
#2 Command line code(1): array_map(Object(Closure), Array, Array)
#3 {main}
  thrown at Command line code:1)
[stacktrace]
#0 {main}
"} 
[2025-07-03 21:53:11] local.ERROR: Uncaught ReflectionException: Class "App\Policies\ModelPolicy" does not exist in Command line code:1
Stack trace:
#0 Command line code(1): ReflectionClass->__construct('App\\Policies\\Mo...')
#1 [internal function]: {closure}('App\\Policies\\Mo...', 'App\\Model')
#2 Command line code(1): array_map(Object(Closure), Array, Array)
#3 {main}
  thrown {"exception":"[object] (Symfony\\Component\\ErrorHandler\\Error\\FatalError(code: 0): Uncaught ReflectionException: Class \"App\\Policies\\ModelPolicy\" does not exist in Command line code:1
Stack trace:
#0 Command line code(1): ReflectionClass->__construct('App\\\\Policies\\\\Mo...')
#1 [internal function]: {closure}('App\\\\Policies\\\\Mo...', 'App\\\\Model')
#2 Command line code(1): array_map(Object(Closure), Array, Array)
#3 {main}
  thrown at Command line code:1)
[stacktrace]
#0 {main}
"} 
[2025-07-03 21:54:11] local.ERROR: Uncaught ReflectionException: Class "App\Policies\ModelPolicy" does not exist in Command line code:1
Stack trace:
#0 Command line code(1): ReflectionClass->__construct('App\\Policies\\Mo...')
#1 [internal function]: {closure}('App\\Policies\\Mo...', 'App\\Model')
#2 Command line code(1): array_map(Object(Closure), Array, Array)
#3 {main}
  thrown {"exception":"[object] (Symfony\\Component\\ErrorHandler\\Error\\FatalError(code: 0): Uncaught ReflectionException: Class \"App\\Policies\\ModelPolicy\" does not exist in Command line code:1
Stack trace:
#0 Command line code(1): ReflectionClass->__construct('App\\\\Policies\\\\Mo...')
#1 [internal function]: {closure}('App\\\\Policies\\\\Mo...', 'App\\\\Model')
#2 Command line code(1): array_map(Object(Closure), Array, Array)
#3 {main}
  thrown at Command line code:1)
[stacktrace]
#0 {main}
"} 
[2025-07-03 21:55:11] local.ERROR: Uncaught ReflectionException: Class "App\Policies\ModelPolicy" does not exist in Command line code:1
Stack trace:
#0 Command line code(1): ReflectionClass->__construct('App\\Policies\\Mo...')
#1 [internal function]: {closure}('App\\Policies\\Mo...', 'App\\Model')
#2 Command line code(1): array_map(Object(Closure), Array, Array)
#3 {main}
  thrown {"exception":"[object] (Symfony\\Component\\ErrorHandler\\Error\\FatalError(code: 0): Uncaught ReflectionException: Class \"App\\Policies\\ModelPolicy\" does not exist in Command line code:1
Stack trace:
#0 Command line code(1): ReflectionClass->__construct('App\\\\Policies\\\\Mo...')
#1 [internal function]: {closure}('App\\\\Policies\\\\Mo...', 'App\\\\Model')
#2 Command line code(1): array_map(Object(Closure), Array, Array)
#3 {main}
  thrown at Command line code:1)
[stacktrace]
#0 {main}
"} 
[2025-07-03 21:56:11] local.ERROR: Uncaught ReflectionException: Class "App\Policies\ModelPolicy" does not exist in Command line code:1
Stack trace:
#0 Command line code(1): ReflectionClass->__construct('App\\Policies\\Mo...')
#1 [internal function]: {closure}('App\\Policies\\Mo...', 'App\\Model')
#2 Command line code(1): array_map(Object(Closure), Array, Array)
#3 {main}
  thrown {"exception":"[object] (Symfony\\Component\\ErrorHandler\\Error\\FatalError(code: 0): Uncaught ReflectionException: Class \"App\\Policies\\ModelPolicy\" does not exist in Command line code:1
Stack trace:
#0 Command line code(1): ReflectionClass->__construct('App\\\\Policies\\\\Mo...')
#1 [internal function]: {closure}('App\\\\Policies\\\\Mo...', 'App\\\\Model')
#2 Command line code(1): array_map(Object(Closure), Array, Array)
#3 {main}
  thrown at Command line code:1)
[stacktrace]
#0 {main}
"} 
[2025-07-03 21:57:11] local.ERROR: Uncaught ReflectionException: Class "App\Policies\ModelPolicy" does not exist in Command line code:1
Stack trace:
#0 Command line code(1): ReflectionClass->__construct('App\\Policies\\Mo...')
#1 [internal function]: {closure}('App\\Policies\\Mo...', 'App\\Model')
#2 Command line code(1): array_map(Object(Closure), Array, Array)
#3 {main}
  thrown {"exception":"[object] (Symfony\\Component\\ErrorHandler\\Error\\FatalError(code: 0): Uncaught ReflectionException: Class \"App\\Policies\\ModelPolicy\" does not exist in Command line code:1
Stack trace:
#0 Command line code(1): ReflectionClass->__construct('App\\\\Policies\\\\Mo...')
#1 [internal function]: {closure}('App\\\\Policies\\\\Mo...', 'App\\\\Model')
#2 Command line code(1): array_map(Object(Closure), Array, Array)
#3 {main}
  thrown at Command line code:1)
[stacktrace]
#0 {main}
"} 
[2025-07-03 21:58:11] local.ERROR: Uncaught ReflectionException: Class "App\Policies\ModelPolicy" does not exist in Command line code:1
Stack trace:
#0 Command line code(1): ReflectionClass->__construct('App\\Policies\\Mo...')
#1 [internal function]: {closure}('App\\Policies\\Mo...', 'App\\Model')
#2 Command line code(1): array_map(Object(Closure), Array, Array)
#3 {main}
  thrown {"exception":"[object] (Symfony\\Component\\ErrorHandler\\Error\\FatalError(code: 0): Uncaught ReflectionException: Class \"App\\Policies\\ModelPolicy\" does not exist in Command line code:1
Stack trace:
#0 Command line code(1): ReflectionClass->__construct('App\\\\Policies\\\\Mo...')
#1 [internal function]: {closure}('App\\\\Policies\\\\Mo...', 'App\\\\Model')
#2 Command line code(1): array_map(Object(Closure), Array, Array)
#3 {main}
  thrown at Command line code:1)
[stacktrace]
#0 {main}
"} 
[2025-07-03 21:59:11] local.ERROR: Uncaught ReflectionException: Class "App\Policies\ModelPolicy" does not exist in Command line code:1
Stack trace:
#0 Command line code(1): ReflectionClass->__construct('App\\Policies\\Mo...')
#1 [internal function]: {closure}('App\\Policies\\Mo...', 'App\\Model')
#2 Command line code(1): array_map(Object(Closure), Array, Array)
#3 {main}
  thrown {"exception":"[object] (Symfony\\Component\\ErrorHandler\\Error\\FatalError(code: 0): Uncaught ReflectionException: Class \"App\\Policies\\ModelPolicy\" does not exist in Command line code:1
Stack trace:
#0 Command line code(1): ReflectionClass->__construct('App\\\\Policies\\\\Mo...')
#1 [internal function]: {closure}('App\\\\Policies\\\\Mo...', 'App\\\\Model')
#2 Command line code(1): array_map(Object(Closure), Array, Array)
#3 {main}
  thrown at Command line code:1)
[stacktrace]
#0 {main}
"} 
[2025-07-03 22:00:11] local.ERROR: Uncaught ReflectionException: Class "App\Policies\ModelPolicy" does not exist in Command line code:1
Stack trace:
#0 Command line code(1): ReflectionClass->__construct('App\\Policies\\Mo...')
#1 [internal function]: {closure}('App\\Policies\\Mo...', 'App\\Model')
#2 Command line code(1): array_map(Object(Closure), Array, Array)
#3 {main}
  thrown {"exception":"[object] (Symfony\\Component\\ErrorHandler\\Error\\FatalError(code: 0): Uncaught ReflectionException: Class \"App\\Policies\\ModelPolicy\" does not exist in Command line code:1
Stack trace:
#0 Command line code(1): ReflectionClass->__construct('App\\\\Policies\\\\Mo...')
#1 [internal function]: {closure}('App\\\\Policies\\\\Mo...', 'App\\\\Model')
#2 Command line code(1): array_map(Object(Closure), Array, Array)
#3 {main}
  thrown at Command line code:1)
[stacktrace]
#0 {main}
"} 
[2025-07-03 22:01:11] local.ERROR: Uncaught ReflectionException: Class "App\Policies\ModelPolicy" does not exist in Command line code:1
Stack trace:
#0 Command line code(1): ReflectionClass->__construct('App\\Policies\\Mo...')
#1 [internal function]: {closure}('App\\Policies\\Mo...', 'App\\Model')
#2 Command line code(1): array_map(Object(Closure), Array, Array)
#3 {main}
  thrown {"exception":"[object] (Symfony\\Component\\ErrorHandler\\Error\\FatalError(code: 0): Uncaught ReflectionException: Class \"App\\Policies\\ModelPolicy\" does not exist in Command line code:1
Stack trace:
#0 Command line code(1): ReflectionClass->__construct('App\\\\Policies\\\\Mo...')
#1 [internal function]: {closure}('App\\\\Policies\\\\Mo...', 'App\\\\Model')
#2 Command line code(1): array_map(Object(Closure), Array, Array)
#3 {main}
  thrown at Command line code:1)
[stacktrace]
#0 {main}
"} 
[2025-07-03 22:02:11] local.ERROR: Uncaught ReflectionException: Class "App\Policies\ModelPolicy" does not exist in Command line code:1
Stack trace:
#0 Command line code(1): ReflectionClass->__construct('App\\Policies\\Mo...')
#1 [internal function]: {closure}('App\\Policies\\Mo...', 'App\\Model')
#2 Command line code(1): array_map(Object(Closure), Array, Array)
#3 {main}
  thrown {"exception":"[object] (Symfony\\Component\\ErrorHandler\\Error\\FatalError(code: 0): Uncaught ReflectionException: Class \"App\\Policies\\ModelPolicy\" does not exist in Command line code:1
Stack trace:
#0 Command line code(1): ReflectionClass->__construct('App\\\\Policies\\\\Mo...')
#1 [internal function]: {closure}('App\\\\Policies\\\\Mo...', 'App\\\\Model')
#2 Command line code(1): array_map(Object(Closure), Array, Array)
#3 {main}
  thrown at Command line code:1)
[stacktrace]
#0 {main}
"} 
[2025-07-03 22:03:11] local.ERROR: Uncaught ReflectionException: Class "App\Policies\ModelPolicy" does not exist in Command line code:1
Stack trace:
#0 Command line code(1): ReflectionClass->__construct('App\\Policies\\Mo...')
#1 [internal function]: {closure}('App\\Policies\\Mo...', 'App\\Model')
#2 Command line code(1): array_map(Object(Closure), Array, Array)
#3 {main}
  thrown {"exception":"[object] (Symfony\\Component\\ErrorHandler\\Error\\FatalError(code: 0): Uncaught ReflectionException: Class \"App\\Policies\\ModelPolicy\" does not exist in Command line code:1
Stack trace:
#0 Command line code(1): ReflectionClass->__construct('App\\\\Policies\\\\Mo...')
#1 [internal function]: {closure}('App\\\\Policies\\\\Mo...', 'App\\\\Model')
#2 Command line code(1): array_map(Object(Closure), Array, Array)
#3 {main}
  thrown at Command line code:1)
[stacktrace]
#0 {main}
"} 
[2025-07-03 22:04:11] local.ERROR: Uncaught ReflectionException: Class "App\Policies\ModelPolicy" does not exist in Command line code:1
Stack trace:
#0 Command line code(1): ReflectionClass->__construct('App\\Policies\\Mo...')
#1 [internal function]: {closure}('App\\Policies\\Mo...', 'App\\Model')
#2 Command line code(1): array_map(Object(Closure), Array, Array)
#3 {main}
  thrown {"exception":"[object] (Symfony\\Component\\ErrorHandler\\Error\\FatalError(code: 0): Uncaught ReflectionException: Class \"App\\Policies\\ModelPolicy\" does not exist in Command line code:1
Stack trace:
#0 Command line code(1): ReflectionClass->__construct('App\\\\Policies\\\\Mo...')
#1 [internal function]: {closure}('App\\\\Policies\\\\Mo...', 'App\\\\Model')
#2 Command line code(1): array_map(Object(Closure), Array, Array)
#3 {main}
  thrown at Command line code:1)
[stacktrace]
#0 {main}
"} 
[2025-07-03 22:05:11] local.ERROR: Uncaught ReflectionException: Class "App\Policies\ModelPolicy" does not exist in Command line code:1
Stack trace:
#0 Command line code(1): ReflectionClass->__construct('App\\Policies\\Mo...')
#1 [internal function]: {closure}('App\\Policies\\Mo...', 'App\\Model')
#2 Command line code(1): array_map(Object(Closure), Array, Array)
#3 {main}
  thrown {"exception":"[object] (Symfony\\Component\\ErrorHandler\\Error\\FatalError(code: 0): Uncaught ReflectionException: Class \"App\\Policies\\ModelPolicy\" does not exist in Command line code:1
Stack trace:
#0 Command line code(1): ReflectionClass->__construct('App\\\\Policies\\\\Mo...')
#1 [internal function]: {closure}('App\\\\Policies\\\\Mo...', 'App\\\\Model')
#2 Command line code(1): array_map(Object(Closure), Array, Array)
#3 {main}
  thrown at Command line code:1)
[stacktrace]
#0 {main}
"} 
[2025-07-03 22:06:11] local.ERROR: Uncaught ReflectionException: Class "App\Policies\ModelPolicy" does not exist in Command line code:1
Stack trace:
#0 Command line code(1): ReflectionClass->__construct('App\\Policies\\Mo...')
#1 [internal function]: {closure}('App\\Policies\\Mo...', 'App\\Model')
#2 Command line code(1): array_map(Object(Closure), Array, Array)
#3 {main}
  thrown {"exception":"[object] (Symfony\\Component\\ErrorHandler\\Error\\FatalError(code: 0): Uncaught ReflectionException: Class \"App\\Policies\\ModelPolicy\" does not exist in Command line code:1
Stack trace:
#0 Command line code(1): ReflectionClass->__construct('App\\\\Policies\\\\Mo...')
#1 [internal function]: {closure}('App\\\\Policies\\\\Mo...', 'App\\\\Model')
#2 Command line code(1): array_map(Object(Closure), Array, Array)
#3 {main}
  thrown at Command line code:1)
[stacktrace]
#0 {main}
"} 
[2025-07-03 22:07:11] local.ERROR: Uncaught ReflectionException: Class "App\Policies\ModelPolicy" does not exist in Command line code:1
Stack trace:
#0 Command line code(1): ReflectionClass->__construct('App\\Policies\\Mo...')
#1 [internal function]: {closure}('App\\Policies\\Mo...', 'App\\Model')
#2 Command line code(1): array_map(Object(Closure), Array, Array)
#3 {main}
  thrown {"exception":"[object] (Symfony\\Component\\ErrorHandler\\Error\\FatalError(code: 0): Uncaught ReflectionException: Class \"App\\Policies\\ModelPolicy\" does not exist in Command line code:1
Stack trace:
#0 Command line code(1): ReflectionClass->__construct('App\\\\Policies\\\\Mo...')
#1 [internal function]: {closure}('App\\\\Policies\\\\Mo...', 'App\\\\Model')
#2 Command line code(1): array_map(Object(Closure), Array, Array)
#3 {main}
  thrown at Command line code:1)
[stacktrace]
#0 {main}
"} 
[2025-07-03 22:08:11] local.ERROR: Uncaught ReflectionException: Class "App\Policies\ModelPolicy" does not exist in Command line code:1
Stack trace:
#0 Command line code(1): ReflectionClass->__construct('App\\Policies\\Mo...')
#1 [internal function]: {closure}('App\\Policies\\Mo...', 'App\\Model')
#2 Command line code(1): array_map(Object(Closure), Array, Array)
#3 {main}
  thrown {"exception":"[object] (Symfony\\Component\\ErrorHandler\\Error\\FatalError(code: 0): Uncaught ReflectionException: Class \"App\\Policies\\ModelPolicy\" does not exist in Command line code:1
Stack trace:
#0 Command line code(1): ReflectionClass->__construct('App\\\\Policies\\\\Mo...')
#1 [internal function]: {closure}('App\\\\Policies\\\\Mo...', 'App\\\\Model')
#2 Command line code(1): array_map(Object(Closure), Array, Array)
#3 {main}
  thrown at Command line code:1)
[stacktrace]
#0 {main}
"} 
[2025-07-03 22:09:11] local.ERROR: Uncaught ReflectionException: Class "App\Policies\ModelPolicy" does not exist in Command line code:1
Stack trace:
#0 Command line code(1): ReflectionClass->__construct('App\\Policies\\Mo...')
#1 [internal function]: {closure}('App\\Policies\\Mo...', 'App\\Model')
#2 Command line code(1): array_map(Object(Closure), Array, Array)
#3 {main}
  thrown {"exception":"[object] (Symfony\\Component\\ErrorHandler\\Error\\FatalError(code: 0): Uncaught ReflectionException: Class \"App\\Policies\\ModelPolicy\" does not exist in Command line code:1
Stack trace:
#0 Command line code(1): ReflectionClass->__construct('App\\\\Policies\\\\Mo...')
#1 [internal function]: {closure}('App\\\\Policies\\\\Mo...', 'App\\\\Model')
#2 Command line code(1): array_map(Object(Closure), Array, Array)
#3 {main}
  thrown at Command line code:1)
[stacktrace]
#0 {main}
"} 
[2025-07-03 22:10:11] local.ERROR: Uncaught ReflectionException: Class "App\Policies\ModelPolicy" does not exist in Command line code:1
Stack trace:
#0 Command line code(1): ReflectionClass->__construct('App\\Policies\\Mo...')
#1 [internal function]: {closure}('App\\Policies\\Mo...', 'App\\Model')
#2 Command line code(1): array_map(Object(Closure), Array, Array)
#3 {main}
  thrown {"exception":"[object] (Symfony\\Component\\ErrorHandler\\Error\\FatalError(code: 0): Uncaught ReflectionException: Class \"App\\Policies\\ModelPolicy\" does not exist in Command line code:1
Stack trace:
#0 Command line code(1): ReflectionClass->__construct('App\\\\Policies\\\\Mo...')
#1 [internal function]: {closure}('App\\\\Policies\\\\Mo...', 'App\\\\Model')
#2 Command line code(1): array_map(Object(Closure), Array, Array)
#3 {main}
  thrown at Command line code:1)
[stacktrace]
#0 {main}
"} 
[2025-07-03 22:11:11] local.ERROR: Uncaught ReflectionException: Class "App\Policies\ModelPolicy" does not exist in Command line code:1
Stack trace:
#0 Command line code(1): ReflectionClass->__construct('App\\Policies\\Mo...')
#1 [internal function]: {closure}('App\\Policies\\Mo...', 'App\\Model')
#2 Command line code(1): array_map(Object(Closure), Array, Array)
#3 {main}
  thrown {"exception":"[object] (Symfony\\Component\\ErrorHandler\\Error\\FatalError(code: 0): Uncaught ReflectionException: Class \"App\\Policies\\ModelPolicy\" does not exist in Command line code:1
Stack trace:
#0 Command line code(1): ReflectionClass->__construct('App\\\\Policies\\\\Mo...')
#1 [internal function]: {closure}('App\\\\Policies\\\\Mo...', 'App\\\\Model')
#2 Command line code(1): array_map(Object(Closure), Array, Array)
#3 {main}
  thrown at Command line code:1)
[stacktrace]
#0 {main}
"} 
[2025-07-03 22:12:11] local.ERROR: Uncaught ReflectionException: Class "App\Policies\ModelPolicy" does not exist in Command line code:1
Stack trace:
#0 Command line code(1): ReflectionClass->__construct('App\\Policies\\Mo...')
#1 [internal function]: {closure}('App\\Policies\\Mo...', 'App\\Model')
#2 Command line code(1): array_map(Object(Closure), Array, Array)
#3 {main}
  thrown {"exception":"[object] (Symfony\\Component\\ErrorHandler\\Error\\FatalError(code: 0): Uncaught ReflectionException: Class \"App\\Policies\\ModelPolicy\" does not exist in Command line code:1
Stack trace:
#0 Command line code(1): ReflectionClass->__construct('App\\\\Policies\\\\Mo...')
#1 [internal function]: {closure}('App\\\\Policies\\\\Mo...', 'App\\\\Model')
#2 Command line code(1): array_map(Object(Closure), Array, Array)
#3 {main}
  thrown at Command line code:1)
[stacktrace]
#0 {main}
"} 
[2025-07-03 22:13:11] local.ERROR: Uncaught ReflectionException: Class "App\Policies\ModelPolicy" does not exist in Command line code:1
Stack trace:
#0 Command line code(1): ReflectionClass->__construct('App\\Policies\\Mo...')
#1 [internal function]: {closure}('App\\Policies\\Mo...', 'App\\Model')
#2 Command line code(1): array_map(Object(Closure), Array, Array)
#3 {main}
  thrown {"exception":"[object] (Symfony\\Component\\ErrorHandler\\Error\\FatalError(code: 0): Uncaught ReflectionException: Class \"App\\Policies\\ModelPolicy\" does not exist in Command line code:1
Stack trace:
#0 Command line code(1): ReflectionClass->__construct('App\\\\Policies\\\\Mo...')
#1 [internal function]: {closure}('App\\\\Policies\\\\Mo...', 'App\\\\Model')
#2 Command line code(1): array_map(Object(Closure), Array, Array)
#3 {main}
  thrown at Command line code:1)
[stacktrace]
#0 {main}
"} 
[2025-07-03 22:14:11] local.ERROR: Uncaught ReflectionException: Class "App\Policies\ModelPolicy" does not exist in Command line code:1
Stack trace:
#0 Command line code(1): ReflectionClass->__construct('App\\Policies\\Mo...')
#1 [internal function]: {closure}('App\\Policies\\Mo...', 'App\\Model')
#2 Command line code(1): array_map(Object(Closure), Array, Array)
#3 {main}
  thrown {"exception":"[object] (Symfony\\Component\\ErrorHandler\\Error\\FatalError(code: 0): Uncaught ReflectionException: Class \"App\\Policies\\ModelPolicy\" does not exist in Command line code:1
Stack trace:
#0 Command line code(1): ReflectionClass->__construct('App\\\\Policies\\\\Mo...')
#1 [internal function]: {closure}('App\\\\Policies\\\\Mo...', 'App\\\\Model')
#2 Command line code(1): array_map(Object(Closure), Array, Array)
#3 {main}
  thrown at Command line code:1)
[stacktrace]
#0 {main}
"} 
[2025-07-03 22:15:11] local.ERROR: Uncaught ReflectionException: Class "App\Policies\ModelPolicy" does not exist in Command line code:1
Stack trace:
#0 Command line code(1): ReflectionClass->__construct('App\\Policies\\Mo...')
#1 [internal function]: {closure}('App\\Policies\\Mo...', 'App\\Model')
#2 Command line code(1): array_map(Object(Closure), Array, Array)
#3 {main}
  thrown {"exception":"[object] (Symfony\\Component\\ErrorHandler\\Error\\FatalError(code: 0): Uncaught ReflectionException: Class \"App\\Policies\\ModelPolicy\" does not exist in Command line code:1
Stack trace:
#0 Command line code(1): ReflectionClass->__construct('App\\\\Policies\\\\Mo...')
#1 [internal function]: {closure}('App\\\\Policies\\\\Mo...', 'App\\\\Model')
#2 Command line code(1): array_map(Object(Closure), Array, Array)
#3 {main}
  thrown at Command line code:1)
[stacktrace]
#0 {main}
"} 
[2025-07-03 22:16:11] local.ERROR: Uncaught ReflectionException: Class "App\Policies\ModelPolicy" does not exist in Command line code:1
Stack trace:
#0 Command line code(1): ReflectionClass->__construct('App\\Policies\\Mo...')
#1 [internal function]: {closure}('App\\Policies\\Mo...', 'App\\Model')
#2 Command line code(1): array_map(Object(Closure), Array, Array)
#3 {main}
  thrown {"exception":"[object] (Symfony\\Component\\ErrorHandler\\Error\\FatalError(code: 0): Uncaught ReflectionException: Class \"App\\Policies\\ModelPolicy\" does not exist in Command line code:1
Stack trace:
#0 Command line code(1): ReflectionClass->__construct('App\\\\Policies\\\\Mo...')
#1 [internal function]: {closure}('App\\\\Policies\\\\Mo...', 'App\\\\Model')
#2 Command line code(1): array_map(Object(Closure), Array, Array)
#3 {main}
  thrown at Command line code:1)
[stacktrace]
#0 {main}
"} 
[2025-07-03 22:17:11] local.ERROR: Uncaught ReflectionException: Class "App\Policies\ModelPolicy" does not exist in Command line code:1
Stack trace:
#0 Command line code(1): ReflectionClass->__construct('App\\Policies\\Mo...')
#1 [internal function]: {closure}('App\\Policies\\Mo...', 'App\\Model')
#2 Command line code(1): array_map(Object(Closure), Array, Array)
#3 {main}
  thrown {"exception":"[object] (Symfony\\Component\\ErrorHandler\\Error\\FatalError(code: 0): Uncaught ReflectionException: Class \"App\\Policies\\ModelPolicy\" does not exist in Command line code:1
Stack trace:
#0 Command line code(1): ReflectionClass->__construct('App\\\\Policies\\\\Mo...')
#1 [internal function]: {closure}('App\\\\Policies\\\\Mo...', 'App\\\\Model')
#2 Command line code(1): array_map(Object(Closure), Array, Array)
#3 {main}
  thrown at Command line code:1)
[stacktrace]
#0 {main}
"} 
[2025-07-03 22:18:11] local.ERROR: Uncaught ReflectionException: Class "App\Policies\ModelPolicy" does not exist in Command line code:1
Stack trace:
#0 Command line code(1): ReflectionClass->__construct('App\\Policies\\Mo...')
#1 [internal function]: {closure}('App\\Policies\\Mo...', 'App\\Model')
#2 Command line code(1): array_map(Object(Closure), Array, Array)
#3 {main}
  thrown {"exception":"[object] (Symfony\\Component\\ErrorHandler\\Error\\FatalError(code: 0): Uncaught ReflectionException: Class \"App\\Policies\\ModelPolicy\" does not exist in Command line code:1
Stack trace:
#0 Command line code(1): ReflectionClass->__construct('App\\\\Policies\\\\Mo...')
#1 [internal function]: {closure}('App\\\\Policies\\\\Mo...', 'App\\\\Model')
#2 Command line code(1): array_map(Object(Closure), Array, Array)
#3 {main}
  thrown at Command line code:1)
[stacktrace]
#0 {main}
"} 
[2025-07-03 22:19:11] local.ERROR: Uncaught ReflectionException: Class "App\Policies\ModelPolicy" does not exist in Command line code:1
Stack trace:
#0 Command line code(1): ReflectionClass->__construct('App\\Policies\\Mo...')
#1 [internal function]: {closure}('App\\Policies\\Mo...', 'App\\Model')
#2 Command line code(1): array_map(Object(Closure), Array, Array)
#3 {main}
  thrown {"exception":"[object] (Symfony\\Component\\ErrorHandler\\Error\\FatalError(code: 0): Uncaught ReflectionException: Class \"App\\Policies\\ModelPolicy\" does not exist in Command line code:1
Stack trace:
#0 Command line code(1): ReflectionClass->__construct('App\\\\Policies\\\\Mo...')
#1 [internal function]: {closure}('App\\\\Policies\\\\Mo...', 'App\\\\Model')
#2 Command line code(1): array_map(Object(Closure), Array, Array)
#3 {main}
  thrown at Command line code:1)
[stacktrace]
#0 {main}
"} 
[2025-07-03 22:20:11] local.ERROR: Uncaught ReflectionException: Class "App\Policies\ModelPolicy" does not exist in Command line code:1
Stack trace:
#0 Command line code(1): ReflectionClass->__construct('App\\Policies\\Mo...')
#1 [internal function]: {closure}('App\\Policies\\Mo...', 'App\\Model')
#2 Command line code(1): array_map(Object(Closure), Array, Array)
#3 {main}
  thrown {"exception":"[object] (Symfony\\Component\\ErrorHandler\\Error\\FatalError(code: 0): Uncaught ReflectionException: Class \"App\\Policies\\ModelPolicy\" does not exist in Command line code:1
Stack trace:
#0 Command line code(1): ReflectionClass->__construct('App\\\\Policies\\\\Mo...')
#1 [internal function]: {closure}('App\\\\Policies\\\\Mo...', 'App\\\\Model')
#2 Command line code(1): array_map(Object(Closure), Array, Array)
#3 {main}
  thrown at Command line code:1)
[stacktrace]
#0 {main}
"} 
[2025-07-03 22:21:11] local.ERROR: Uncaught ReflectionException: Class "App\Policies\ModelPolicy" does not exist in Command line code:1
Stack trace:
#0 Command line code(1): ReflectionClass->__construct('App\\Policies\\Mo...')
#1 [internal function]: {closure}('App\\Policies\\Mo...', 'App\\Model')
#2 Command line code(1): array_map(Object(Closure), Array, Array)
#3 {main}
  thrown {"exception":"[object] (Symfony\\Component\\ErrorHandler\\Error\\FatalError(code: 0): Uncaught ReflectionException: Class \"App\\Policies\\ModelPolicy\" does not exist in Command line code:1
Stack trace:
#0 Command line code(1): ReflectionClass->__construct('App\\\\Policies\\\\Mo...')
#1 [internal function]: {closure}('App\\\\Policies\\\\Mo...', 'App\\\\Model')
#2 Command line code(1): array_map(Object(Closure), Array, Array)
#3 {main}
  thrown at Command line code:1)
[stacktrace]
#0 {main}
"} 
[2025-07-03 22:22:11] local.ERROR: Uncaught ReflectionException: Class "App\Policies\ModelPolicy" does not exist in Command line code:1
Stack trace:
#0 Command line code(1): ReflectionClass->__construct('App\\Policies\\Mo...')
#1 [internal function]: {closure}('App\\Policies\\Mo...', 'App\\Model')
#2 Command line code(1): array_map(Object(Closure), Array, Array)
#3 {main}
  thrown {"exception":"[object] (Symfony\\Component\\ErrorHandler\\Error\\FatalError(code: 0): Uncaught ReflectionException: Class \"App\\Policies\\ModelPolicy\" does not exist in Command line code:1
Stack trace:
#0 Command line code(1): ReflectionClass->__construct('App\\\\Policies\\\\Mo...')
#1 [internal function]: {closure}('App\\\\Policies\\\\Mo...', 'App\\\\Model')
#2 Command line code(1): array_map(Object(Closure), Array, Array)
#3 {main}
  thrown at Command line code:1)
[stacktrace]
#0 {main}
"} 
[2025-07-03 22:23:11] local.ERROR: Uncaught ReflectionException: Class "App\Policies\ModelPolicy" does not exist in Command line code:1
Stack trace:
#0 Command line code(1): ReflectionClass->__construct('App\\Policies\\Mo...')
#1 [internal function]: {closure}('App\\Policies\\Mo...', 'App\\Model')
#2 Command line code(1): array_map(Object(Closure), Array, Array)
#3 {main}
  thrown {"exception":"[object] (Symfony\\Component\\ErrorHandler\\Error\\FatalError(code: 0): Uncaught ReflectionException: Class \"App\\Policies\\ModelPolicy\" does not exist in Command line code:1
Stack trace:
#0 Command line code(1): ReflectionClass->__construct('App\\\\Policies\\\\Mo...')
#1 [internal function]: {closure}('App\\\\Policies\\\\Mo...', 'App\\\\Model')
#2 Command line code(1): array_map(Object(Closure), Array, Array)
#3 {main}
  thrown at Command line code:1)
[stacktrace]
#0 {main}
"} 
[2025-07-03 22:24:11] local.ERROR: Uncaught ReflectionException: Class "App\Policies\ModelPolicy" does not exist in Command line code:1
Stack trace:
#0 Command line code(1): ReflectionClass->__construct('App\\Policies\\Mo...')
#1 [internal function]: {closure}('App\\Policies\\Mo...', 'App\\Model')
#2 Command line code(1): array_map(Object(Closure), Array, Array)
#3 {main}
  thrown {"exception":"[object] (Symfony\\Component\\ErrorHandler\\Error\\FatalError(code: 0): Uncaught ReflectionException: Class \"App\\Policies\\ModelPolicy\" does not exist in Command line code:1
Stack trace:
#0 Command line code(1): ReflectionClass->__construct('App\\\\Policies\\\\Mo...')
#1 [internal function]: {closure}('App\\\\Policies\\\\Mo...', 'App\\\\Model')
#2 Command line code(1): array_map(Object(Closure), Array, Array)
#3 {main}
  thrown at Command line code:1)
[stacktrace]
#0 {main}
"} 
[2025-07-03 22:25:11] local.ERROR: Uncaught ReflectionException: Class "App\Policies\ModelPolicy" does not exist in Command line code:1
Stack trace:
#0 Command line code(1): ReflectionClass->__construct('App\\Policies\\Mo...')
#1 [internal function]: {closure}('App\\Policies\\Mo...', 'App\\Model')
#2 Command line code(1): array_map(Object(Closure), Array, Array)
#3 {main}
  thrown {"exception":"[object] (Symfony\\Component\\ErrorHandler\\Error\\FatalError(code: 0): Uncaught ReflectionException: Class \"App\\Policies\\ModelPolicy\" does not exist in Command line code:1
Stack trace:
#0 Command line code(1): ReflectionClass->__construct('App\\\\Policies\\\\Mo...')
#1 [internal function]: {closure}('App\\\\Policies\\\\Mo...', 'App\\\\Model')
#2 Command line code(1): array_map(Object(Closure), Array, Array)
#3 {main}
  thrown at Command line code:1)
[stacktrace]
#0 {main}
"} 
[2025-07-03 22:26:11] local.ERROR: Uncaught ReflectionException: Class "App\Policies\ModelPolicy" does not exist in Command line code:1
Stack trace:
#0 Command line code(1): ReflectionClass->__construct('App\\Policies\\Mo...')
#1 [internal function]: {closure}('App\\Policies\\Mo...', 'App\\Model')
#2 Command line code(1): array_map(Object(Closure), Array, Array)
#3 {main}
  thrown {"exception":"[object] (Symfony\\Component\\ErrorHandler\\Error\\FatalError(code: 0): Uncaught ReflectionException: Class \"App\\Policies\\ModelPolicy\" does not exist in Command line code:1
Stack trace:
#0 Command line code(1): ReflectionClass->__construct('App\\\\Policies\\\\Mo...')
#1 [internal function]: {closure}('App\\\\Policies\\\\Mo...', 'App\\\\Model')
#2 Command line code(1): array_map(Object(Closure), Array, Array)
#3 {main}
  thrown at Command line code:1)
[stacktrace]
#0 {main}
"} 
[2025-07-03 22:27:11] local.ERROR: Uncaught ReflectionException: Class "App\Policies\ModelPolicy" does not exist in Command line code:1
Stack trace:
#0 Command line code(1): ReflectionClass->__construct('App\\Policies\\Mo...')
#1 [internal function]: {closure}('App\\Policies\\Mo...', 'App\\Model')
#2 Command line code(1): array_map(Object(Closure), Array, Array)
#3 {main}
  thrown {"exception":"[object] (Symfony\\Component\\ErrorHandler\\Error\\FatalError(code: 0): Uncaught ReflectionException: Class \"App\\Policies\\ModelPolicy\" does not exist in Command line code:1
Stack trace:
#0 Command line code(1): ReflectionClass->__construct('App\\\\Policies\\\\Mo...')
#1 [internal function]: {closure}('App\\\\Policies\\\\Mo...', 'App\\\\Model')
#2 Command line code(1): array_map(Object(Closure), Array, Array)
#3 {main}
  thrown at Command line code:1)
[stacktrace]
#0 {main}
"} 
[2025-07-03 22:28:11] local.ERROR: Uncaught ReflectionException: Class "App\Policies\ModelPolicy" does not exist in Command line code:1
Stack trace:
#0 Command line code(1): ReflectionClass->__construct('App\\Policies\\Mo...')
#1 [internal function]: {closure}('App\\Policies\\Mo...', 'App\\Model')
#2 Command line code(1): array_map(Object(Closure), Array, Array)
#3 {main}
  thrown {"exception":"[object] (Symfony\\Component\\ErrorHandler\\Error\\FatalError(code: 0): Uncaught ReflectionException: Class \"App\\Policies\\ModelPolicy\" does not exist in Command line code:1
Stack trace:
#0 Command line code(1): ReflectionClass->__construct('App\\\\Policies\\\\Mo...')
#1 [internal function]: {closure}('App\\\\Policies\\\\Mo...', 'App\\\\Model')
#2 Command line code(1): array_map(Object(Closure), Array, Array)
#3 {main}
  thrown at Command line code:1)
[stacktrace]
#0 {main}
"} 
[2025-07-03 22:29:11] local.ERROR: Uncaught ReflectionException: Class "App\Policies\ModelPolicy" does not exist in Command line code:1
Stack trace:
#0 Command line code(1): ReflectionClass->__construct('App\\Policies\\Mo...')
#1 [internal function]: {closure}('App\\Policies\\Mo...', 'App\\Model')
#2 Command line code(1): array_map(Object(Closure), Array, Array)
#3 {main}
  thrown {"exception":"[object] (Symfony\\Component\\ErrorHandler\\Error\\FatalError(code: 0): Uncaught ReflectionException: Class \"App\\Policies\\ModelPolicy\" does not exist in Command line code:1
Stack trace:
#0 Command line code(1): ReflectionClass->__construct('App\\\\Policies\\\\Mo...')
#1 [internal function]: {closure}('App\\\\Policies\\\\Mo...', 'App\\\\Model')
#2 Command line code(1): array_map(Object(Closure), Array, Array)
#3 {main}
  thrown at Command line code:1)
[stacktrace]
#0 {main}
"} 
[2025-07-03 22:30:11] local.ERROR: Uncaught ReflectionException: Class "App\Policies\ModelPolicy" does not exist in Command line code:1
Stack trace:
#0 Command line code(1): ReflectionClass->__construct('App\\Policies\\Mo...')
#1 [internal function]: {closure}('App\\Policies\\Mo...', 'App\\Model')
#2 Command line code(1): array_map(Object(Closure), Array, Array)
#3 {main}
  thrown {"exception":"[object] (Symfony\\Component\\ErrorHandler\\Error\\FatalError(code: 0): Uncaught ReflectionException: Class \"App\\Policies\\ModelPolicy\" does not exist in Command line code:1
Stack trace:
#0 Command line code(1): ReflectionClass->__construct('App\\\\Policies\\\\Mo...')
#1 [internal function]: {closure}('App\\\\Policies\\\\Mo...', 'App\\\\Model')
#2 Command line code(1): array_map(Object(Closure), Array, Array)
#3 {main}
  thrown at Command line code:1)
[stacktrace]
#0 {main}
"} 
[2025-07-03 22:31:11] local.ERROR: Uncaught ReflectionException: Class "App\Policies\ModelPolicy" does not exist in Command line code:1
Stack trace:
#0 Command line code(1): ReflectionClass->__construct('App\\Policies\\Mo...')
#1 [internal function]: {closure}('App\\Policies\\Mo...', 'App\\Model')
#2 Command line code(1): array_map(Object(Closure), Array, Array)
#3 {main}
  thrown {"exception":"[object] (Symfony\\Component\\ErrorHandler\\Error\\FatalError(code: 0): Uncaught ReflectionException: Class \"App\\Policies\\ModelPolicy\" does not exist in Command line code:1
Stack trace:
#0 Command line code(1): ReflectionClass->__construct('App\\\\Policies\\\\Mo...')
#1 [internal function]: {closure}('App\\\\Policies\\\\Mo...', 'App\\\\Model')
#2 Command line code(1): array_map(Object(Closure), Array, Array)
#3 {main}
  thrown at Command line code:1)
[stacktrace]
#0 {main}
"} 
[2025-07-03 22:32:11] local.ERROR: Uncaught ReflectionException: Class "App\Policies\ModelPolicy" does not exist in Command line code:1
Stack trace:
#0 Command line code(1): ReflectionClass->__construct('App\\Policies\\Mo...')
#1 [internal function]: {closure}('App\\Policies\\Mo...', 'App\\Model')
#2 Command line code(1): array_map(Object(Closure), Array, Array)
#3 {main}
  thrown {"exception":"[object] (Symfony\\Component\\ErrorHandler\\Error\\FatalError(code: 0): Uncaught ReflectionException: Class \"App\\Policies\\ModelPolicy\" does not exist in Command line code:1
Stack trace:
#0 Command line code(1): ReflectionClass->__construct('App\\\\Policies\\\\Mo...')
#1 [internal function]: {closure}('App\\\\Policies\\\\Mo...', 'App\\\\Model')
#2 Command line code(1): array_map(Object(Closure), Array, Array)
#3 {main}
  thrown at Command line code:1)
[stacktrace]
#0 {main}
"} 
[2025-07-03 22:33:12] local.ERROR: Uncaught ReflectionException: Class "App\Policies\ModelPolicy" does not exist in Command line code:1
Stack trace:
#0 Command line code(1): ReflectionClass->__construct('App\\Policies\\Mo...')
#1 [internal function]: {closure}('App\\Policies\\Mo...', 'App\\Model')
#2 Command line code(1): array_map(Object(Closure), Array, Array)
#3 {main}
  thrown {"exception":"[object] (Symfony\\Component\\ErrorHandler\\Error\\FatalError(code: 0): Uncaught ReflectionException: Class \"App\\Policies\\ModelPolicy\" does not exist in Command line code:1
Stack trace:
#0 Command line code(1): ReflectionClass->__construct('App\\\\Policies\\\\Mo...')
#1 [internal function]: {closure}('App\\\\Policies\\\\Mo...', 'App\\\\Model')
#2 Command line code(1): array_map(Object(Closure), Array, Array)
#3 {main}
  thrown at Command line code:1)
[stacktrace]
#0 {main}
"} 
[2025-07-03 22:34:11] local.ERROR: Uncaught ReflectionException: Class "App\Policies\ModelPolicy" does not exist in Command line code:1
Stack trace:
#0 Command line code(1): ReflectionClass->__construct('App\\Policies\\Mo...')
#1 [internal function]: {closure}('App\\Policies\\Mo...', 'App\\Model')
#2 Command line code(1): array_map(Object(Closure), Array, Array)
#3 {main}
  thrown {"exception":"[object] (Symfony\\Component\\ErrorHandler\\Error\\FatalError(code: 0): Uncaught ReflectionException: Class \"App\\Policies\\ModelPolicy\" does not exist in Command line code:1
Stack trace:
#0 Command line code(1): ReflectionClass->__construct('App\\\\Policies\\\\Mo...')
#1 [internal function]: {closure}('App\\\\Policies\\\\Mo...', 'App\\\\Model')
#2 Command line code(1): array_map(Object(Closure), Array, Array)
#3 {main}
  thrown at Command line code:1)
[stacktrace]
#0 {main}
"} 
[2025-07-03 22:35:11] local.ERROR: Uncaught ReflectionException: Class "App\Policies\ModelPolicy" does not exist in Command line code:1
Stack trace:
#0 Command line code(1): ReflectionClass->__construct('App\\Policies\\Mo...')
#1 [internal function]: {closure}('App\\Policies\\Mo...', 'App\\Model')
#2 Command line code(1): array_map(Object(Closure), Array, Array)
#3 {main}
  thrown {"exception":"[object] (Symfony\\Component\\ErrorHandler\\Error\\FatalError(code: 0): Uncaught ReflectionException: Class \"App\\Policies\\ModelPolicy\" does not exist in Command line code:1
Stack trace:
#0 Command line code(1): ReflectionClass->__construct('App\\\\Policies\\\\Mo...')
#1 [internal function]: {closure}('App\\\\Policies\\\\Mo...', 'App\\\\Model')
#2 Command line code(1): array_map(Object(Closure), Array, Array)
#3 {main}
  thrown at Command line code:1)
[stacktrace]
#0 {main}
"} 
[2025-07-03 22:36:11] local.ERROR: Uncaught ReflectionException: Class "App\Policies\ModelPolicy" does not exist in Command line code:1
Stack trace:
#0 Command line code(1): ReflectionClass->__construct('App\\Policies\\Mo...')
#1 [internal function]: {closure}('App\\Policies\\Mo...', 'App\\Model')
#2 Command line code(1): array_map(Object(Closure), Array, Array)
#3 {main}
  thrown {"exception":"[object] (Symfony\\Component\\ErrorHandler\\Error\\FatalError(code: 0): Uncaught ReflectionException: Class \"App\\Policies\\ModelPolicy\" does not exist in Command line code:1
Stack trace:
#0 Command line code(1): ReflectionClass->__construct('App\\\\Policies\\\\Mo...')
#1 [internal function]: {closure}('App\\\\Policies\\\\Mo...', 'App\\\\Model')
#2 Command line code(1): array_map(Object(Closure), Array, Array)
#3 {main}
  thrown at Command line code:1)
[stacktrace]
#0 {main}
"} 
[2025-07-03 22:37:11] local.ERROR: Uncaught ReflectionException: Class "App\Policies\ModelPolicy" does not exist in Command line code:1
Stack trace:
#0 Command line code(1): ReflectionClass->__construct('App\\Policies\\Mo...')
#1 [internal function]: {closure}('App\\Policies\\Mo...', 'App\\Model')
#2 Command line code(1): array_map(Object(Closure), Array, Array)
#3 {main}
  thrown {"exception":"[object] (Symfony\\Component\\ErrorHandler\\Error\\FatalError(code: 0): Uncaught ReflectionException: Class \"App\\Policies\\ModelPolicy\" does not exist in Command line code:1
Stack trace:
#0 Command line code(1): ReflectionClass->__construct('App\\\\Policies\\\\Mo...')
#1 [internal function]: {closure}('App\\\\Policies\\\\Mo...', 'App\\\\Model')
#2 Command line code(1): array_map(Object(Closure), Array, Array)
#3 {main}
  thrown at Command line code:1)
[stacktrace]
#0 {main}
"} 
[2025-07-03 22:38:11] local.ERROR: Uncaught ReflectionException: Class "App\Policies\ModelPolicy" does not exist in Command line code:1
Stack trace:
#0 Command line code(1): ReflectionClass->__construct('App\\Policies\\Mo...')
#1 [internal function]: {closure}('App\\Policies\\Mo...', 'App\\Model')
#2 Command line code(1): array_map(Object(Closure), Array, Array)
#3 {main}
  thrown {"exception":"[object] (Symfony\\Component\\ErrorHandler\\Error\\FatalError(code: 0): Uncaught ReflectionException: Class \"App\\Policies\\ModelPolicy\" does not exist in Command line code:1
Stack trace:
#0 Command line code(1): ReflectionClass->__construct('App\\\\Policies\\\\Mo...')
#1 [internal function]: {closure}('App\\\\Policies\\\\Mo...', 'App\\\\Model')
#2 Command line code(1): array_map(Object(Closure), Array, Array)
#3 {main}
  thrown at Command line code:1)
[stacktrace]
#0 {main}
"} 
[2025-07-03 22:39:11] local.ERROR: Uncaught ReflectionException: Class "App\Policies\ModelPolicy" does not exist in Command line code:1
Stack trace:
#0 Command line code(1): ReflectionClass->__construct('App\\Policies\\Mo...')
#1 [internal function]: {closure}('App\\Policies\\Mo...', 'App\\Model')
#2 Command line code(1): array_map(Object(Closure), Array, Array)
#3 {main}
  thrown {"exception":"[object] (Symfony\\Component\\ErrorHandler\\Error\\FatalError(code: 0): Uncaught ReflectionException: Class \"App\\Policies\\ModelPolicy\" does not exist in Command line code:1
Stack trace:
#0 Command line code(1): ReflectionClass->__construct('App\\\\Policies\\\\Mo...')
#1 [internal function]: {closure}('App\\\\Policies\\\\Mo...', 'App\\\\Model')
#2 Command line code(1): array_map(Object(Closure), Array, Array)
#3 {main}
  thrown at Command line code:1)
[stacktrace]
#0 {main}
"} 
[2025-07-03 22:40:11] local.ERROR: Uncaught ReflectionException: Class "App\Policies\ModelPolicy" does not exist in Command line code:1
Stack trace:
#0 Command line code(1): ReflectionClass->__construct('App\\Policies\\Mo...')
#1 [internal function]: {closure}('App\\Policies\\Mo...', 'App\\Model')
#2 Command line code(1): array_map(Object(Closure), Array, Array)
#3 {main}
  thrown {"exception":"[object] (Symfony\\Component\\ErrorHandler\\Error\\FatalError(code: 0): Uncaught ReflectionException: Class \"App\\Policies\\ModelPolicy\" does not exist in Command line code:1
Stack trace:
#0 Command line code(1): ReflectionClass->__construct('App\\\\Policies\\\\Mo...')
#1 [internal function]: {closure}('App\\\\Policies\\\\Mo...', 'App\\\\Model')
#2 Command line code(1): array_map(Object(Closure), Array, Array)
#3 {main}
  thrown at Command line code:1)
[stacktrace]
#0 {main}
"} 
[2025-07-03 22:41:11] local.ERROR: Uncaught ReflectionException: Class "App\Policies\ModelPolicy" does not exist in Command line code:1
Stack trace:
#0 Command line code(1): ReflectionClass->__construct('App\\Policies\\Mo...')
#1 [internal function]: {closure}('App\\Policies\\Mo...', 'App\\Model')
#2 Command line code(1): array_map(Object(Closure), Array, Array)
#3 {main}
  thrown {"exception":"[object] (Symfony\\Component\\ErrorHandler\\Error\\FatalError(code: 0): Uncaught ReflectionException: Class \"App\\Policies\\ModelPolicy\" does not exist in Command line code:1
Stack trace:
#0 Command line code(1): ReflectionClass->__construct('App\\\\Policies\\\\Mo...')
#1 [internal function]: {closure}('App\\\\Policies\\\\Mo...', 'App\\\\Model')
#2 Command line code(1): array_map(Object(Closure), Array, Array)
#3 {main}
  thrown at Command line code:1)
[stacktrace]
#0 {main}
"} 
[2025-07-03 22:42:11] local.ERROR: Uncaught ReflectionException: Class "App\Policies\ModelPolicy" does not exist in Command line code:1
Stack trace:
#0 Command line code(1): ReflectionClass->__construct('App\\Policies\\Mo...')
#1 [internal function]: {closure}('App\\Policies\\Mo...', 'App\\Model')
#2 Command line code(1): array_map(Object(Closure), Array, Array)
#3 {main}
  thrown {"exception":"[object] (Symfony\\Component\\ErrorHandler\\Error\\FatalError(code: 0): Uncaught ReflectionException: Class \"App\\Policies\\ModelPolicy\" does not exist in Command line code:1
Stack trace:
#0 Command line code(1): ReflectionClass->__construct('App\\\\Policies\\\\Mo...')
#1 [internal function]: {closure}('App\\\\Policies\\\\Mo...', 'App\\\\Model')
#2 Command line code(1): array_map(Object(Closure), Array, Array)
#3 {main}
  thrown at Command line code:1)
[stacktrace]
#0 {main}
"} 
[2025-07-03 22:43:11] local.ERROR: Uncaught ReflectionException: Class "App\Policies\ModelPolicy" does not exist in Command line code:1
Stack trace:
#0 Command line code(1): ReflectionClass->__construct('App\\Policies\\Mo...')
#1 [internal function]: {closure}('App\\Policies\\Mo...', 'App\\Model')
#2 Command line code(1): array_map(Object(Closure), Array, Array)
#3 {main}
  thrown {"exception":"[object] (Symfony\\Component\\ErrorHandler\\Error\\FatalError(code: 0): Uncaught ReflectionException: Class \"App\\Policies\\ModelPolicy\" does not exist in Command line code:1
Stack trace:
#0 Command line code(1): ReflectionClass->__construct('App\\\\Policies\\\\Mo...')
#1 [internal function]: {closure}('App\\\\Policies\\\\Mo...', 'App\\\\Model')
#2 Command line code(1): array_map(Object(Closure), Array, Array)
#3 {main}
  thrown at Command line code:1)
[stacktrace]
#0 {main}
"} 
[2025-07-03 22:44:11] local.ERROR: Uncaught ReflectionException: Class "App\Policies\ModelPolicy" does not exist in Command line code:1
Stack trace:
#0 Command line code(1): ReflectionClass->__construct('App\\Policies\\Mo...')
#1 [internal function]: {closure}('App\\Policies\\Mo...', 'App\\Model')
#2 Command line code(1): array_map(Object(Closure), Array, Array)
#3 {main}
  thrown {"exception":"[object] (Symfony\\Component\\ErrorHandler\\Error\\FatalError(code: 0): Uncaught ReflectionException: Class \"App\\Policies\\ModelPolicy\" does not exist in Command line code:1
Stack trace:
#0 Command line code(1): ReflectionClass->__construct('App\\\\Policies\\\\Mo...')
#1 [internal function]: {closure}('App\\\\Policies\\\\Mo...', 'App\\\\Model')
#2 Command line code(1): array_map(Object(Closure), Array, Array)
#3 {main}
  thrown at Command line code:1)
[stacktrace]
#0 {main}
"} 
[2025-07-03 22:45:11] local.ERROR: Uncaught ReflectionException: Class "App\Policies\ModelPolicy" does not exist in Command line code:1
Stack trace:
#0 Command line code(1): ReflectionClass->__construct('App\\Policies\\Mo...')
#1 [internal function]: {closure}('App\\Policies\\Mo...', 'App\\Model')
#2 Command line code(1): array_map(Object(Closure), Array, Array)
#3 {main}
  thrown {"exception":"[object] (Symfony\\Component\\ErrorHandler\\Error\\FatalError(code: 0): Uncaught ReflectionException: Class \"App\\Policies\\ModelPolicy\" does not exist in Command line code:1
Stack trace:
#0 Command line code(1): ReflectionClass->__construct('App\\\\Policies\\\\Mo...')
#1 [internal function]: {closure}('App\\\\Policies\\\\Mo...', 'App\\\\Model')
#2 Command line code(1): array_map(Object(Closure), Array, Array)
#3 {main}
  thrown at Command line code:1)
[stacktrace]
#0 {main}
"} 
[2025-07-03 22:46:11] local.ERROR: Uncaught ReflectionException: Class "App\Policies\ModelPolicy" does not exist in Command line code:1
Stack trace:
#0 Command line code(1): ReflectionClass->__construct('App\\Policies\\Mo...')
#1 [internal function]: {closure}('App\\Policies\\Mo...', 'App\\Model')
#2 Command line code(1): array_map(Object(Closure), Array, Array)
#3 {main}
  thrown {"exception":"[object] (Symfony\\Component\\ErrorHandler\\Error\\FatalError(code: 0): Uncaught ReflectionException: Class \"App\\Policies\\ModelPolicy\" does not exist in Command line code:1
Stack trace:
#0 Command line code(1): ReflectionClass->__construct('App\\\\Policies\\\\Mo...')
#1 [internal function]: {closure}('App\\\\Policies\\\\Mo...', 'App\\\\Model')
#2 Command line code(1): array_map(Object(Closure), Array, Array)
#3 {main}
  thrown at Command line code:1)
[stacktrace]
#0 {main}
"} 
[2025-07-03 22:47:12] local.ERROR: Uncaught ReflectionException: Class "App\Policies\ModelPolicy" does not exist in Command line code:1
Stack trace:
#0 Command line code(1): ReflectionClass->__construct('App\\Policies\\Mo...')
#1 [internal function]: {closure}('App\\Policies\\Mo...', 'App\\Model')
#2 Command line code(1): array_map(Object(Closure), Array, Array)
#3 {main}
  thrown {"exception":"[object] (Symfony\\Component\\ErrorHandler\\Error\\FatalError(code: 0): Uncaught ReflectionException: Class \"App\\Policies\\ModelPolicy\" does not exist in Command line code:1
Stack trace:
#0 Command line code(1): ReflectionClass->__construct('App\\\\Policies\\\\Mo...')
#1 [internal function]: {closure}('App\\\\Policies\\\\Mo...', 'App\\\\Model')
#2 Command line code(1): array_map(Object(Closure), Array, Array)
#3 {main}
  thrown at Command line code:1)
[stacktrace]
#0 {main}
"} 
[2025-07-03 22:48:11] local.ERROR: Uncaught ReflectionException: Class "App\Policies\ModelPolicy" does not exist in Command line code:1
Stack trace:
#0 Command line code(1): ReflectionClass->__construct('App\\Policies\\Mo...')
#1 [internal function]: {closure}('App\\Policies\\Mo...', 'App\\Model')
#2 Command line code(1): array_map(Object(Closure), Array, Array)
#3 {main}
  thrown {"exception":"[object] (Symfony\\Component\\ErrorHandler\\Error\\FatalError(code: 0): Uncaught ReflectionException: Class \"App\\Policies\\ModelPolicy\" does not exist in Command line code:1
Stack trace:
#0 Command line code(1): ReflectionClass->__construct('App\\\\Policies\\\\Mo...')
#1 [internal function]: {closure}('App\\\\Policies\\\\Mo...', 'App\\\\Model')
#2 Command line code(1): array_map(Object(Closure), Array, Array)
#3 {main}
  thrown at Command line code:1)
[stacktrace]
#0 {main}
"} 
[2025-07-03 22:49:11] local.ERROR: Uncaught ReflectionException: Class "App\Policies\ModelPolicy" does not exist in Command line code:1
Stack trace:
#0 Command line code(1): ReflectionClass->__construct('App\\Policies\\Mo...')
#1 [internal function]: {closure}('App\\Policies\\Mo...', 'App\\Model')
#2 Command line code(1): array_map(Object(Closure), Array, Array)
#3 {main}
  thrown {"exception":"[object] (Symfony\\Component\\ErrorHandler\\Error\\FatalError(code: 0): Uncaught ReflectionException: Class \"App\\Policies\\ModelPolicy\" does not exist in Command line code:1
Stack trace:
#0 Command line code(1): ReflectionClass->__construct('App\\\\Policies\\\\Mo...')
#1 [internal function]: {closure}('App\\\\Policies\\\\Mo...', 'App\\\\Model')
#2 Command line code(1): array_map(Object(Closure), Array, Array)
#3 {main}
  thrown at Command line code:1)
[stacktrace]
#0 {main}
"} 
[2025-07-03 22:50:11] local.ERROR: Uncaught ReflectionException: Class "App\Policies\ModelPolicy" does not exist in Command line code:1
Stack trace:
#0 Command line code(1): ReflectionClass->__construct('App\\Policies\\Mo...')
#1 [internal function]: {closure}('App\\Policies\\Mo...', 'App\\Model')
#2 Command line code(1): array_map(Object(Closure), Array, Array)
#3 {main}
  thrown {"exception":"[object] (Symfony\\Component\\ErrorHandler\\Error\\FatalError(code: 0): Uncaught ReflectionException: Class \"App\\Policies\\ModelPolicy\" does not exist in Command line code:1
Stack trace:
#0 Command line code(1): ReflectionClass->__construct('App\\\\Policies\\\\Mo...')
#1 [internal function]: {closure}('App\\\\Policies\\\\Mo...', 'App\\\\Model')
#2 Command line code(1): array_map(Object(Closure), Array, Array)
#3 {main}
  thrown at Command line code:1)
[stacktrace]
#0 {main}
"} 
[2025-07-03 22:51:11] local.ERROR: Uncaught ReflectionException: Class "App\Policies\ModelPolicy" does not exist in Command line code:1
Stack trace:
#0 Command line code(1): ReflectionClass->__construct('App\\Policies\\Mo...')
#1 [internal function]: {closure}('App\\Policies\\Mo...', 'App\\Model')
#2 Command line code(1): array_map(Object(Closure), Array, Array)
#3 {main}
  thrown {"exception":"[object] (Symfony\\Component\\ErrorHandler\\Error\\FatalError(code: 0): Uncaught ReflectionException: Class \"App\\Policies\\ModelPolicy\" does not exist in Command line code:1
Stack trace:
#0 Command line code(1): ReflectionClass->__construct('App\\\\Policies\\\\Mo...')
#1 [internal function]: {closure}('App\\\\Policies\\\\Mo...', 'App\\\\Model')
#2 Command line code(1): array_map(Object(Closure), Array, Array)
#3 {main}
  thrown at Command line code:1)
[stacktrace]
#0 {main}
"} 
[2025-07-03 22:52:11] local.ERROR: Uncaught ReflectionException: Class "App\Policies\ModelPolicy" does not exist in Command line code:1
Stack trace:
#0 Command line code(1): ReflectionClass->__construct('App\\Policies\\Mo...')
#1 [internal function]: {closure}('App\\Policies\\Mo...', 'App\\Model')
#2 Command line code(1): array_map(Object(Closure), Array, Array)
#3 {main}
  thrown {"exception":"[object] (Symfony\\Component\\ErrorHandler\\Error\\FatalError(code: 0): Uncaught ReflectionException: Class \"App\\Policies\\ModelPolicy\" does not exist in Command line code:1
Stack trace:
#0 Command line code(1): ReflectionClass->__construct('App\\\\Policies\\\\Mo...')
#1 [internal function]: {closure}('App\\\\Policies\\\\Mo...', 'App\\\\Model')
#2 Command line code(1): array_map(Object(Closure), Array, Array)
#3 {main}
  thrown at Command line code:1)
[stacktrace]
#0 {main}
"} 
[2025-07-03 22:53:12] local.ERROR: Uncaught ReflectionException: Class "App\Policies\ModelPolicy" does not exist in Command line code:1
Stack trace:
#0 Command line code(1): ReflectionClass->__construct('App\\Policies\\Mo...')
#1 [internal function]: {closure}('App\\Policies\\Mo...', 'App\\Model')
#2 Command line code(1): array_map(Object(Closure), Array, Array)
#3 {main}
  thrown {"exception":"[object] (Symfony\\Component\\ErrorHandler\\Error\\FatalError(code: 0): Uncaught ReflectionException: Class \"App\\Policies\\ModelPolicy\" does not exist in Command line code:1
Stack trace:
#0 Command line code(1): ReflectionClass->__construct('App\\\\Policies\\\\Mo...')
#1 [internal function]: {closure}('App\\\\Policies\\\\Mo...', 'App\\\\Model')
#2 Command line code(1): array_map(Object(Closure), Array, Array)
#3 {main}
  thrown at Command line code:1)
[stacktrace]
#0 {main}
"} 
[2025-07-03 22:54:11] local.ERROR: Uncaught ReflectionException: Class "App\Policies\ModelPolicy" does not exist in Command line code:1
Stack trace:
#0 Command line code(1): ReflectionClass->__construct('App\\Policies\\Mo...')
#1 [internal function]: {closure}('App\\Policies\\Mo...', 'App\\Model')
#2 Command line code(1): array_map(Object(Closure), Array, Array)
#3 {main}
  thrown {"exception":"[object] (Symfony\\Component\\ErrorHandler\\Error\\FatalError(code: 0): Uncaught ReflectionException: Class \"App\\Policies\\ModelPolicy\" does not exist in Command line code:1
Stack trace:
#0 Command line code(1): ReflectionClass->__construct('App\\\\Policies\\\\Mo...')
#1 [internal function]: {closure}('App\\\\Policies\\\\Mo...', 'App\\\\Model')
#2 Command line code(1): array_map(Object(Closure), Array, Array)
#3 {main}
  thrown at Command line code:1)
[stacktrace]
#0 {main}
"} 
[2025-07-03 22:55:11] local.ERROR: Uncaught ReflectionException: Class "App\Policies\ModelPolicy" does not exist in Command line code:1
Stack trace:
#0 Command line code(1): ReflectionClass->__construct('App\\Policies\\Mo...')
#1 [internal function]: {closure}('App\\Policies\\Mo...', 'App\\Model')
#2 Command line code(1): array_map(Object(Closure), Array, Array)
#3 {main}
  thrown {"exception":"[object] (Symfony\\Component\\ErrorHandler\\Error\\FatalError(code: 0): Uncaught ReflectionException: Class \"App\\Policies\\ModelPolicy\" does not exist in Command line code:1
Stack trace:
#0 Command line code(1): ReflectionClass->__construct('App\\\\Policies\\\\Mo...')
#1 [internal function]: {closure}('App\\\\Policies\\\\Mo...', 'App\\\\Model')
#2 Command line code(1): array_map(Object(Closure), Array, Array)
#3 {main}
  thrown at Command line code:1)
[stacktrace]
#0 {main}
"} 
[2025-07-03 22:56:11] local.ERROR: Uncaught ReflectionException: Class "App\Policies\ModelPolicy" does not exist in Command line code:1
Stack trace:
#0 Command line code(1): ReflectionClass->__construct('App\\Policies\\Mo...')
#1 [internal function]: {closure}('App\\Policies\\Mo...', 'App\\Model')
#2 Command line code(1): array_map(Object(Closure), Array, Array)
#3 {main}
  thrown {"exception":"[object] (Symfony\\Component\\ErrorHandler\\Error\\FatalError(code: 0): Uncaught ReflectionException: Class \"App\\Policies\\ModelPolicy\" does not exist in Command line code:1
Stack trace:
#0 Command line code(1): ReflectionClass->__construct('App\\\\Policies\\\\Mo...')
#1 [internal function]: {closure}('App\\\\Policies\\\\Mo...', 'App\\\\Model')
#2 Command line code(1): array_map(Object(Closure), Array, Array)
#3 {main}
  thrown at Command line code:1)
[stacktrace]
#0 {main}
"} 
[2025-07-03 22:57:11] local.ERROR: Uncaught ReflectionException: Class "App\Policies\ModelPolicy" does not exist in Command line code:1
Stack trace:
#0 Command line code(1): ReflectionClass->__construct('App\\Policies\\Mo...')
#1 [internal function]: {closure}('App\\Policies\\Mo...', 'App\\Model')
#2 Command line code(1): array_map(Object(Closure), Array, Array)
#3 {main}
  thrown {"exception":"[object] (Symfony\\Component\\ErrorHandler\\Error\\FatalError(code: 0): Uncaught ReflectionException: Class \"App\\Policies\\ModelPolicy\" does not exist in Command line code:1
Stack trace:
#0 Command line code(1): ReflectionClass->__construct('App\\\\Policies\\\\Mo...')
#1 [internal function]: {closure}('App\\\\Policies\\\\Mo...', 'App\\\\Model')
#2 Command line code(1): array_map(Object(Closure), Array, Array)
#3 {main}
  thrown at Command line code:1)
[stacktrace]
#0 {main}
"} 
[2025-07-03 22:58:11] local.ERROR: Uncaught ReflectionException: Class "App\Policies\ModelPolicy" does not exist in Command line code:1
Stack trace:
#0 Command line code(1): ReflectionClass->__construct('App\\Policies\\Mo...')
#1 [internal function]: {closure}('App\\Policies\\Mo...', 'App\\Model')
#2 Command line code(1): array_map(Object(Closure), Array, Array)
#3 {main}
  thrown {"exception":"[object] (Symfony\\Component\\ErrorHandler\\Error\\FatalError(code: 0): Uncaught ReflectionException: Class \"App\\Policies\\ModelPolicy\" does not exist in Command line code:1
Stack trace:
#0 Command line code(1): ReflectionClass->__construct('App\\\\Policies\\\\Mo...')
#1 [internal function]: {closure}('App\\\\Policies\\\\Mo...', 'App\\\\Model')
#2 Command line code(1): array_map(Object(Closure), Array, Array)
#3 {main}
  thrown at Command line code:1)
[stacktrace]
#0 {main}
"} 
[2025-07-03 22:59:11] local.ERROR: Uncaught ReflectionException: Class "App\Policies\ModelPolicy" does not exist in Command line code:1
Stack trace:
#0 Command line code(1): ReflectionClass->__construct('App\\Policies\\Mo...')
#1 [internal function]: {closure}('App\\Policies\\Mo...', 'App\\Model')
#2 Command line code(1): array_map(Object(Closure), Array, Array)
#3 {main}
  thrown {"exception":"[object] (Symfony\\Component\\ErrorHandler\\Error\\FatalError(code: 0): Uncaught ReflectionException: Class \"App\\Policies\\ModelPolicy\" does not exist in Command line code:1
Stack trace:
#0 Command line code(1): ReflectionClass->__construct('App\\\\Policies\\\\Mo...')
#1 [internal function]: {closure}('App\\\\Policies\\\\Mo...', 'App\\\\Model')
#2 Command line code(1): array_map(Object(Closure), Array, Array)
#3 {main}
  thrown at Command line code:1)
[stacktrace]
#0 {main}
"} 
[2025-07-03 23:00:11] local.ERROR: Uncaught ReflectionException: Class "App\Policies\ModelPolicy" does not exist in Command line code:1
Stack trace:
#0 Command line code(1): ReflectionClass->__construct('App\\Policies\\Mo...')
#1 [internal function]: {closure}('App\\Policies\\Mo...', 'App\\Model')
#2 Command line code(1): array_map(Object(Closure), Array, Array)
#3 {main}
  thrown {"exception":"[object] (Symfony\\Component\\ErrorHandler\\Error\\FatalError(code: 0): Uncaught ReflectionException: Class \"App\\Policies\\ModelPolicy\" does not exist in Command line code:1
Stack trace:
#0 Command line code(1): ReflectionClass->__construct('App\\\\Policies\\\\Mo...')
#1 [internal function]: {closure}('App\\\\Policies\\\\Mo...', 'App\\\\Model')
#2 Command line code(1): array_map(Object(Closure), Array, Array)
#3 {main}
  thrown at Command line code:1)
[stacktrace]
#0 {main}
"} 
[2025-07-03 23:01:11] local.ERROR: Uncaught ReflectionException: Class "App\Policies\ModelPolicy" does not exist in Command line code:1
Stack trace:
#0 Command line code(1): ReflectionClass->__construct('App\\Policies\\Mo...')
#1 [internal function]: {closure}('App\\Policies\\Mo...', 'App\\Model')
#2 Command line code(1): array_map(Object(Closure), Array, Array)
#3 {main}
  thrown {"exception":"[object] (Symfony\\Component\\ErrorHandler\\Error\\FatalError(code: 0): Uncaught ReflectionException: Class \"App\\Policies\\ModelPolicy\" does not exist in Command line code:1
Stack trace:
#0 Command line code(1): ReflectionClass->__construct('App\\\\Policies\\\\Mo...')
#1 [internal function]: {closure}('App\\\\Policies\\\\Mo...', 'App\\\\Model')
#2 Command line code(1): array_map(Object(Closure), Array, Array)
#3 {main}
  thrown at Command line code:1)
[stacktrace]
#0 {main}
"} 
[2025-07-03 23:02:11] local.ERROR: Uncaught ReflectionException: Class "App\Policies\ModelPolicy" does not exist in Command line code:1
Stack trace:
#0 Command line code(1): ReflectionClass->__construct('App\\Policies\\Mo...')
#1 [internal function]: {closure}('App\\Policies\\Mo...', 'App\\Model')
#2 Command line code(1): array_map(Object(Closure), Array, Array)
#3 {main}
  thrown {"exception":"[object] (Symfony\\Component\\ErrorHandler\\Error\\FatalError(code: 0): Uncaught ReflectionException: Class \"App\\Policies\\ModelPolicy\" does not exist in Command line code:1
Stack trace:
#0 Command line code(1): ReflectionClass->__construct('App\\\\Policies\\\\Mo...')
#1 [internal function]: {closure}('App\\\\Policies\\\\Mo...', 'App\\\\Model')
#2 Command line code(1): array_map(Object(Closure), Array, Array)
#3 {main}
  thrown at Command line code:1)
[stacktrace]
#0 {main}
"} 
[2025-07-03 23:57:44] local.ERROR: Uncaught ReflectionException: Class "App\Policies\ModelPolicy" does not exist in Command line code:1
Stack trace:
#0 Command line code(1): ReflectionClass->__construct('App\\Policies\\Mo...')
#1 [internal function]: {closure}('App\\Policies\\Mo...', 'App\\Model')
#2 Command line code(1): array_map(Object(Closure), Array, Array)
#3 {main}
  thrown {"exception":"[object] (Symfony\\Component\\ErrorHandler\\Error\\FatalError(code: 0): Uncaught ReflectionException: Class \"App\\Policies\\ModelPolicy\" does not exist in Command line code:1
Stack trace:
#0 Command line code(1): ReflectionClass->__construct('App\\\\Policies\\\\Mo...')
#1 [internal function]: {closure}('App\\\\Policies\\\\Mo...', 'App\\\\Model')
#2 Command line code(1): array_map(Object(Closure), Array, Array)
#3 {main}
  thrown at Command line code:1)
[stacktrace]
#0 {main}
"} 
[2025-07-03 23:58:35] local.ERROR: Uncaught ReflectionException: Class "App\Policies\ModelPolicy" does not exist in Command line code:1
Stack trace:
#0 Command line code(1): ReflectionClass->__construct('App\\Policies\\Mo...')
#1 [internal function]: {closure}('App\\Policies\\Mo...', 'App\\Model')
#2 Command line code(1): array_map(Object(Closure), Array, Array)
#3 {main}
  thrown {"exception":"[object] (Symfony\\Component\\ErrorHandler\\Error\\FatalError(code: 0): Uncaught ReflectionException: Class \"App\\Policies\\ModelPolicy\" does not exist in Command line code:1
Stack trace:
#0 Command line code(1): ReflectionClass->__construct('App\\\\Policies\\\\Mo...')
#1 [internal function]: {closure}('App\\\\Policies\\\\Mo...', 'App\\\\Model')
#2 Command line code(1): array_map(Object(Closure), Array, Array)
#3 {main}
  thrown at Command line code:1)
[stacktrace]
#0 {main}
"} 
[2025-07-03 23:59:35] local.ERROR: Uncaught ReflectionException: Class "App\Policies\ModelPolicy" does not exist in Command line code:1
Stack trace:
#0 Command line code(1): ReflectionClass->__construct('App\\Policies\\Mo...')
#1 [internal function]: {closure}('App\\Policies\\Mo...', 'App\\Model')
#2 Command line code(1): array_map(Object(Closure), Array, Array)
#3 {main}
  thrown {"exception":"[object] (Symfony\\Component\\ErrorHandler\\Error\\FatalError(code: 0): Uncaught ReflectionException: Class \"App\\Policies\\ModelPolicy\" does not exist in Command line code:1
Stack trace:
#0 Command line code(1): ReflectionClass->__construct('App\\\\Policies\\\\Mo...')
#1 [internal function]: {closure}('App\\\\Policies\\\\Mo...', 'App\\\\Model')
#2 Command line code(1): array_map(Object(Closure), Array, Array)
#3 {main}
  thrown at Command line code:1)
[stacktrace]
#0 {main}
"} 
