[2025-07-05 19:44:48] local.ERROR: Uncaught ReflectionException: Class "App\Policies\ModelPolicy" does not exist in Command line code:1
Stack trace:
#0 Command line code(1): ReflectionClass->__construct('App\\Policies\\Mo...')
#1 [internal function]: {closure}('App\\Policies\\Mo...', 'App\\Model')
#2 Command line code(1): array_map(Object(Closure), Array, Array)
#3 {main}
  thrown {"exception":"[object] (Symfony\\Component\\ErrorHandler\\Error\\FatalError(code: 0): Uncaught ReflectionException: Class \"App\\Policies\\ModelPolicy\" does not exist in Command line code:1
Stack trace:
#0 Command line code(1): ReflectionClass->__construct('App\\\\Policies\\\\Mo...')
#1 [internal function]: {closure}('App\\\\Policies\\\\Mo...', 'App\\\\Model')
#2 Command line code(1): array_map(Object(Closure), Array, Array)
#3 {main}
  thrown at Command line code:1)
[stacktrace]
#0 {main}
"} 
[2025-07-05 19:45:18] local.ERROR: Uncaught ReflectionException: Class "App\Policies\ModelPolicy" does not exist in Command line code:1
Stack trace:
#0 Command line code(1): ReflectionClass->__construct('App\\Policies\\Mo...')
#1 [internal function]: {closure}('App\\Policies\\Mo...', 'App\\Model')
#2 Command line code(1): array_map(Object(Closure), Array, Array)
#3 {main}
  thrown {"exception":"[object] (Symfony\\Component\\ErrorHandler\\Error\\FatalError(code: 0): Uncaught ReflectionException: Class \"App\\Policies\\ModelPolicy\" does not exist in Command line code:1
Stack trace:
#0 Command line code(1): ReflectionClass->__construct('App\\\\Policies\\\\Mo...')
#1 [internal function]: {closure}('App\\\\Policies\\\\Mo...', 'App\\\\Model')
#2 Command line code(1): array_map(Object(Closure), Array, Array)
#3 {main}
  thrown at Command line code:1)
[stacktrace]
#0 {main}
"} 
[2025-07-05 19:46:17] local.ERROR: Uncaught ReflectionException: Class "App\Policies\ModelPolicy" does not exist in Command line code:1
Stack trace:
#0 Command line code(1): ReflectionClass->__construct('App\\Policies\\Mo...')
#1 [internal function]: {closure}('App\\Policies\\Mo...', 'App\\Model')
#2 Command line code(1): array_map(Object(Closure), Array, Array)
#3 {main}
  thrown {"exception":"[object] (Symfony\\Component\\ErrorHandler\\Error\\FatalError(code: 0): Uncaught ReflectionException: Class \"App\\Policies\\ModelPolicy\" does not exist in Command line code:1
Stack trace:
#0 Command line code(1): ReflectionClass->__construct('App\\\\Policies\\\\Mo...')
#1 [internal function]: {closure}('App\\\\Policies\\\\Mo...', 'App\\\\Model')
#2 Command line code(1): array_map(Object(Closure), Array, Array)
#3 {main}
  thrown at Command line code:1)
[stacktrace]
#0 {main}
"} 
[2025-07-05 19:47:18] local.ERROR: Uncaught ReflectionException: Class "App\Policies\ModelPolicy" does not exist in Command line code:1
Stack trace:
#0 Command line code(1): ReflectionClass->__construct('App\\Policies\\Mo...')
#1 [internal function]: {closure}('App\\Policies\\Mo...', 'App\\Model')
#2 Command line code(1): array_map(Object(Closure), Array, Array)
#3 {main}
  thrown {"exception":"[object] (Symfony\\Component\\ErrorHandler\\Error\\FatalError(code: 0): Uncaught ReflectionException: Class \"App\\Policies\\ModelPolicy\" does not exist in Command line code:1
Stack trace:
#0 Command line code(1): ReflectionClass->__construct('App\\\\Policies\\\\Mo...')
#1 [internal function]: {closure}('App\\\\Policies\\\\Mo...', 'App\\\\Model')
#2 Command line code(1): array_map(Object(Closure), Array, Array)
#3 {main}
  thrown at Command line code:1)
[stacktrace]
#0 {main}
"} 
[2025-07-05 19:48:17] local.ERROR: Uncaught ReflectionException: Class "App\Policies\ModelPolicy" does not exist in Command line code:1
Stack trace:
#0 Command line code(1): ReflectionClass->__construct('App\\Policies\\Mo...')
#1 [internal function]: {closure}('App\\Policies\\Mo...', 'App\\Model')
#2 Command line code(1): array_map(Object(Closure), Array, Array)
#3 {main}
  thrown {"exception":"[object] (Symfony\\Component\\ErrorHandler\\Error\\FatalError(code: 0): Uncaught ReflectionException: Class \"App\\Policies\\ModelPolicy\" does not exist in Command line code:1
Stack trace:
#0 Command line code(1): ReflectionClass->__construct('App\\\\Policies\\\\Mo...')
#1 [internal function]: {closure}('App\\\\Policies\\\\Mo...', 'App\\\\Model')
#2 Command line code(1): array_map(Object(Closure), Array, Array)
#3 {main}
  thrown at Command line code:1)
[stacktrace]
#0 {main}
"} 
[2025-07-05 19:49:18] local.ERROR: Uncaught ReflectionException: Class "App\Policies\ModelPolicy" does not exist in Command line code:1
Stack trace:
#0 Command line code(1): ReflectionClass->__construct('App\\Policies\\Mo...')
#1 [internal function]: {closure}('App\\Policies\\Mo...', 'App\\Model')
#2 Command line code(1): array_map(Object(Closure), Array, Array)
#3 {main}
  thrown {"exception":"[object] (Symfony\\Component\\ErrorHandler\\Error\\FatalError(code: 0): Uncaught ReflectionException: Class \"App\\Policies\\ModelPolicy\" does not exist in Command line code:1
Stack trace:
#0 Command line code(1): ReflectionClass->__construct('App\\\\Policies\\\\Mo...')
#1 [internal function]: {closure}('App\\\\Policies\\\\Mo...', 'App\\\\Model')
#2 Command line code(1): array_map(Object(Closure), Array, Array)
#3 {main}
  thrown at Command line code:1)
[stacktrace]
#0 {main}
"} 
[2025-07-05 19:50:02] local.ERROR: Attempt to read property "price" on null {"userId":194,"exception":"[object] (ErrorException(code: 0): Attempt to read property \"price\" on null at C:\\laragon\\www\\thugos\\app\\Http\\Controllers\\HomeController.php:481)
[stacktrace]
#0 C:\\laragon\\www\\thugos\\app\\Http\\Controllers\\HomeController.php(481): Illuminate\\Foundation\\Bootstrap\\HandleExceptions->handleError(2, 'Attempt to read...', 'C:\\\\laragon\\\\www\\\\...', 481)
#1 C:\\laragon\\www\\thugos\\vendor\\laravel\\framework\\src\\Illuminate\\Routing\\Controller.php(54): App\\Http\\Controllers\\HomeController->variant_price(Object(Illuminate\\Http\\Request))
#2 C:\\laragon\\www\\thugos\\vendor\\laravel\\framework\\src\\Illuminate\\Routing\\ControllerDispatcher.php(45): Illuminate\\Routing\\Controller->callAction('variant_price', Array)
#3 C:\\laragon\\www\\thugos\\vendor\\laravel\\framework\\src\\Illuminate\\Routing\\Route.php(261): Illuminate\\Routing\\ControllerDispatcher->dispatch(Object(Illuminate\\Routing\\Route), Object(App\\Http\\Controllers\\HomeController), 'variant_price')
#4 C:\\laragon\\www\\thugos\\vendor\\laravel\\framework\\src\\Illuminate\\Routing\\Route.php(205): Illuminate\\Routing\\Route->runController()
#5 C:\\laragon\\www\\thugos\\vendor\\laravel\\framework\\src\\Illuminate\\Routing\\Router.php(721): Illuminate\\Routing\\Route->run()
#6 C:\\laragon\\www\\thugos\\vendor\\laravel\\framework\\src\\Illuminate\\Pipeline\\Pipeline.php(128): Illuminate\\Routing\\Router->Illuminate\\Routing\\{closure}(Object(Illuminate\\Http\\Request))
#7 C:\\laragon\\www\\thugos\\app\\Http\\Middleware\\CheckForMaintenanceMode.php(58): Illuminate\\Pipeline\\Pipeline->Illuminate\\Pipeline\\{closure}(Object(Illuminate\\Http\\Request))
#8 C:\\laragon\\www\\thugos\\vendor\\laravel\\framework\\src\\Illuminate\\Pipeline\\Pipeline.php(167): App\\Http\\Middleware\\CheckForMaintenanceMode->handle(Object(Illuminate\\Http\\Request), Object(Closure))
#9 C:\\laragon\\www\\thugos\\app\\Http\\Middleware\\HttpsProtocol.php(20): Illuminate\\Pipeline\\Pipeline->Illuminate\\Pipeline\\{closure}(Object(Illuminate\\Http\\Request))
#10 C:\\laragon\\www\\thugos\\vendor\\laravel\\framework\\src\\Illuminate\\Pipeline\\Pipeline.php(167): App\\Http\\Middleware\\HttpsProtocol->handle(Object(Illuminate\\Http\\Request), Object(Closure))
#11 C:\\laragon\\www\\thugos\\app\\Http\\Middleware\\Language.php(31): Illuminate\\Pipeline\\Pipeline->Illuminate\\Pipeline\\{closure}(Object(Illuminate\\Http\\Request))
#12 C:\\laragon\\www\\thugos\\vendor\\laravel\\framework\\src\\Illuminate\\Pipeline\\Pipeline.php(167): App\\Http\\Middleware\\Language->handle(Object(Illuminate\\Http\\Request), Object(Closure))
#13 C:\\laragon\\www\\thugos\\vendor\\laravel\\framework\\src\\Illuminate\\Routing\\Middleware\\SubstituteBindings.php(50): Illuminate\\Pipeline\\Pipeline->Illuminate\\Pipeline\\{closure}(Object(Illuminate\\Http\\Request))
#14 C:\\laragon\\www\\thugos\\vendor\\laravel\\framework\\src\\Illuminate\\Pipeline\\Pipeline.php(167): Illuminate\\Routing\\Middleware\\SubstituteBindings->handle(Object(Illuminate\\Http\\Request), Object(Closure))
#15 C:\\laragon\\www\\thugos\\vendor\\laravel\\framework\\src\\Illuminate\\Foundation\\Http\\Middleware\\VerifyCsrfToken.php(78): Illuminate\\Pipeline\\Pipeline->Illuminate\\Pipeline\\{closure}(Object(Illuminate\\Http\\Request))
#16 C:\\laragon\\www\\thugos\\vendor\\laravel\\framework\\src\\Illuminate\\Pipeline\\Pipeline.php(167): Illuminate\\Foundation\\Http\\Middleware\\VerifyCsrfToken->handle(Object(Illuminate\\Http\\Request), Object(Closure))
#17 C:\\laragon\\www\\thugos\\vendor\\laravel\\framework\\src\\Illuminate\\View\\Middleware\\ShareErrorsFromSession.php(49): Illuminate\\Pipeline\\Pipeline->Illuminate\\Pipeline\\{closure}(Object(Illuminate\\Http\\Request))
#18 C:\\laragon\\www\\thugos\\vendor\\laravel\\framework\\src\\Illuminate\\Pipeline\\Pipeline.php(167): Illuminate\\View\\Middleware\\ShareErrorsFromSession->handle(Object(Illuminate\\Http\\Request), Object(Closure))
#19 C:\\laragon\\www\\thugos\\vendor\\laravel\\framework\\src\\Illuminate\\Session\\Middleware\\StartSession.php(121): Illuminate\\Pipeline\\Pipeline->Illuminate\\Pipeline\\{closure}(Object(Illuminate\\Http\\Request))
#20 C:\\laragon\\www\\thugos\\vendor\\laravel\\framework\\src\\Illuminate\\Session\\Middleware\\StartSession.php(64): Illuminate\\Session\\Middleware\\StartSession->handleStatefulRequest(Object(Illuminate\\Http\\Request), Object(Illuminate\\Session\\Store), Object(Closure))
#21 C:\\laragon\\www\\thugos\\vendor\\laravel\\framework\\src\\Illuminate\\Pipeline\\Pipeline.php(167): Illuminate\\Session\\Middleware\\StartSession->handle(Object(Illuminate\\Http\\Request), Object(Closure))
#22 C:\\laragon\\www\\thugos\\vendor\\laravel\\framework\\src\\Illuminate\\Cookie\\Middleware\\AddQueuedCookiesToResponse.php(37): Illuminate\\Pipeline\\Pipeline->Illuminate\\Pipeline\\{closure}(Object(Illuminate\\Http\\Request))
#23 C:\\laragon\\www\\thugos\\vendor\\laravel\\framework\\src\\Illuminate\\Pipeline\\Pipeline.php(167): Illuminate\\Cookie\\Middleware\\AddQueuedCookiesToResponse->handle(Object(Illuminate\\Http\\Request), Object(Closure))
#24 C:\\laragon\\www\\thugos\\vendor\\laravel\\framework\\src\\Illuminate\\Pipeline\\Pipeline.php(103): Illuminate\\Pipeline\\Pipeline->Illuminate\\Pipeline\\{closure}(Object(Illuminate\\Http\\Request))
#25 C:\\laragon\\www\\thugos\\vendor\\laravel\\framework\\src\\Illuminate\\Routing\\Router.php(719): Illuminate\\Pipeline\\Pipeline->then(Object(Closure))
#26 C:\\laragon\\www\\thugos\\vendor\\laravel\\framework\\src\\Illuminate\\Routing\\Router.php(698): Illuminate\\Routing\\Router->runRouteWithinStack(Object(Illuminate\\Routing\\Route), Object(Illuminate\\Http\\Request))
#27 C:\\laragon\\www\\thugos\\vendor\\laravel\\framework\\src\\Illuminate\\Routing\\Router.php(662): Illuminate\\Routing\\Router->runRoute(Object(Illuminate\\Http\\Request), Object(Illuminate\\Routing\\Route))
#28 C:\\laragon\\www\\thugos\\vendor\\laravel\\framework\\src\\Illuminate\\Routing\\Router.php(651): Illuminate\\Routing\\Router->dispatchToRoute(Object(Illuminate\\Http\\Request))
#29 C:\\laragon\\www\\thugos\\vendor\\laravel\\framework\\src\\Illuminate\\Foundation\\Http\\Kernel.php(167): Illuminate\\Routing\\Router->dispatch(Object(Illuminate\\Http\\Request))
#30 C:\\laragon\\www\\thugos\\vendor\\laravel\\framework\\src\\Illuminate\\Pipeline\\Pipeline.php(128): Illuminate\\Foundation\\Http\\Kernel->Illuminate\\Foundation\\Http\\{closure}(Object(Illuminate\\Http\\Request))
#31 C:\\laragon\\www\\thugos\\vendor\\barryvdh\\laravel-debugbar\\src\\Middleware\\InjectDebugbar.php(66): Illuminate\\Pipeline\\Pipeline->Illuminate\\Pipeline\\{closure}(Object(Illuminate\\Http\\Request))
#32 C:\\laragon\\www\\thugos\\vendor\\laravel\\framework\\src\\Illuminate\\Pipeline\\Pipeline.php(167): Barryvdh\\Debugbar\\Middleware\\InjectDebugbar->handle(Object(Illuminate\\Http\\Request), Object(Closure))
#33 C:\\laragon\\www\\thugos\\vendor\\fideloper\\proxy\\src\\TrustProxies.php(57): Illuminate\\Pipeline\\Pipeline->Illuminate\\Pipeline\\{closure}(Object(Illuminate\\Http\\Request))
#34 C:\\laragon\\www\\thugos\\vendor\\laravel\\framework\\src\\Illuminate\\Pipeline\\Pipeline.php(167): Fideloper\\Proxy\\TrustProxies->handle(Object(Illuminate\\Http\\Request), Object(Closure))
#35 C:\\laragon\\www\\thugos\\vendor\\laravel\\framework\\src\\Illuminate\\Foundation\\Http\\Middleware\\TransformsRequest.php(21): Illuminate\\Pipeline\\Pipeline->Illuminate\\Pipeline\\{closure}(Object(Illuminate\\Http\\Request))
#36 C:\\laragon\\www\\thugos\\vendor\\laravel\\framework\\src\\Illuminate\\Foundation\\Http\\Middleware\\ConvertEmptyStringsToNull.php(31): Illuminate\\Foundation\\Http\\Middleware\\TransformsRequest->handle(Object(Illuminate\\Http\\Request), Object(Closure))
#37 C:\\laragon\\www\\thugos\\vendor\\laravel\\framework\\src\\Illuminate\\Pipeline\\Pipeline.php(167): Illuminate\\Foundation\\Http\\Middleware\\ConvertEmptyStringsToNull->handle(Object(Illuminate\\Http\\Request), Object(Closure))
#38 C:\\laragon\\www\\thugos\\vendor\\laravel\\framework\\src\\Illuminate\\Foundation\\Http\\Middleware\\TransformsRequest.php(21): Illuminate\\Pipeline\\Pipeline->Illuminate\\Pipeline\\{closure}(Object(Illuminate\\Http\\Request))
#39 C:\\laragon\\www\\thugos\\vendor\\laravel\\framework\\src\\Illuminate\\Foundation\\Http\\Middleware\\TrimStrings.php(40): Illuminate\\Foundation\\Http\\Middleware\\TransformsRequest->handle(Object(Illuminate\\Http\\Request), Object(Closure))
#40 C:\\laragon\\www\\thugos\\vendor\\laravel\\framework\\src\\Illuminate\\Pipeline\\Pipeline.php(167): Illuminate\\Foundation\\Http\\Middleware\\TrimStrings->handle(Object(Illuminate\\Http\\Request), Object(Closure))
#41 C:\\laragon\\www\\thugos\\vendor\\laravel\\framework\\src\\Illuminate\\Foundation\\Http\\Middleware\\ValidatePostSize.php(27): Illuminate\\Pipeline\\Pipeline->Illuminate\\Pipeline\\{closure}(Object(Illuminate\\Http\\Request))
#42 C:\\laragon\\www\\thugos\\vendor\\laravel\\framework\\src\\Illuminate\\Pipeline\\Pipeline.php(167): Illuminate\\Foundation\\Http\\Middleware\\ValidatePostSize->handle(Object(Illuminate\\Http\\Request), Object(Closure))
#43 C:\\laragon\\www\\thugos\\vendor\\laravel\\framework\\src\\Illuminate\\Pipeline\\Pipeline.php(103): Illuminate\\Pipeline\\Pipeline->Illuminate\\Pipeline\\{closure}(Object(Illuminate\\Http\\Request))
#44 C:\\laragon\\www\\thugos\\vendor\\laravel\\framework\\src\\Illuminate\\Foundation\\Http\\Kernel.php(142): Illuminate\\Pipeline\\Pipeline->then(Object(Closure))
#45 C:\\laragon\\www\\thugos\\vendor\\laravel\\framework\\src\\Illuminate\\Foundation\\Http\\Kernel.php(111): Illuminate\\Foundation\\Http\\Kernel->sendRequestThroughRouter(Object(Illuminate\\Http\\Request))
#46 C:\\laragon\\www\\thugos\\index.php(56): Illuminate\\Foundation\\Http\\Kernel->handle(Object(Illuminate\\Http\\Request))
#47 {main}
"} 
[2025-07-05 19:50:11] local.ERROR: Attempt to read property "price" on null {"userId":194,"exception":"[object] (ErrorException(code: 0): Attempt to read property \"price\" on null at C:\\laragon\\www\\thugos\\app\\Http\\Controllers\\CartController.php:108)
[stacktrace]
#0 C:\\laragon\\www\\thugos\\app\\Http\\Controllers\\CartController.php(108): Illuminate\\Foundation\\Bootstrap\\HandleExceptions->handleError(2, 'Attempt to read...', 'C:\\\\laragon\\\\www\\\\...', 108)
#1 C:\\laragon\\www\\thugos\\vendor\\laravel\\framework\\src\\Illuminate\\Routing\\Controller.php(54): App\\Http\\Controllers\\CartController->addToCart(Object(Illuminate\\Http\\Request))
#2 C:\\laragon\\www\\thugos\\vendor\\laravel\\framework\\src\\Illuminate\\Routing\\ControllerDispatcher.php(45): Illuminate\\Routing\\Controller->callAction('addToCart', Array)
#3 C:\\laragon\\www\\thugos\\vendor\\laravel\\framework\\src\\Illuminate\\Routing\\Route.php(261): Illuminate\\Routing\\ControllerDispatcher->dispatch(Object(Illuminate\\Routing\\Route), Object(App\\Http\\Controllers\\CartController), 'addToCart')
#4 C:\\laragon\\www\\thugos\\vendor\\laravel\\framework\\src\\Illuminate\\Routing\\Route.php(205): Illuminate\\Routing\\Route->runController()
#5 C:\\laragon\\www\\thugos\\vendor\\laravel\\framework\\src\\Illuminate\\Routing\\Router.php(721): Illuminate\\Routing\\Route->run()
#6 C:\\laragon\\www\\thugos\\vendor\\laravel\\framework\\src\\Illuminate\\Pipeline\\Pipeline.php(128): Illuminate\\Routing\\Router->Illuminate\\Routing\\{closure}(Object(Illuminate\\Http\\Request))
#7 C:\\laragon\\www\\thugos\\app\\Http\\Middleware\\CheckForMaintenanceMode.php(58): Illuminate\\Pipeline\\Pipeline->Illuminate\\Pipeline\\{closure}(Object(Illuminate\\Http\\Request))
#8 C:\\laragon\\www\\thugos\\vendor\\laravel\\framework\\src\\Illuminate\\Pipeline\\Pipeline.php(167): App\\Http\\Middleware\\CheckForMaintenanceMode->handle(Object(Illuminate\\Http\\Request), Object(Closure))
#9 C:\\laragon\\www\\thugos\\app\\Http\\Middleware\\HttpsProtocol.php(20): Illuminate\\Pipeline\\Pipeline->Illuminate\\Pipeline\\{closure}(Object(Illuminate\\Http\\Request))
#10 C:\\laragon\\www\\thugos\\vendor\\laravel\\framework\\src\\Illuminate\\Pipeline\\Pipeline.php(167): App\\Http\\Middleware\\HttpsProtocol->handle(Object(Illuminate\\Http\\Request), Object(Closure))
#11 C:\\laragon\\www\\thugos\\app\\Http\\Middleware\\Language.php(31): Illuminate\\Pipeline\\Pipeline->Illuminate\\Pipeline\\{closure}(Object(Illuminate\\Http\\Request))
#12 C:\\laragon\\www\\thugos\\vendor\\laravel\\framework\\src\\Illuminate\\Pipeline\\Pipeline.php(167): App\\Http\\Middleware\\Language->handle(Object(Illuminate\\Http\\Request), Object(Closure))
#13 C:\\laragon\\www\\thugos\\vendor\\laravel\\framework\\src\\Illuminate\\Routing\\Middleware\\SubstituteBindings.php(50): Illuminate\\Pipeline\\Pipeline->Illuminate\\Pipeline\\{closure}(Object(Illuminate\\Http\\Request))
#14 C:\\laragon\\www\\thugos\\vendor\\laravel\\framework\\src\\Illuminate\\Pipeline\\Pipeline.php(167): Illuminate\\Routing\\Middleware\\SubstituteBindings->handle(Object(Illuminate\\Http\\Request), Object(Closure))
#15 C:\\laragon\\www\\thugos\\vendor\\laravel\\framework\\src\\Illuminate\\Foundation\\Http\\Middleware\\VerifyCsrfToken.php(78): Illuminate\\Pipeline\\Pipeline->Illuminate\\Pipeline\\{closure}(Object(Illuminate\\Http\\Request))
#16 C:\\laragon\\www\\thugos\\vendor\\laravel\\framework\\src\\Illuminate\\Pipeline\\Pipeline.php(167): Illuminate\\Foundation\\Http\\Middleware\\VerifyCsrfToken->handle(Object(Illuminate\\Http\\Request), Object(Closure))
#17 C:\\laragon\\www\\thugos\\vendor\\laravel\\framework\\src\\Illuminate\\View\\Middleware\\ShareErrorsFromSession.php(49): Illuminate\\Pipeline\\Pipeline->Illuminate\\Pipeline\\{closure}(Object(Illuminate\\Http\\Request))
#18 C:\\laragon\\www\\thugos\\vendor\\laravel\\framework\\src\\Illuminate\\Pipeline\\Pipeline.php(167): Illuminate\\View\\Middleware\\ShareErrorsFromSession->handle(Object(Illuminate\\Http\\Request), Object(Closure))
#19 C:\\laragon\\www\\thugos\\vendor\\laravel\\framework\\src\\Illuminate\\Session\\Middleware\\StartSession.php(121): Illuminate\\Pipeline\\Pipeline->Illuminate\\Pipeline\\{closure}(Object(Illuminate\\Http\\Request))
#20 C:\\laragon\\www\\thugos\\vendor\\laravel\\framework\\src\\Illuminate\\Session\\Middleware\\StartSession.php(64): Illuminate\\Session\\Middleware\\StartSession->handleStatefulRequest(Object(Illuminate\\Http\\Request), Object(Illuminate\\Session\\Store), Object(Closure))
#21 C:\\laragon\\www\\thugos\\vendor\\laravel\\framework\\src\\Illuminate\\Pipeline\\Pipeline.php(167): Illuminate\\Session\\Middleware\\StartSession->handle(Object(Illuminate\\Http\\Request), Object(Closure))
#22 C:\\laragon\\www\\thugos\\vendor\\laravel\\framework\\src\\Illuminate\\Cookie\\Middleware\\AddQueuedCookiesToResponse.php(37): Illuminate\\Pipeline\\Pipeline->Illuminate\\Pipeline\\{closure}(Object(Illuminate\\Http\\Request))
#23 C:\\laragon\\www\\thugos\\vendor\\laravel\\framework\\src\\Illuminate\\Pipeline\\Pipeline.php(167): Illuminate\\Cookie\\Middleware\\AddQueuedCookiesToResponse->handle(Object(Illuminate\\Http\\Request), Object(Closure))
#24 C:\\laragon\\www\\thugos\\vendor\\laravel\\framework\\src\\Illuminate\\Pipeline\\Pipeline.php(103): Illuminate\\Pipeline\\Pipeline->Illuminate\\Pipeline\\{closure}(Object(Illuminate\\Http\\Request))
#25 C:\\laragon\\www\\thugos\\vendor\\laravel\\framework\\src\\Illuminate\\Routing\\Router.php(719): Illuminate\\Pipeline\\Pipeline->then(Object(Closure))
#26 C:\\laragon\\www\\thugos\\vendor\\laravel\\framework\\src\\Illuminate\\Routing\\Router.php(698): Illuminate\\Routing\\Router->runRouteWithinStack(Object(Illuminate\\Routing\\Route), Object(Illuminate\\Http\\Request))
#27 C:\\laragon\\www\\thugos\\vendor\\laravel\\framework\\src\\Illuminate\\Routing\\Router.php(662): Illuminate\\Routing\\Router->runRoute(Object(Illuminate\\Http\\Request), Object(Illuminate\\Routing\\Route))
#28 C:\\laragon\\www\\thugos\\vendor\\laravel\\framework\\src\\Illuminate\\Routing\\Router.php(651): Illuminate\\Routing\\Router->dispatchToRoute(Object(Illuminate\\Http\\Request))
#29 C:\\laragon\\www\\thugos\\vendor\\laravel\\framework\\src\\Illuminate\\Foundation\\Http\\Kernel.php(167): Illuminate\\Routing\\Router->dispatch(Object(Illuminate\\Http\\Request))
#30 C:\\laragon\\www\\thugos\\vendor\\laravel\\framework\\src\\Illuminate\\Pipeline\\Pipeline.php(128): Illuminate\\Foundation\\Http\\Kernel->Illuminate\\Foundation\\Http\\{closure}(Object(Illuminate\\Http\\Request))
#31 C:\\laragon\\www\\thugos\\vendor\\barryvdh\\laravel-debugbar\\src\\Middleware\\InjectDebugbar.php(66): Illuminate\\Pipeline\\Pipeline->Illuminate\\Pipeline\\{closure}(Object(Illuminate\\Http\\Request))
#32 C:\\laragon\\www\\thugos\\vendor\\laravel\\framework\\src\\Illuminate\\Pipeline\\Pipeline.php(167): Barryvdh\\Debugbar\\Middleware\\InjectDebugbar->handle(Object(Illuminate\\Http\\Request), Object(Closure))
#33 C:\\laragon\\www\\thugos\\vendor\\fideloper\\proxy\\src\\TrustProxies.php(57): Illuminate\\Pipeline\\Pipeline->Illuminate\\Pipeline\\{closure}(Object(Illuminate\\Http\\Request))
#34 C:\\laragon\\www\\thugos\\vendor\\laravel\\framework\\src\\Illuminate\\Pipeline\\Pipeline.php(167): Fideloper\\Proxy\\TrustProxies->handle(Object(Illuminate\\Http\\Request), Object(Closure))
#35 C:\\laragon\\www\\thugos\\vendor\\laravel\\framework\\src\\Illuminate\\Foundation\\Http\\Middleware\\TransformsRequest.php(21): Illuminate\\Pipeline\\Pipeline->Illuminate\\Pipeline\\{closure}(Object(Illuminate\\Http\\Request))
#36 C:\\laragon\\www\\thugos\\vendor\\laravel\\framework\\src\\Illuminate\\Foundation\\Http\\Middleware\\ConvertEmptyStringsToNull.php(31): Illuminate\\Foundation\\Http\\Middleware\\TransformsRequest->handle(Object(Illuminate\\Http\\Request), Object(Closure))
#37 C:\\laragon\\www\\thugos\\vendor\\laravel\\framework\\src\\Illuminate\\Pipeline\\Pipeline.php(167): Illuminate\\Foundation\\Http\\Middleware\\ConvertEmptyStringsToNull->handle(Object(Illuminate\\Http\\Request), Object(Closure))
#38 C:\\laragon\\www\\thugos\\vendor\\laravel\\framework\\src\\Illuminate\\Foundation\\Http\\Middleware\\TransformsRequest.php(21): Illuminate\\Pipeline\\Pipeline->Illuminate\\Pipeline\\{closure}(Object(Illuminate\\Http\\Request))
#39 C:\\laragon\\www\\thugos\\vendor\\laravel\\framework\\src\\Illuminate\\Foundation\\Http\\Middleware\\TrimStrings.php(40): Illuminate\\Foundation\\Http\\Middleware\\TransformsRequest->handle(Object(Illuminate\\Http\\Request), Object(Closure))
#40 C:\\laragon\\www\\thugos\\vendor\\laravel\\framework\\src\\Illuminate\\Pipeline\\Pipeline.php(167): Illuminate\\Foundation\\Http\\Middleware\\TrimStrings->handle(Object(Illuminate\\Http\\Request), Object(Closure))
#41 C:\\laragon\\www\\thugos\\vendor\\laravel\\framework\\src\\Illuminate\\Foundation\\Http\\Middleware\\ValidatePostSize.php(27): Illuminate\\Pipeline\\Pipeline->Illuminate\\Pipeline\\{closure}(Object(Illuminate\\Http\\Request))
#42 C:\\laragon\\www\\thugos\\vendor\\laravel\\framework\\src\\Illuminate\\Pipeline\\Pipeline.php(167): Illuminate\\Foundation\\Http\\Middleware\\ValidatePostSize->handle(Object(Illuminate\\Http\\Request), Object(Closure))
#43 C:\\laragon\\www\\thugos\\vendor\\laravel\\framework\\src\\Illuminate\\Pipeline\\Pipeline.php(103): Illuminate\\Pipeline\\Pipeline->Illuminate\\Pipeline\\{closure}(Object(Illuminate\\Http\\Request))
#44 C:\\laragon\\www\\thugos\\vendor\\laravel\\framework\\src\\Illuminate\\Foundation\\Http\\Kernel.php(142): Illuminate\\Pipeline\\Pipeline->then(Object(Closure))
#45 C:\\laragon\\www\\thugos\\vendor\\laravel\\framework\\src\\Illuminate\\Foundation\\Http\\Kernel.php(111): Illuminate\\Foundation\\Http\\Kernel->sendRequestThroughRouter(Object(Illuminate\\Http\\Request))
#46 C:\\laragon\\www\\thugos\\index.php(56): Illuminate\\Foundation\\Http\\Kernel->handle(Object(Illuminate\\Http\\Request))
#47 {main}
"} 
[2025-07-05 19:50:18] local.ERROR: Uncaught ReflectionException: Class "App\Policies\ModelPolicy" does not exist in Command line code:1
Stack trace:
#0 Command line code(1): ReflectionClass->__construct('App\\Policies\\Mo...')
#1 [internal function]: {closure}('App\\Policies\\Mo...', 'App\\Model')
#2 Command line code(1): array_map(Object(Closure), Array, Array)
#3 {main}
  thrown {"exception":"[object] (Symfony\\Component\\ErrorHandler\\Error\\FatalError(code: 0): Uncaught ReflectionException: Class \"App\\Policies\\ModelPolicy\" does not exist in Command line code:1
Stack trace:
#0 Command line code(1): ReflectionClass->__construct('App\\\\Policies\\\\Mo...')
#1 [internal function]: {closure}('App\\\\Policies\\\\Mo...', 'App\\\\Model')
#2 Command line code(1): array_map(Object(Closure), Array, Array)
#3 {main}
  thrown at Command line code:1)
[stacktrace]
#0 {main}
"} 
[2025-07-05 19:50:33] local.ERROR: Attempt to read property "price" on null {"userId":194,"exception":"[object] (ErrorException(code: 0): Attempt to read property \"price\" on null at C:\\laragon\\www\\thugos\\app\\Http\\Controllers\\HomeController.php:481)
[stacktrace]
#0 C:\\laragon\\www\\thugos\\app\\Http\\Controllers\\HomeController.php(481): Illuminate\\Foundation\\Bootstrap\\HandleExceptions->handleError(2, 'Attempt to read...', 'C:\\\\laragon\\\\www\\\\...', 481)
#1 C:\\laragon\\www\\thugos\\vendor\\laravel\\framework\\src\\Illuminate\\Routing\\Controller.php(54): App\\Http\\Controllers\\HomeController->variant_price(Object(Illuminate\\Http\\Request))
#2 C:\\laragon\\www\\thugos\\vendor\\laravel\\framework\\src\\Illuminate\\Routing\\ControllerDispatcher.php(45): Illuminate\\Routing\\Controller->callAction('variant_price', Array)
#3 C:\\laragon\\www\\thugos\\vendor\\laravel\\framework\\src\\Illuminate\\Routing\\Route.php(261): Illuminate\\Routing\\ControllerDispatcher->dispatch(Object(Illuminate\\Routing\\Route), Object(App\\Http\\Controllers\\HomeController), 'variant_price')
#4 C:\\laragon\\www\\thugos\\vendor\\laravel\\framework\\src\\Illuminate\\Routing\\Route.php(205): Illuminate\\Routing\\Route->runController()
#5 C:\\laragon\\www\\thugos\\vendor\\laravel\\framework\\src\\Illuminate\\Routing\\Router.php(721): Illuminate\\Routing\\Route->run()
#6 C:\\laragon\\www\\thugos\\vendor\\laravel\\framework\\src\\Illuminate\\Pipeline\\Pipeline.php(128): Illuminate\\Routing\\Router->Illuminate\\Routing\\{closure}(Object(Illuminate\\Http\\Request))
#7 C:\\laragon\\www\\thugos\\app\\Http\\Middleware\\CheckForMaintenanceMode.php(58): Illuminate\\Pipeline\\Pipeline->Illuminate\\Pipeline\\{closure}(Object(Illuminate\\Http\\Request))
#8 C:\\laragon\\www\\thugos\\vendor\\laravel\\framework\\src\\Illuminate\\Pipeline\\Pipeline.php(167): App\\Http\\Middleware\\CheckForMaintenanceMode->handle(Object(Illuminate\\Http\\Request), Object(Closure))
#9 C:\\laragon\\www\\thugos\\app\\Http\\Middleware\\HttpsProtocol.php(20): Illuminate\\Pipeline\\Pipeline->Illuminate\\Pipeline\\{closure}(Object(Illuminate\\Http\\Request))
#10 C:\\laragon\\www\\thugos\\vendor\\laravel\\framework\\src\\Illuminate\\Pipeline\\Pipeline.php(167): App\\Http\\Middleware\\HttpsProtocol->handle(Object(Illuminate\\Http\\Request), Object(Closure))
#11 C:\\laragon\\www\\thugos\\app\\Http\\Middleware\\Language.php(31): Illuminate\\Pipeline\\Pipeline->Illuminate\\Pipeline\\{closure}(Object(Illuminate\\Http\\Request))
#12 C:\\laragon\\www\\thugos\\vendor\\laravel\\framework\\src\\Illuminate\\Pipeline\\Pipeline.php(167): App\\Http\\Middleware\\Language->handle(Object(Illuminate\\Http\\Request), Object(Closure))
#13 C:\\laragon\\www\\thugos\\vendor\\laravel\\framework\\src\\Illuminate\\Routing\\Middleware\\SubstituteBindings.php(50): Illuminate\\Pipeline\\Pipeline->Illuminate\\Pipeline\\{closure}(Object(Illuminate\\Http\\Request))
#14 C:\\laragon\\www\\thugos\\vendor\\laravel\\framework\\src\\Illuminate\\Pipeline\\Pipeline.php(167): Illuminate\\Routing\\Middleware\\SubstituteBindings->handle(Object(Illuminate\\Http\\Request), Object(Closure))
#15 C:\\laragon\\www\\thugos\\vendor\\laravel\\framework\\src\\Illuminate\\Foundation\\Http\\Middleware\\VerifyCsrfToken.php(78): Illuminate\\Pipeline\\Pipeline->Illuminate\\Pipeline\\{closure}(Object(Illuminate\\Http\\Request))
#16 C:\\laragon\\www\\thugos\\vendor\\laravel\\framework\\src\\Illuminate\\Pipeline\\Pipeline.php(167): Illuminate\\Foundation\\Http\\Middleware\\VerifyCsrfToken->handle(Object(Illuminate\\Http\\Request), Object(Closure))
#17 C:\\laragon\\www\\thugos\\vendor\\laravel\\framework\\src\\Illuminate\\View\\Middleware\\ShareErrorsFromSession.php(49): Illuminate\\Pipeline\\Pipeline->Illuminate\\Pipeline\\{closure}(Object(Illuminate\\Http\\Request))
#18 C:\\laragon\\www\\thugos\\vendor\\laravel\\framework\\src\\Illuminate\\Pipeline\\Pipeline.php(167): Illuminate\\View\\Middleware\\ShareErrorsFromSession->handle(Object(Illuminate\\Http\\Request), Object(Closure))
#19 C:\\laragon\\www\\thugos\\vendor\\laravel\\framework\\src\\Illuminate\\Session\\Middleware\\StartSession.php(121): Illuminate\\Pipeline\\Pipeline->Illuminate\\Pipeline\\{closure}(Object(Illuminate\\Http\\Request))
#20 C:\\laragon\\www\\thugos\\vendor\\laravel\\framework\\src\\Illuminate\\Session\\Middleware\\StartSession.php(64): Illuminate\\Session\\Middleware\\StartSession->handleStatefulRequest(Object(Illuminate\\Http\\Request), Object(Illuminate\\Session\\Store), Object(Closure))
#21 C:\\laragon\\www\\thugos\\vendor\\laravel\\framework\\src\\Illuminate\\Pipeline\\Pipeline.php(167): Illuminate\\Session\\Middleware\\StartSession->handle(Object(Illuminate\\Http\\Request), Object(Closure))
#22 C:\\laragon\\www\\thugos\\vendor\\laravel\\framework\\src\\Illuminate\\Cookie\\Middleware\\AddQueuedCookiesToResponse.php(37): Illuminate\\Pipeline\\Pipeline->Illuminate\\Pipeline\\{closure}(Object(Illuminate\\Http\\Request))
#23 C:\\laragon\\www\\thugos\\vendor\\laravel\\framework\\src\\Illuminate\\Pipeline\\Pipeline.php(167): Illuminate\\Cookie\\Middleware\\AddQueuedCookiesToResponse->handle(Object(Illuminate\\Http\\Request), Object(Closure))
#24 C:\\laragon\\www\\thugos\\vendor\\laravel\\framework\\src\\Illuminate\\Pipeline\\Pipeline.php(103): Illuminate\\Pipeline\\Pipeline->Illuminate\\Pipeline\\{closure}(Object(Illuminate\\Http\\Request))
#25 C:\\laragon\\www\\thugos\\vendor\\laravel\\framework\\src\\Illuminate\\Routing\\Router.php(719): Illuminate\\Pipeline\\Pipeline->then(Object(Closure))
#26 C:\\laragon\\www\\thugos\\vendor\\laravel\\framework\\src\\Illuminate\\Routing\\Router.php(698): Illuminate\\Routing\\Router->runRouteWithinStack(Object(Illuminate\\Routing\\Route), Object(Illuminate\\Http\\Request))
#27 C:\\laragon\\www\\thugos\\vendor\\laravel\\framework\\src\\Illuminate\\Routing\\Router.php(662): Illuminate\\Routing\\Router->runRoute(Object(Illuminate\\Http\\Request), Object(Illuminate\\Routing\\Route))
#28 C:\\laragon\\www\\thugos\\vendor\\laravel\\framework\\src\\Illuminate\\Routing\\Router.php(651): Illuminate\\Routing\\Router->dispatchToRoute(Object(Illuminate\\Http\\Request))
#29 C:\\laragon\\www\\thugos\\vendor\\laravel\\framework\\src\\Illuminate\\Foundation\\Http\\Kernel.php(167): Illuminate\\Routing\\Router->dispatch(Object(Illuminate\\Http\\Request))
#30 C:\\laragon\\www\\thugos\\vendor\\laravel\\framework\\src\\Illuminate\\Pipeline\\Pipeline.php(128): Illuminate\\Foundation\\Http\\Kernel->Illuminate\\Foundation\\Http\\{closure}(Object(Illuminate\\Http\\Request))
#31 C:\\laragon\\www\\thugos\\vendor\\barryvdh\\laravel-debugbar\\src\\Middleware\\InjectDebugbar.php(66): Illuminate\\Pipeline\\Pipeline->Illuminate\\Pipeline\\{closure}(Object(Illuminate\\Http\\Request))
#32 C:\\laragon\\www\\thugos\\vendor\\laravel\\framework\\src\\Illuminate\\Pipeline\\Pipeline.php(167): Barryvdh\\Debugbar\\Middleware\\InjectDebugbar->handle(Object(Illuminate\\Http\\Request), Object(Closure))
#33 C:\\laragon\\www\\thugos\\vendor\\fideloper\\proxy\\src\\TrustProxies.php(57): Illuminate\\Pipeline\\Pipeline->Illuminate\\Pipeline\\{closure}(Object(Illuminate\\Http\\Request))
#34 C:\\laragon\\www\\thugos\\vendor\\laravel\\framework\\src\\Illuminate\\Pipeline\\Pipeline.php(167): Fideloper\\Proxy\\TrustProxies->handle(Object(Illuminate\\Http\\Request), Object(Closure))
#35 C:\\laragon\\www\\thugos\\vendor\\laravel\\framework\\src\\Illuminate\\Foundation\\Http\\Middleware\\TransformsRequest.php(21): Illuminate\\Pipeline\\Pipeline->Illuminate\\Pipeline\\{closure}(Object(Illuminate\\Http\\Request))
#36 C:\\laragon\\www\\thugos\\vendor\\laravel\\framework\\src\\Illuminate\\Foundation\\Http\\Middleware\\ConvertEmptyStringsToNull.php(31): Illuminate\\Foundation\\Http\\Middleware\\TransformsRequest->handle(Object(Illuminate\\Http\\Request), Object(Closure))
#37 C:\\laragon\\www\\thugos\\vendor\\laravel\\framework\\src\\Illuminate\\Pipeline\\Pipeline.php(167): Illuminate\\Foundation\\Http\\Middleware\\ConvertEmptyStringsToNull->handle(Object(Illuminate\\Http\\Request), Object(Closure))
#38 C:\\laragon\\www\\thugos\\vendor\\laravel\\framework\\src\\Illuminate\\Foundation\\Http\\Middleware\\TransformsRequest.php(21): Illuminate\\Pipeline\\Pipeline->Illuminate\\Pipeline\\{closure}(Object(Illuminate\\Http\\Request))
#39 C:\\laragon\\www\\thugos\\vendor\\laravel\\framework\\src\\Illuminate\\Foundation\\Http\\Middleware\\TrimStrings.php(40): Illuminate\\Foundation\\Http\\Middleware\\TransformsRequest->handle(Object(Illuminate\\Http\\Request), Object(Closure))
#40 C:\\laragon\\www\\thugos\\vendor\\laravel\\framework\\src\\Illuminate\\Pipeline\\Pipeline.php(167): Illuminate\\Foundation\\Http\\Middleware\\TrimStrings->handle(Object(Illuminate\\Http\\Request), Object(Closure))
#41 C:\\laragon\\www\\thugos\\vendor\\laravel\\framework\\src\\Illuminate\\Foundation\\Http\\Middleware\\ValidatePostSize.php(27): Illuminate\\Pipeline\\Pipeline->Illuminate\\Pipeline\\{closure}(Object(Illuminate\\Http\\Request))
#42 C:\\laragon\\www\\thugos\\vendor\\laravel\\framework\\src\\Illuminate\\Pipeline\\Pipeline.php(167): Illuminate\\Foundation\\Http\\Middleware\\ValidatePostSize->handle(Object(Illuminate\\Http\\Request), Object(Closure))
#43 C:\\laragon\\www\\thugos\\vendor\\laravel\\framework\\src\\Illuminate\\Pipeline\\Pipeline.php(103): Illuminate\\Pipeline\\Pipeline->Illuminate\\Pipeline\\{closure}(Object(Illuminate\\Http\\Request))
#44 C:\\laragon\\www\\thugos\\vendor\\laravel\\framework\\src\\Illuminate\\Foundation\\Http\\Kernel.php(142): Illuminate\\Pipeline\\Pipeline->then(Object(Closure))
#45 C:\\laragon\\www\\thugos\\vendor\\laravel\\framework\\src\\Illuminate\\Foundation\\Http\\Kernel.php(111): Illuminate\\Foundation\\Http\\Kernel->sendRequestThroughRouter(Object(Illuminate\\Http\\Request))
#46 C:\\laragon\\www\\thugos\\index.php(56): Illuminate\\Foundation\\Http\\Kernel->handle(Object(Illuminate\\Http\\Request))
#47 {main}
"} 
[2025-07-05 19:50:36] local.ERROR: Attempt to read property "price" on null {"userId":194,"exception":"[object] (ErrorException(code: 0): Attempt to read property \"price\" on null at C:\\laragon\\www\\thugos\\app\\Http\\Controllers\\CartController.php:108)
[stacktrace]
#0 C:\\laragon\\www\\thugos\\app\\Http\\Controllers\\CartController.php(108): Illuminate\\Foundation\\Bootstrap\\HandleExceptions->handleError(2, 'Attempt to read...', 'C:\\\\laragon\\\\www\\\\...', 108)
#1 C:\\laragon\\www\\thugos\\vendor\\laravel\\framework\\src\\Illuminate\\Routing\\Controller.php(54): App\\Http\\Controllers\\CartController->addToCart(Object(Illuminate\\Http\\Request))
#2 C:\\laragon\\www\\thugos\\vendor\\laravel\\framework\\src\\Illuminate\\Routing\\ControllerDispatcher.php(45): Illuminate\\Routing\\Controller->callAction('addToCart', Array)
#3 C:\\laragon\\www\\thugos\\vendor\\laravel\\framework\\src\\Illuminate\\Routing\\Route.php(261): Illuminate\\Routing\\ControllerDispatcher->dispatch(Object(Illuminate\\Routing\\Route), Object(App\\Http\\Controllers\\CartController), 'addToCart')
#4 C:\\laragon\\www\\thugos\\vendor\\laravel\\framework\\src\\Illuminate\\Routing\\Route.php(205): Illuminate\\Routing\\Route->runController()
#5 C:\\laragon\\www\\thugos\\vendor\\laravel\\framework\\src\\Illuminate\\Routing\\Router.php(721): Illuminate\\Routing\\Route->run()
#6 C:\\laragon\\www\\thugos\\vendor\\laravel\\framework\\src\\Illuminate\\Pipeline\\Pipeline.php(128): Illuminate\\Routing\\Router->Illuminate\\Routing\\{closure}(Object(Illuminate\\Http\\Request))
#7 C:\\laragon\\www\\thugos\\app\\Http\\Middleware\\CheckForMaintenanceMode.php(58): Illuminate\\Pipeline\\Pipeline->Illuminate\\Pipeline\\{closure}(Object(Illuminate\\Http\\Request))
#8 C:\\laragon\\www\\thugos\\vendor\\laravel\\framework\\src\\Illuminate\\Pipeline\\Pipeline.php(167): App\\Http\\Middleware\\CheckForMaintenanceMode->handle(Object(Illuminate\\Http\\Request), Object(Closure))
#9 C:\\laragon\\www\\thugos\\app\\Http\\Middleware\\HttpsProtocol.php(20): Illuminate\\Pipeline\\Pipeline->Illuminate\\Pipeline\\{closure}(Object(Illuminate\\Http\\Request))
#10 C:\\laragon\\www\\thugos\\vendor\\laravel\\framework\\src\\Illuminate\\Pipeline\\Pipeline.php(167): App\\Http\\Middleware\\HttpsProtocol->handle(Object(Illuminate\\Http\\Request), Object(Closure))
#11 C:\\laragon\\www\\thugos\\app\\Http\\Middleware\\Language.php(31): Illuminate\\Pipeline\\Pipeline->Illuminate\\Pipeline\\{closure}(Object(Illuminate\\Http\\Request))
#12 C:\\laragon\\www\\thugos\\vendor\\laravel\\framework\\src\\Illuminate\\Pipeline\\Pipeline.php(167): App\\Http\\Middleware\\Language->handle(Object(Illuminate\\Http\\Request), Object(Closure))
#13 C:\\laragon\\www\\thugos\\vendor\\laravel\\framework\\src\\Illuminate\\Routing\\Middleware\\SubstituteBindings.php(50): Illuminate\\Pipeline\\Pipeline->Illuminate\\Pipeline\\{closure}(Object(Illuminate\\Http\\Request))
#14 C:\\laragon\\www\\thugos\\vendor\\laravel\\framework\\src\\Illuminate\\Pipeline\\Pipeline.php(167): Illuminate\\Routing\\Middleware\\SubstituteBindings->handle(Object(Illuminate\\Http\\Request), Object(Closure))
#15 C:\\laragon\\www\\thugos\\vendor\\laravel\\framework\\src\\Illuminate\\Foundation\\Http\\Middleware\\VerifyCsrfToken.php(78): Illuminate\\Pipeline\\Pipeline->Illuminate\\Pipeline\\{closure}(Object(Illuminate\\Http\\Request))
#16 C:\\laragon\\www\\thugos\\vendor\\laravel\\framework\\src\\Illuminate\\Pipeline\\Pipeline.php(167): Illuminate\\Foundation\\Http\\Middleware\\VerifyCsrfToken->handle(Object(Illuminate\\Http\\Request), Object(Closure))
#17 C:\\laragon\\www\\thugos\\vendor\\laravel\\framework\\src\\Illuminate\\View\\Middleware\\ShareErrorsFromSession.php(49): Illuminate\\Pipeline\\Pipeline->Illuminate\\Pipeline\\{closure}(Object(Illuminate\\Http\\Request))
#18 C:\\laragon\\www\\thugos\\vendor\\laravel\\framework\\src\\Illuminate\\Pipeline\\Pipeline.php(167): Illuminate\\View\\Middleware\\ShareErrorsFromSession->handle(Object(Illuminate\\Http\\Request), Object(Closure))
#19 C:\\laragon\\www\\thugos\\vendor\\laravel\\framework\\src\\Illuminate\\Session\\Middleware\\StartSession.php(121): Illuminate\\Pipeline\\Pipeline->Illuminate\\Pipeline\\{closure}(Object(Illuminate\\Http\\Request))
#20 C:\\laragon\\www\\thugos\\vendor\\laravel\\framework\\src\\Illuminate\\Session\\Middleware\\StartSession.php(64): Illuminate\\Session\\Middleware\\StartSession->handleStatefulRequest(Object(Illuminate\\Http\\Request), Object(Illuminate\\Session\\Store), Object(Closure))
#21 C:\\laragon\\www\\thugos\\vendor\\laravel\\framework\\src\\Illuminate\\Pipeline\\Pipeline.php(167): Illuminate\\Session\\Middleware\\StartSession->handle(Object(Illuminate\\Http\\Request), Object(Closure))
#22 C:\\laragon\\www\\thugos\\vendor\\laravel\\framework\\src\\Illuminate\\Cookie\\Middleware\\AddQueuedCookiesToResponse.php(37): Illuminate\\Pipeline\\Pipeline->Illuminate\\Pipeline\\{closure}(Object(Illuminate\\Http\\Request))
#23 C:\\laragon\\www\\thugos\\vendor\\laravel\\framework\\src\\Illuminate\\Pipeline\\Pipeline.php(167): Illuminate\\Cookie\\Middleware\\AddQueuedCookiesToResponse->handle(Object(Illuminate\\Http\\Request), Object(Closure))
#24 C:\\laragon\\www\\thugos\\vendor\\laravel\\framework\\src\\Illuminate\\Pipeline\\Pipeline.php(103): Illuminate\\Pipeline\\Pipeline->Illuminate\\Pipeline\\{closure}(Object(Illuminate\\Http\\Request))
#25 C:\\laragon\\www\\thugos\\vendor\\laravel\\framework\\src\\Illuminate\\Routing\\Router.php(719): Illuminate\\Pipeline\\Pipeline->then(Object(Closure))
#26 C:\\laragon\\www\\thugos\\vendor\\laravel\\framework\\src\\Illuminate\\Routing\\Router.php(698): Illuminate\\Routing\\Router->runRouteWithinStack(Object(Illuminate\\Routing\\Route), Object(Illuminate\\Http\\Request))
#27 C:\\laragon\\www\\thugos\\vendor\\laravel\\framework\\src\\Illuminate\\Routing\\Router.php(662): Illuminate\\Routing\\Router->runRoute(Object(Illuminate\\Http\\Request), Object(Illuminate\\Routing\\Route))
#28 C:\\laragon\\www\\thugos\\vendor\\laravel\\framework\\src\\Illuminate\\Routing\\Router.php(651): Illuminate\\Routing\\Router->dispatchToRoute(Object(Illuminate\\Http\\Request))
#29 C:\\laragon\\www\\thugos\\vendor\\laravel\\framework\\src\\Illuminate\\Foundation\\Http\\Kernel.php(167): Illuminate\\Routing\\Router->dispatch(Object(Illuminate\\Http\\Request))
#30 C:\\laragon\\www\\thugos\\vendor\\laravel\\framework\\src\\Illuminate\\Pipeline\\Pipeline.php(128): Illuminate\\Foundation\\Http\\Kernel->Illuminate\\Foundation\\Http\\{closure}(Object(Illuminate\\Http\\Request))
#31 C:\\laragon\\www\\thugos\\vendor\\barryvdh\\laravel-debugbar\\src\\Middleware\\InjectDebugbar.php(66): Illuminate\\Pipeline\\Pipeline->Illuminate\\Pipeline\\{closure}(Object(Illuminate\\Http\\Request))
#32 C:\\laragon\\www\\thugos\\vendor\\laravel\\framework\\src\\Illuminate\\Pipeline\\Pipeline.php(167): Barryvdh\\Debugbar\\Middleware\\InjectDebugbar->handle(Object(Illuminate\\Http\\Request), Object(Closure))
#33 C:\\laragon\\www\\thugos\\vendor\\fideloper\\proxy\\src\\TrustProxies.php(57): Illuminate\\Pipeline\\Pipeline->Illuminate\\Pipeline\\{closure}(Object(Illuminate\\Http\\Request))
#34 C:\\laragon\\www\\thugos\\vendor\\laravel\\framework\\src\\Illuminate\\Pipeline\\Pipeline.php(167): Fideloper\\Proxy\\TrustProxies->handle(Object(Illuminate\\Http\\Request), Object(Closure))
#35 C:\\laragon\\www\\thugos\\vendor\\laravel\\framework\\src\\Illuminate\\Foundation\\Http\\Middleware\\TransformsRequest.php(21): Illuminate\\Pipeline\\Pipeline->Illuminate\\Pipeline\\{closure}(Object(Illuminate\\Http\\Request))
#36 C:\\laragon\\www\\thugos\\vendor\\laravel\\framework\\src\\Illuminate\\Foundation\\Http\\Middleware\\ConvertEmptyStringsToNull.php(31): Illuminate\\Foundation\\Http\\Middleware\\TransformsRequest->handle(Object(Illuminate\\Http\\Request), Object(Closure))
#37 C:\\laragon\\www\\thugos\\vendor\\laravel\\framework\\src\\Illuminate\\Pipeline\\Pipeline.php(167): Illuminate\\Foundation\\Http\\Middleware\\ConvertEmptyStringsToNull->handle(Object(Illuminate\\Http\\Request), Object(Closure))
#38 C:\\laragon\\www\\thugos\\vendor\\laravel\\framework\\src\\Illuminate\\Foundation\\Http\\Middleware\\TransformsRequest.php(21): Illuminate\\Pipeline\\Pipeline->Illuminate\\Pipeline\\{closure}(Object(Illuminate\\Http\\Request))
#39 C:\\laragon\\www\\thugos\\vendor\\laravel\\framework\\src\\Illuminate\\Foundation\\Http\\Middleware\\TrimStrings.php(40): Illuminate\\Foundation\\Http\\Middleware\\TransformsRequest->handle(Object(Illuminate\\Http\\Request), Object(Closure))
#40 C:\\laragon\\www\\thugos\\vendor\\laravel\\framework\\src\\Illuminate\\Pipeline\\Pipeline.php(167): Illuminate\\Foundation\\Http\\Middleware\\TrimStrings->handle(Object(Illuminate\\Http\\Request), Object(Closure))
#41 C:\\laragon\\www\\thugos\\vendor\\laravel\\framework\\src\\Illuminate\\Foundation\\Http\\Middleware\\ValidatePostSize.php(27): Illuminate\\Pipeline\\Pipeline->Illuminate\\Pipeline\\{closure}(Object(Illuminate\\Http\\Request))
#42 C:\\laragon\\www\\thugos\\vendor\\laravel\\framework\\src\\Illuminate\\Pipeline\\Pipeline.php(167): Illuminate\\Foundation\\Http\\Middleware\\ValidatePostSize->handle(Object(Illuminate\\Http\\Request), Object(Closure))
#43 C:\\laragon\\www\\thugos\\vendor\\laravel\\framework\\src\\Illuminate\\Pipeline\\Pipeline.php(103): Illuminate\\Pipeline\\Pipeline->Illuminate\\Pipeline\\{closure}(Object(Illuminate\\Http\\Request))
#44 C:\\laragon\\www\\thugos\\vendor\\laravel\\framework\\src\\Illuminate\\Foundation\\Http\\Kernel.php(142): Illuminate\\Pipeline\\Pipeline->then(Object(Closure))
#45 C:\\laragon\\www\\thugos\\vendor\\laravel\\framework\\src\\Illuminate\\Foundation\\Http\\Kernel.php(111): Illuminate\\Foundation\\Http\\Kernel->sendRequestThroughRouter(Object(Illuminate\\Http\\Request))
#46 C:\\laragon\\www\\thugos\\index.php(56): Illuminate\\Foundation\\Http\\Kernel->handle(Object(Illuminate\\Http\\Request))
#47 {main}
"} 
[2025-07-05 19:51:19] local.ERROR: Uncaught ReflectionException: Class "App\Policies\ModelPolicy" does not exist in Command line code:1
Stack trace:
#0 Command line code(1): ReflectionClass->__construct('App\\Policies\\Mo...')
#1 [internal function]: {closure}('App\\Policies\\Mo...', 'App\\Model')
#2 Command line code(1): array_map(Object(Closure), Array, Array)
#3 {main}
  thrown {"exception":"[object] (Symfony\\Component\\ErrorHandler\\Error\\FatalError(code: 0): Uncaught ReflectionException: Class \"App\\Policies\\ModelPolicy\" does not exist in Command line code:1
Stack trace:
#0 Command line code(1): ReflectionClass->__construct('App\\\\Policies\\\\Mo...')
#1 [internal function]: {closure}('App\\\\Policies\\\\Mo...', 'App\\\\Model')
#2 Command line code(1): array_map(Object(Closure), Array, Array)
#3 {main}
  thrown at Command line code:1)
[stacktrace]
#0 {main}
"} 
[2025-07-05 19:52:18] local.ERROR: Uncaught ReflectionException: Class "App\Policies\ModelPolicy" does not exist in Command line code:1
Stack trace:
#0 Command line code(1): ReflectionClass->__construct('App\\Policies\\Mo...')
#1 [internal function]: {closure}('App\\Policies\\Mo...', 'App\\Model')
#2 Command line code(1): array_map(Object(Closure), Array, Array)
#3 {main}
  thrown {"exception":"[object] (Symfony\\Component\\ErrorHandler\\Error\\FatalError(code: 0): Uncaught ReflectionException: Class \"App\\Policies\\ModelPolicy\" does not exist in Command line code:1
Stack trace:
#0 Command line code(1): ReflectionClass->__construct('App\\\\Policies\\\\Mo...')
#1 [internal function]: {closure}('App\\\\Policies\\\\Mo...', 'App\\\\Model')
#2 Command line code(1): array_map(Object(Closure), Array, Array)
#3 {main}
  thrown at Command line code:1)
[stacktrace]
#0 {main}
"} 
[2025-07-05 19:53:18] local.ERROR: Uncaught ReflectionException: Class "App\Policies\ModelPolicy" does not exist in Command line code:1
Stack trace:
#0 Command line code(1): ReflectionClass->__construct('App\\Policies\\Mo...')
#1 [internal function]: {closure}('App\\Policies\\Mo...', 'App\\Model')
#2 Command line code(1): array_map(Object(Closure), Array, Array)
#3 {main}
  thrown {"exception":"[object] (Symfony\\Component\\ErrorHandler\\Error\\FatalError(code: 0): Uncaught ReflectionException: Class \"App\\Policies\\ModelPolicy\" does not exist in Command line code:1
Stack trace:
#0 Command line code(1): ReflectionClass->__construct('App\\\\Policies\\\\Mo...')
#1 [internal function]: {closure}('App\\\\Policies\\\\Mo...', 'App\\\\Model')
#2 Command line code(1): array_map(Object(Closure), Array, Array)
#3 {main}
  thrown at Command line code:1)
[stacktrace]
#0 {main}
"} 
[2025-07-05 19:54:18] local.ERROR: Uncaught ReflectionException: Class "App\Policies\ModelPolicy" does not exist in Command line code:1
Stack trace:
#0 Command line code(1): ReflectionClass->__construct('App\\Policies\\Mo...')
#1 [internal function]: {closure}('App\\Policies\\Mo...', 'App\\Model')
#2 Command line code(1): array_map(Object(Closure), Array, Array)
#3 {main}
  thrown {"exception":"[object] (Symfony\\Component\\ErrorHandler\\Error\\FatalError(code: 0): Uncaught ReflectionException: Class \"App\\Policies\\ModelPolicy\" does not exist in Command line code:1
Stack trace:
#0 Command line code(1): ReflectionClass->__construct('App\\\\Policies\\\\Mo...')
#1 [internal function]: {closure}('App\\\\Policies\\\\Mo...', 'App\\\\Model')
#2 Command line code(1): array_map(Object(Closure), Array, Array)
#3 {main}
  thrown at Command line code:1)
[stacktrace]
#0 {main}
"} 
[2025-07-05 19:55:18] local.ERROR: Uncaught ReflectionException: Class "App\Policies\ModelPolicy" does not exist in Command line code:1
Stack trace:
#0 Command line code(1): ReflectionClass->__construct('App\\Policies\\Mo...')
#1 [internal function]: {closure}('App\\Policies\\Mo...', 'App\\Model')
#2 Command line code(1): array_map(Object(Closure), Array, Array)
#3 {main}
  thrown {"exception":"[object] (Symfony\\Component\\ErrorHandler\\Error\\FatalError(code: 0): Uncaught ReflectionException: Class \"App\\Policies\\ModelPolicy\" does not exist in Command line code:1
Stack trace:
#0 Command line code(1): ReflectionClass->__construct('App\\\\Policies\\\\Mo...')
#1 [internal function]: {closure}('App\\\\Policies\\\\Mo...', 'App\\\\Model')
#2 Command line code(1): array_map(Object(Closure), Array, Array)
#3 {main}
  thrown at Command line code:1)
[stacktrace]
#0 {main}
"} 
[2025-07-05 19:56:18] local.ERROR: Uncaught ReflectionException: Class "App\Policies\ModelPolicy" does not exist in Command line code:1
Stack trace:
#0 Command line code(1): ReflectionClass->__construct('App\\Policies\\Mo...')
#1 [internal function]: {closure}('App\\Policies\\Mo...', 'App\\Model')
#2 Command line code(1): array_map(Object(Closure), Array, Array)
#3 {main}
  thrown {"exception":"[object] (Symfony\\Component\\ErrorHandler\\Error\\FatalError(code: 0): Uncaught ReflectionException: Class \"App\\Policies\\ModelPolicy\" does not exist in Command line code:1
Stack trace:
#0 Command line code(1): ReflectionClass->__construct('App\\\\Policies\\\\Mo...')
#1 [internal function]: {closure}('App\\\\Policies\\\\Mo...', 'App\\\\Model')
#2 Command line code(1): array_map(Object(Closure), Array, Array)
#3 {main}
  thrown at Command line code:1)
[stacktrace]
#0 {main}
"} 
[2025-07-05 19:57:17] local.ERROR: Uncaught ReflectionException: Class "App\Policies\ModelPolicy" does not exist in Command line code:1
Stack trace:
#0 Command line code(1): ReflectionClass->__construct('App\\Policies\\Mo...')
#1 [internal function]: {closure}('App\\Policies\\Mo...', 'App\\Model')
#2 Command line code(1): array_map(Object(Closure), Array, Array)
#3 {main}
  thrown {"exception":"[object] (Symfony\\Component\\ErrorHandler\\Error\\FatalError(code: 0): Uncaught ReflectionException: Class \"App\\Policies\\ModelPolicy\" does not exist in Command line code:1
Stack trace:
#0 Command line code(1): ReflectionClass->__construct('App\\\\Policies\\\\Mo...')
#1 [internal function]: {closure}('App\\\\Policies\\\\Mo...', 'App\\\\Model')
#2 Command line code(1): array_map(Object(Closure), Array, Array)
#3 {main}
  thrown at Command line code:1)
[stacktrace]
#0 {main}
"} 
[2025-07-05 19:58:18] local.ERROR: Uncaught ReflectionException: Class "App\Policies\ModelPolicy" does not exist in Command line code:1
Stack trace:
#0 Command line code(1): ReflectionClass->__construct('App\\Policies\\Mo...')
#1 [internal function]: {closure}('App\\Policies\\Mo...', 'App\\Model')
#2 Command line code(1): array_map(Object(Closure), Array, Array)
#3 {main}
  thrown {"exception":"[object] (Symfony\\Component\\ErrorHandler\\Error\\FatalError(code: 0): Uncaught ReflectionException: Class \"App\\Policies\\ModelPolicy\" does not exist in Command line code:1
Stack trace:
#0 Command line code(1): ReflectionClass->__construct('App\\\\Policies\\\\Mo...')
#1 [internal function]: {closure}('App\\\\Policies\\\\Mo...', 'App\\\\Model')
#2 Command line code(1): array_map(Object(Closure), Array, Array)
#3 {main}
  thrown at Command line code:1)
[stacktrace]
#0 {main}
"} 
[2025-07-05 19:59:18] local.ERROR: Uncaught ReflectionException: Class "App\Policies\ModelPolicy" does not exist in Command line code:1
Stack trace:
#0 Command line code(1): ReflectionClass->__construct('App\\Policies\\Mo...')
#1 [internal function]: {closure}('App\\Policies\\Mo...', 'App\\Model')
#2 Command line code(1): array_map(Object(Closure), Array, Array)
#3 {main}
  thrown {"exception":"[object] (Symfony\\Component\\ErrorHandler\\Error\\FatalError(code: 0): Uncaught ReflectionException: Class \"App\\Policies\\ModelPolicy\" does not exist in Command line code:1
Stack trace:
#0 Command line code(1): ReflectionClass->__construct('App\\\\Policies\\\\Mo...')
#1 [internal function]: {closure}('App\\\\Policies\\\\Mo...', 'App\\\\Model')
#2 Command line code(1): array_map(Object(Closure), Array, Array)
#3 {main}
  thrown at Command line code:1)
[stacktrace]
#0 {main}
"} 
[2025-07-05 20:00:18] local.ERROR: Uncaught ReflectionException: Class "App\Policies\ModelPolicy" does not exist in Command line code:1
Stack trace:
#0 Command line code(1): ReflectionClass->__construct('App\\Policies\\Mo...')
#1 [internal function]: {closure}('App\\Policies\\Mo...', 'App\\Model')
#2 Command line code(1): array_map(Object(Closure), Array, Array)
#3 {main}
  thrown {"exception":"[object] (Symfony\\Component\\ErrorHandler\\Error\\FatalError(code: 0): Uncaught ReflectionException: Class \"App\\Policies\\ModelPolicy\" does not exist in Command line code:1
Stack trace:
#0 Command line code(1): ReflectionClass->__construct('App\\\\Policies\\\\Mo...')
#1 [internal function]: {closure}('App\\\\Policies\\\\Mo...', 'App\\\\Model')
#2 Command line code(1): array_map(Object(Closure), Array, Array)
#3 {main}
  thrown at Command line code:1)
[stacktrace]
#0 {main}
"} 
[2025-07-05 20:00:31] local.ERROR: SQLSTATE[23000]: Integrity constraint violation: 1048 Column 'shipping_cost' cannot be null (SQL: insert into `order_details` (`order_id`, `seller_id`, `product_id`, `variation`, `price`, `tax`, `shipping_type`, `product_referral_code`, `shipping_cost`, `type`, `quantity`, `updated_at`, `created_at`) values (194, 9, 6, Black-M, 499, 0, home_delivery, ?, ?, Drop Shoulder, 1, 2025-07-05 20:00:31, 2025-07-05 20:00:31)) {"userId":194,"exception":"[object] (Illuminate\\Database\\QueryException(code: 23000): SQLSTATE[23000]: Integrity constraint violation: 1048 Column 'shipping_cost' cannot be null (SQL: insert into `order_details` (`order_id`, `seller_id`, `product_id`, `variation`, `price`, `tax`, `shipping_type`, `product_referral_code`, `shipping_cost`, `type`, `quantity`, `updated_at`, `created_at`) values (194, 9, 6, Black-M, 499, 0, home_delivery, ?, ?, Drop Shoulder, 1, 2025-07-05 20:00:31, 2025-07-05 20:00:31)) at C:\\laragon\\www\\thugos\\vendor\\laravel\\framework\\src\\Illuminate\\Database\\Connection.php:712)
[stacktrace]
#0 C:\\laragon\\www\\thugos\\vendor\\laravel\\framework\\src\\Illuminate\\Database\\Connection.php(672): Illuminate\\Database\\Connection->runQueryCallback('insert into `or...', Array, Object(Closure))
#1 C:\\laragon\\www\\thugos\\vendor\\laravel\\framework\\src\\Illuminate\\Database\\Connection.php(490): Illuminate\\Database\\Connection->run('insert into `or...', Array, Object(Closure))
#2 C:\\laragon\\www\\thugos\\vendor\\laravel\\framework\\src\\Illuminate\\Database\\Connection.php(454): Illuminate\\Database\\Connection->statement('insert into `or...', Array)
#3 C:\\laragon\\www\\thugos\\vendor\\laravel\\framework\\src\\Illuminate\\Database\\Query\\Processors\\Processor.php(32): Illuminate\\Database\\Connection->insert('insert into `or...', Array)
#4 C:\\laragon\\www\\thugos\\vendor\\laravel\\framework\\src\\Illuminate\\Database\\Query\\Builder.php(3028): Illuminate\\Database\\Query\\Processors\\Processor->processInsertGetId(Object(Illuminate\\Database\\Query\\Builder), 'insert into `or...', Array, 'id')
#5 C:\\laragon\\www\\thugos\\vendor\\laravel\\framework\\src\\Illuminate\\Database\\Eloquent\\Builder.php(1657): Illuminate\\Database\\Query\\Builder->insertGetId(Array, 'id')
#6 C:\\laragon\\www\\thugos\\vendor\\laravel\\framework\\src\\Illuminate\\Database\\Eloquent\\Model.php(1188): Illuminate\\Database\\Eloquent\\Builder->__call('insertGetId', Array)
#7 C:\\laragon\\www\\thugos\\vendor\\laravel\\framework\\src\\Illuminate\\Database\\Eloquent\\Model.php(1153): Illuminate\\Database\\Eloquent\\Model->insertAndSetId(Object(Illuminate\\Database\\Eloquent\\Builder), Array)
#8 C:\\laragon\\www\\thugos\\vendor\\laravel\\framework\\src\\Illuminate\\Database\\Eloquent\\Model.php(994): Illuminate\\Database\\Eloquent\\Model->performInsert(Object(Illuminate\\Database\\Eloquent\\Builder))
#9 C:\\laragon\\www\\thugos\\app\\Http\\Controllers\\OrderController.php(406): Illuminate\\Database\\Eloquent\\Model->save()
#10 C:\\laragon\\www\\thugos\\app\\Http\\Controllers\\CheckoutController.php(99): App\\Http\\Controllers\\OrderController->store(Object(Illuminate\\Http\\Request))
#11 C:\\laragon\\www\\thugos\\vendor\\laravel\\framework\\src\\Illuminate\\Routing\\Controller.php(54): App\\Http\\Controllers\\CheckoutController->checkout(Object(Illuminate\\Http\\Request))
#12 C:\\laragon\\www\\thugos\\vendor\\laravel\\framework\\src\\Illuminate\\Routing\\ControllerDispatcher.php(45): Illuminate\\Routing\\Controller->callAction('checkout', Array)
#13 C:\\laragon\\www\\thugos\\vendor\\laravel\\framework\\src\\Illuminate\\Routing\\Route.php(261): Illuminate\\Routing\\ControllerDispatcher->dispatch(Object(Illuminate\\Routing\\Route), Object(App\\Http\\Controllers\\CheckoutController), 'checkout')
#14 C:\\laragon\\www\\thugos\\vendor\\laravel\\framework\\src\\Illuminate\\Routing\\Route.php(205): Illuminate\\Routing\\Route->runController()
#15 C:\\laragon\\www\\thugos\\vendor\\laravel\\framework\\src\\Illuminate\\Routing\\Router.php(721): Illuminate\\Routing\\Route->run()
#16 C:\\laragon\\www\\thugos\\vendor\\laravel\\framework\\src\\Illuminate\\Pipeline\\Pipeline.php(128): Illuminate\\Routing\\Router->Illuminate\\Routing\\{closure}(Object(Illuminate\\Http\\Request))
#17 C:\\laragon\\www\\thugos\\app\\Http\\Middleware\\IsUnbanned.php(34): Illuminate\\Pipeline\\Pipeline->Illuminate\\Pipeline\\{closure}(Object(Illuminate\\Http\\Request))
#18 C:\\laragon\\www\\thugos\\vendor\\laravel\\framework\\src\\Illuminate\\Pipeline\\Pipeline.php(167): App\\Http\\Middleware\\IsUnbanned->handle(Object(Illuminate\\Http\\Request), Object(Closure))
#19 C:\\laragon\\www\\thugos\\app\\Http\\Middleware\\IsUser.php(24): Illuminate\\Pipeline\\Pipeline->Illuminate\\Pipeline\\{closure}(Object(Illuminate\\Http\\Request))
#20 C:\\laragon\\www\\thugos\\vendor\\laravel\\framework\\src\\Illuminate\\Pipeline\\Pipeline.php(167): App\\Http\\Middleware\\IsUser->handle(Object(Illuminate\\Http\\Request), Object(Closure))
#21 C:\\laragon\\www\\thugos\\app\\Http\\Middleware\\CheckForMaintenanceMode.php(58): Illuminate\\Pipeline\\Pipeline->Illuminate\\Pipeline\\{closure}(Object(Illuminate\\Http\\Request))
#22 C:\\laragon\\www\\thugos\\vendor\\laravel\\framework\\src\\Illuminate\\Pipeline\\Pipeline.php(167): App\\Http\\Middleware\\CheckForMaintenanceMode->handle(Object(Illuminate\\Http\\Request), Object(Closure))
#23 C:\\laragon\\www\\thugos\\app\\Http\\Middleware\\HttpsProtocol.php(20): Illuminate\\Pipeline\\Pipeline->Illuminate\\Pipeline\\{closure}(Object(Illuminate\\Http\\Request))
#24 C:\\laragon\\www\\thugos\\vendor\\laravel\\framework\\src\\Illuminate\\Pipeline\\Pipeline.php(167): App\\Http\\Middleware\\HttpsProtocol->handle(Object(Illuminate\\Http\\Request), Object(Closure))
#25 C:\\laragon\\www\\thugos\\app\\Http\\Middleware\\Language.php(31): Illuminate\\Pipeline\\Pipeline->Illuminate\\Pipeline\\{closure}(Object(Illuminate\\Http\\Request))
#26 C:\\laragon\\www\\thugos\\vendor\\laravel\\framework\\src\\Illuminate\\Pipeline\\Pipeline.php(167): App\\Http\\Middleware\\Language->handle(Object(Illuminate\\Http\\Request), Object(Closure))
#27 C:\\laragon\\www\\thugos\\vendor\\laravel\\framework\\src\\Illuminate\\Routing\\Middleware\\SubstituteBindings.php(50): Illuminate\\Pipeline\\Pipeline->Illuminate\\Pipeline\\{closure}(Object(Illuminate\\Http\\Request))
#28 C:\\laragon\\www\\thugos\\vendor\\laravel\\framework\\src\\Illuminate\\Pipeline\\Pipeline.php(167): Illuminate\\Routing\\Middleware\\SubstituteBindings->handle(Object(Illuminate\\Http\\Request), Object(Closure))
#29 C:\\laragon\\www\\thugos\\vendor\\laravel\\framework\\src\\Illuminate\\Foundation\\Http\\Middleware\\VerifyCsrfToken.php(78): Illuminate\\Pipeline\\Pipeline->Illuminate\\Pipeline\\{closure}(Object(Illuminate\\Http\\Request))
#30 C:\\laragon\\www\\thugos\\vendor\\laravel\\framework\\src\\Illuminate\\Pipeline\\Pipeline.php(167): Illuminate\\Foundation\\Http\\Middleware\\VerifyCsrfToken->handle(Object(Illuminate\\Http\\Request), Object(Closure))
#31 C:\\laragon\\www\\thugos\\vendor\\laravel\\framework\\src\\Illuminate\\View\\Middleware\\ShareErrorsFromSession.php(49): Illuminate\\Pipeline\\Pipeline->Illuminate\\Pipeline\\{closure}(Object(Illuminate\\Http\\Request))
#32 C:\\laragon\\www\\thugos\\vendor\\laravel\\framework\\src\\Illuminate\\Pipeline\\Pipeline.php(167): Illuminate\\View\\Middleware\\ShareErrorsFromSession->handle(Object(Illuminate\\Http\\Request), Object(Closure))
#33 C:\\laragon\\www\\thugos\\vendor\\laravel\\framework\\src\\Illuminate\\Session\\Middleware\\StartSession.php(121): Illuminate\\Pipeline\\Pipeline->Illuminate\\Pipeline\\{closure}(Object(Illuminate\\Http\\Request))
#34 C:\\laragon\\www\\thugos\\vendor\\laravel\\framework\\src\\Illuminate\\Session\\Middleware\\StartSession.php(64): Illuminate\\Session\\Middleware\\StartSession->handleStatefulRequest(Object(Illuminate\\Http\\Request), Object(Illuminate\\Session\\Store), Object(Closure))
#35 C:\\laragon\\www\\thugos\\vendor\\laravel\\framework\\src\\Illuminate\\Pipeline\\Pipeline.php(167): Illuminate\\Session\\Middleware\\StartSession->handle(Object(Illuminate\\Http\\Request), Object(Closure))
#36 C:\\laragon\\www\\thugos\\vendor\\laravel\\framework\\src\\Illuminate\\Cookie\\Middleware\\AddQueuedCookiesToResponse.php(37): Illuminate\\Pipeline\\Pipeline->Illuminate\\Pipeline\\{closure}(Object(Illuminate\\Http\\Request))
#37 C:\\laragon\\www\\thugos\\vendor\\laravel\\framework\\src\\Illuminate\\Pipeline\\Pipeline.php(167): Illuminate\\Cookie\\Middleware\\AddQueuedCookiesToResponse->handle(Object(Illuminate\\Http\\Request), Object(Closure))
#38 C:\\laragon\\www\\thugos\\vendor\\laravel\\framework\\src\\Illuminate\\Pipeline\\Pipeline.php(103): Illuminate\\Pipeline\\Pipeline->Illuminate\\Pipeline\\{closure}(Object(Illuminate\\Http\\Request))
#39 C:\\laragon\\www\\thugos\\vendor\\laravel\\framework\\src\\Illuminate\\Routing\\Router.php(719): Illuminate\\Pipeline\\Pipeline->then(Object(Closure))
#40 C:\\laragon\\www\\thugos\\vendor\\laravel\\framework\\src\\Illuminate\\Routing\\Router.php(698): Illuminate\\Routing\\Router->runRouteWithinStack(Object(Illuminate\\Routing\\Route), Object(Illuminate\\Http\\Request))
#41 C:\\laragon\\www\\thugos\\vendor\\laravel\\framework\\src\\Illuminate\\Routing\\Router.php(662): Illuminate\\Routing\\Router->runRoute(Object(Illuminate\\Http\\Request), Object(Illuminate\\Routing\\Route))
#42 C:\\laragon\\www\\thugos\\vendor\\laravel\\framework\\src\\Illuminate\\Routing\\Router.php(651): Illuminate\\Routing\\Router->dispatchToRoute(Object(Illuminate\\Http\\Request))
#43 C:\\laragon\\www\\thugos\\vendor\\laravel\\framework\\src\\Illuminate\\Foundation\\Http\\Kernel.php(167): Illuminate\\Routing\\Router->dispatch(Object(Illuminate\\Http\\Request))
#44 C:\\laragon\\www\\thugos\\vendor\\laravel\\framework\\src\\Illuminate\\Pipeline\\Pipeline.php(128): Illuminate\\Foundation\\Http\\Kernel->Illuminate\\Foundation\\Http\\{closure}(Object(Illuminate\\Http\\Request))
#45 C:\\laragon\\www\\thugos\\vendor\\barryvdh\\laravel-debugbar\\src\\Middleware\\InjectDebugbar.php(66): Illuminate\\Pipeline\\Pipeline->Illuminate\\Pipeline\\{closure}(Object(Illuminate\\Http\\Request))
#46 C:\\laragon\\www\\thugos\\vendor\\laravel\\framework\\src\\Illuminate\\Pipeline\\Pipeline.php(167): Barryvdh\\Debugbar\\Middleware\\InjectDebugbar->handle(Object(Illuminate\\Http\\Request), Object(Closure))
#47 C:\\laragon\\www\\thugos\\vendor\\fideloper\\proxy\\src\\TrustProxies.php(57): Illuminate\\Pipeline\\Pipeline->Illuminate\\Pipeline\\{closure}(Object(Illuminate\\Http\\Request))
#48 C:\\laragon\\www\\thugos\\vendor\\laravel\\framework\\src\\Illuminate\\Pipeline\\Pipeline.php(167): Fideloper\\Proxy\\TrustProxies->handle(Object(Illuminate\\Http\\Request), Object(Closure))
#49 C:\\laragon\\www\\thugos\\vendor\\laravel\\framework\\src\\Illuminate\\Foundation\\Http\\Middleware\\TransformsRequest.php(21): Illuminate\\Pipeline\\Pipeline->Illuminate\\Pipeline\\{closure}(Object(Illuminate\\Http\\Request))
#50 C:\\laragon\\www\\thugos\\vendor\\laravel\\framework\\src\\Illuminate\\Foundation\\Http\\Middleware\\ConvertEmptyStringsToNull.php(31): Illuminate\\Foundation\\Http\\Middleware\\TransformsRequest->handle(Object(Illuminate\\Http\\Request), Object(Closure))
#51 C:\\laragon\\www\\thugos\\vendor\\laravel\\framework\\src\\Illuminate\\Pipeline\\Pipeline.php(167): Illuminate\\Foundation\\Http\\Middleware\\ConvertEmptyStringsToNull->handle(Object(Illuminate\\Http\\Request), Object(Closure))
#52 C:\\laragon\\www\\thugos\\vendor\\laravel\\framework\\src\\Illuminate\\Foundation\\Http\\Middleware\\TransformsRequest.php(21): Illuminate\\Pipeline\\Pipeline->Illuminate\\Pipeline\\{closure}(Object(Illuminate\\Http\\Request))
#53 C:\\laragon\\www\\thugos\\vendor\\laravel\\framework\\src\\Illuminate\\Foundation\\Http\\Middleware\\TrimStrings.php(40): Illuminate\\Foundation\\Http\\Middleware\\TransformsRequest->handle(Object(Illuminate\\Http\\Request), Object(Closure))
#54 C:\\laragon\\www\\thugos\\vendor\\laravel\\framework\\src\\Illuminate\\Pipeline\\Pipeline.php(167): Illuminate\\Foundation\\Http\\Middleware\\TrimStrings->handle(Object(Illuminate\\Http\\Request), Object(Closure))
#55 C:\\laragon\\www\\thugos\\vendor\\laravel\\framework\\src\\Illuminate\\Foundation\\Http\\Middleware\\ValidatePostSize.php(27): Illuminate\\Pipeline\\Pipeline->Illuminate\\Pipeline\\{closure}(Object(Illuminate\\Http\\Request))
#56 C:\\laragon\\www\\thugos\\vendor\\laravel\\framework\\src\\Illuminate\\Pipeline\\Pipeline.php(167): Illuminate\\Foundation\\Http\\Middleware\\ValidatePostSize->handle(Object(Illuminate\\Http\\Request), Object(Closure))
#57 C:\\laragon\\www\\thugos\\vendor\\laravel\\framework\\src\\Illuminate\\Pipeline\\Pipeline.php(103): Illuminate\\Pipeline\\Pipeline->Illuminate\\Pipeline\\{closure}(Object(Illuminate\\Http\\Request))
#58 C:\\laragon\\www\\thugos\\vendor\\laravel\\framework\\src\\Illuminate\\Foundation\\Http\\Kernel.php(142): Illuminate\\Pipeline\\Pipeline->then(Object(Closure))
#59 C:\\laragon\\www\\thugos\\vendor\\laravel\\framework\\src\\Illuminate\\Foundation\\Http\\Kernel.php(111): Illuminate\\Foundation\\Http\\Kernel->sendRequestThroughRouter(Object(Illuminate\\Http\\Request))
#60 C:\\laragon\\www\\thugos\\index.php(56): Illuminate\\Foundation\\Http\\Kernel->handle(Object(Illuminate\\Http\\Request))
#61 {main}

[previous exception] [object] (PDOException(code: 23000): SQLSTATE[23000]: Integrity constraint violation: 1048 Column 'shipping_cost' cannot be null at C:\\laragon\\www\\thugos\\vendor\\laravel\\framework\\src\\Illuminate\\Database\\Connection.php:501)
[stacktrace]
#0 C:\\laragon\\www\\thugos\\vendor\\laravel\\framework\\src\\Illuminate\\Database\\Connection.php(501): PDOStatement->execute()
#1 C:\\laragon\\www\\thugos\\vendor\\laravel\\framework\\src\\Illuminate\\Database\\Connection.php(705): Illuminate\\Database\\Connection->Illuminate\\Database\\{closure}('insert into `or...', Array)
#2 C:\\laragon\\www\\thugos\\vendor\\laravel\\framework\\src\\Illuminate\\Database\\Connection.php(672): Illuminate\\Database\\Connection->runQueryCallback('insert into `or...', Array, Object(Closure))
#3 C:\\laragon\\www\\thugos\\vendor\\laravel\\framework\\src\\Illuminate\\Database\\Connection.php(490): Illuminate\\Database\\Connection->run('insert into `or...', Array, Object(Closure))
#4 C:\\laragon\\www\\thugos\\vendor\\laravel\\framework\\src\\Illuminate\\Database\\Connection.php(454): Illuminate\\Database\\Connection->statement('insert into `or...', Array)
#5 C:\\laragon\\www\\thugos\\vendor\\laravel\\framework\\src\\Illuminate\\Database\\Query\\Processors\\Processor.php(32): Illuminate\\Database\\Connection->insert('insert into `or...', Array)
#6 C:\\laragon\\www\\thugos\\vendor\\laravel\\framework\\src\\Illuminate\\Database\\Query\\Builder.php(3028): Illuminate\\Database\\Query\\Processors\\Processor->processInsertGetId(Object(Illuminate\\Database\\Query\\Builder), 'insert into `or...', Array, 'id')
#7 C:\\laragon\\www\\thugos\\vendor\\laravel\\framework\\src\\Illuminate\\Database\\Eloquent\\Builder.php(1657): Illuminate\\Database\\Query\\Builder->insertGetId(Array, 'id')
#8 C:\\laragon\\www\\thugos\\vendor\\laravel\\framework\\src\\Illuminate\\Database\\Eloquent\\Model.php(1188): Illuminate\\Database\\Eloquent\\Builder->__call('insertGetId', Array)
#9 C:\\laragon\\www\\thugos\\vendor\\laravel\\framework\\src\\Illuminate\\Database\\Eloquent\\Model.php(1153): Illuminate\\Database\\Eloquent\\Model->insertAndSetId(Object(Illuminate\\Database\\Eloquent\\Builder), Array)
#10 C:\\laragon\\www\\thugos\\vendor\\laravel\\framework\\src\\Illuminate\\Database\\Eloquent\\Model.php(994): Illuminate\\Database\\Eloquent\\Model->performInsert(Object(Illuminate\\Database\\Eloquent\\Builder))
#11 C:\\laragon\\www\\thugos\\app\\Http\\Controllers\\OrderController.php(406): Illuminate\\Database\\Eloquent\\Model->save()
#12 C:\\laragon\\www\\thugos\\app\\Http\\Controllers\\CheckoutController.php(99): App\\Http\\Controllers\\OrderController->store(Object(Illuminate\\Http\\Request))
#13 C:\\laragon\\www\\thugos\\vendor\\laravel\\framework\\src\\Illuminate\\Routing\\Controller.php(54): App\\Http\\Controllers\\CheckoutController->checkout(Object(Illuminate\\Http\\Request))
#14 C:\\laragon\\www\\thugos\\vendor\\laravel\\framework\\src\\Illuminate\\Routing\\ControllerDispatcher.php(45): Illuminate\\Routing\\Controller->callAction('checkout', Array)
#15 C:\\laragon\\www\\thugos\\vendor\\laravel\\framework\\src\\Illuminate\\Routing\\Route.php(261): Illuminate\\Routing\\ControllerDispatcher->dispatch(Object(Illuminate\\Routing\\Route), Object(App\\Http\\Controllers\\CheckoutController), 'checkout')
#16 C:\\laragon\\www\\thugos\\vendor\\laravel\\framework\\src\\Illuminate\\Routing\\Route.php(205): Illuminate\\Routing\\Route->runController()
#17 C:\\laragon\\www\\thugos\\vendor\\laravel\\framework\\src\\Illuminate\\Routing\\Router.php(721): Illuminate\\Routing\\Route->run()
#18 C:\\laragon\\www\\thugos\\vendor\\laravel\\framework\\src\\Illuminate\\Pipeline\\Pipeline.php(128): Illuminate\\Routing\\Router->Illuminate\\Routing\\{closure}(Object(Illuminate\\Http\\Request))
#19 C:\\laragon\\www\\thugos\\app\\Http\\Middleware\\IsUnbanned.php(34): Illuminate\\Pipeline\\Pipeline->Illuminate\\Pipeline\\{closure}(Object(Illuminate\\Http\\Request))
#20 C:\\laragon\\www\\thugos\\vendor\\laravel\\framework\\src\\Illuminate\\Pipeline\\Pipeline.php(167): App\\Http\\Middleware\\IsUnbanned->handle(Object(Illuminate\\Http\\Request), Object(Closure))
#21 C:\\laragon\\www\\thugos\\app\\Http\\Middleware\\IsUser.php(24): Illuminate\\Pipeline\\Pipeline->Illuminate\\Pipeline\\{closure}(Object(Illuminate\\Http\\Request))
#22 C:\\laragon\\www\\thugos\\vendor\\laravel\\framework\\src\\Illuminate\\Pipeline\\Pipeline.php(167): App\\Http\\Middleware\\IsUser->handle(Object(Illuminate\\Http\\Request), Object(Closure))
#23 C:\\laragon\\www\\thugos\\app\\Http\\Middleware\\CheckForMaintenanceMode.php(58): Illuminate\\Pipeline\\Pipeline->Illuminate\\Pipeline\\{closure}(Object(Illuminate\\Http\\Request))
#24 C:\\laragon\\www\\thugos\\vendor\\laravel\\framework\\src\\Illuminate\\Pipeline\\Pipeline.php(167): App\\Http\\Middleware\\CheckForMaintenanceMode->handle(Object(Illuminate\\Http\\Request), Object(Closure))
#25 C:\\laragon\\www\\thugos\\app\\Http\\Middleware\\HttpsProtocol.php(20): Illuminate\\Pipeline\\Pipeline->Illuminate\\Pipeline\\{closure}(Object(Illuminate\\Http\\Request))
#26 C:\\laragon\\www\\thugos\\vendor\\laravel\\framework\\src\\Illuminate\\Pipeline\\Pipeline.php(167): App\\Http\\Middleware\\HttpsProtocol->handle(Object(Illuminate\\Http\\Request), Object(Closure))
#27 C:\\laragon\\www\\thugos\\app\\Http\\Middleware\\Language.php(31): Illuminate\\Pipeline\\Pipeline->Illuminate\\Pipeline\\{closure}(Object(Illuminate\\Http\\Request))
#28 C:\\laragon\\www\\thugos\\vendor\\laravel\\framework\\src\\Illuminate\\Pipeline\\Pipeline.php(167): App\\Http\\Middleware\\Language->handle(Object(Illuminate\\Http\\Request), Object(Closure))
#29 C:\\laragon\\www\\thugos\\vendor\\laravel\\framework\\src\\Illuminate\\Routing\\Middleware\\SubstituteBindings.php(50): Illuminate\\Pipeline\\Pipeline->Illuminate\\Pipeline\\{closure}(Object(Illuminate\\Http\\Request))
#30 C:\\laragon\\www\\thugos\\vendor\\laravel\\framework\\src\\Illuminate\\Pipeline\\Pipeline.php(167): Illuminate\\Routing\\Middleware\\SubstituteBindings->handle(Object(Illuminate\\Http\\Request), Object(Closure))
#31 C:\\laragon\\www\\thugos\\vendor\\laravel\\framework\\src\\Illuminate\\Foundation\\Http\\Middleware\\VerifyCsrfToken.php(78): Illuminate\\Pipeline\\Pipeline->Illuminate\\Pipeline\\{closure}(Object(Illuminate\\Http\\Request))
#32 C:\\laragon\\www\\thugos\\vendor\\laravel\\framework\\src\\Illuminate\\Pipeline\\Pipeline.php(167): Illuminate\\Foundation\\Http\\Middleware\\VerifyCsrfToken->handle(Object(Illuminate\\Http\\Request), Object(Closure))
#33 C:\\laragon\\www\\thugos\\vendor\\laravel\\framework\\src\\Illuminate\\View\\Middleware\\ShareErrorsFromSession.php(49): Illuminate\\Pipeline\\Pipeline->Illuminate\\Pipeline\\{closure}(Object(Illuminate\\Http\\Request))
#34 C:\\laragon\\www\\thugos\\vendor\\laravel\\framework\\src\\Illuminate\\Pipeline\\Pipeline.php(167): Illuminate\\View\\Middleware\\ShareErrorsFromSession->handle(Object(Illuminate\\Http\\Request), Object(Closure))
#35 C:\\laragon\\www\\thugos\\vendor\\laravel\\framework\\src\\Illuminate\\Session\\Middleware\\StartSession.php(121): Illuminate\\Pipeline\\Pipeline->Illuminate\\Pipeline\\{closure}(Object(Illuminate\\Http\\Request))
#36 C:\\laragon\\www\\thugos\\vendor\\laravel\\framework\\src\\Illuminate\\Session\\Middleware\\StartSession.php(64): Illuminate\\Session\\Middleware\\StartSession->handleStatefulRequest(Object(Illuminate\\Http\\Request), Object(Illuminate\\Session\\Store), Object(Closure))
#37 C:\\laragon\\www\\thugos\\vendor\\laravel\\framework\\src\\Illuminate\\Pipeline\\Pipeline.php(167): Illuminate\\Session\\Middleware\\StartSession->handle(Object(Illuminate\\Http\\Request), Object(Closure))
#38 C:\\laragon\\www\\thugos\\vendor\\laravel\\framework\\src\\Illuminate\\Cookie\\Middleware\\AddQueuedCookiesToResponse.php(37): Illuminate\\Pipeline\\Pipeline->Illuminate\\Pipeline\\{closure}(Object(Illuminate\\Http\\Request))
#39 C:\\laragon\\www\\thugos\\vendor\\laravel\\framework\\src\\Illuminate\\Pipeline\\Pipeline.php(167): Illuminate\\Cookie\\Middleware\\AddQueuedCookiesToResponse->handle(Object(Illuminate\\Http\\Request), Object(Closure))
#40 C:\\laragon\\www\\thugos\\vendor\\laravel\\framework\\src\\Illuminate\\Pipeline\\Pipeline.php(103): Illuminate\\Pipeline\\Pipeline->Illuminate\\Pipeline\\{closure}(Object(Illuminate\\Http\\Request))
#41 C:\\laragon\\www\\thugos\\vendor\\laravel\\framework\\src\\Illuminate\\Routing\\Router.php(719): Illuminate\\Pipeline\\Pipeline->then(Object(Closure))
#42 C:\\laragon\\www\\thugos\\vendor\\laravel\\framework\\src\\Illuminate\\Routing\\Router.php(698): Illuminate\\Routing\\Router->runRouteWithinStack(Object(Illuminate\\Routing\\Route), Object(Illuminate\\Http\\Request))
#43 C:\\laragon\\www\\thugos\\vendor\\laravel\\framework\\src\\Illuminate\\Routing\\Router.php(662): Illuminate\\Routing\\Router->runRoute(Object(Illuminate\\Http\\Request), Object(Illuminate\\Routing\\Route))
#44 C:\\laragon\\www\\thugos\\vendor\\laravel\\framework\\src\\Illuminate\\Routing\\Router.php(651): Illuminate\\Routing\\Router->dispatchToRoute(Object(Illuminate\\Http\\Request))
#45 C:\\laragon\\www\\thugos\\vendor\\laravel\\framework\\src\\Illuminate\\Foundation\\Http\\Kernel.php(167): Illuminate\\Routing\\Router->dispatch(Object(Illuminate\\Http\\Request))
#46 C:\\laragon\\www\\thugos\\vendor\\laravel\\framework\\src\\Illuminate\\Pipeline\\Pipeline.php(128): Illuminate\\Foundation\\Http\\Kernel->Illuminate\\Foundation\\Http\\{closure}(Object(Illuminate\\Http\\Request))
#47 C:\\laragon\\www\\thugos\\vendor\\barryvdh\\laravel-debugbar\\src\\Middleware\\InjectDebugbar.php(66): Illuminate\\Pipeline\\Pipeline->Illuminate\\Pipeline\\{closure}(Object(Illuminate\\Http\\Request))
#48 C:\\laragon\\www\\thugos\\vendor\\laravel\\framework\\src\\Illuminate\\Pipeline\\Pipeline.php(167): Barryvdh\\Debugbar\\Middleware\\InjectDebugbar->handle(Object(Illuminate\\Http\\Request), Object(Closure))
#49 C:\\laragon\\www\\thugos\\vendor\\fideloper\\proxy\\src\\TrustProxies.php(57): Illuminate\\Pipeline\\Pipeline->Illuminate\\Pipeline\\{closure}(Object(Illuminate\\Http\\Request))
#50 C:\\laragon\\www\\thugos\\vendor\\laravel\\framework\\src\\Illuminate\\Pipeline\\Pipeline.php(167): Fideloper\\Proxy\\TrustProxies->handle(Object(Illuminate\\Http\\Request), Object(Closure))
#51 C:\\laragon\\www\\thugos\\vendor\\laravel\\framework\\src\\Illuminate\\Foundation\\Http\\Middleware\\TransformsRequest.php(21): Illuminate\\Pipeline\\Pipeline->Illuminate\\Pipeline\\{closure}(Object(Illuminate\\Http\\Request))
#52 C:\\laragon\\www\\thugos\\vendor\\laravel\\framework\\src\\Illuminate\\Foundation\\Http\\Middleware\\ConvertEmptyStringsToNull.php(31): Illuminate\\Foundation\\Http\\Middleware\\TransformsRequest->handle(Object(Illuminate\\Http\\Request), Object(Closure))
#53 C:\\laragon\\www\\thugos\\vendor\\laravel\\framework\\src\\Illuminate\\Pipeline\\Pipeline.php(167): Illuminate\\Foundation\\Http\\Middleware\\ConvertEmptyStringsToNull->handle(Object(Illuminate\\Http\\Request), Object(Closure))
#54 C:\\laragon\\www\\thugos\\vendor\\laravel\\framework\\src\\Illuminate\\Foundation\\Http\\Middleware\\TransformsRequest.php(21): Illuminate\\Pipeline\\Pipeline->Illuminate\\Pipeline\\{closure}(Object(Illuminate\\Http\\Request))
#55 C:\\laragon\\www\\thugos\\vendor\\laravel\\framework\\src\\Illuminate\\Foundation\\Http\\Middleware\\TrimStrings.php(40): Illuminate\\Foundation\\Http\\Middleware\\TransformsRequest->handle(Object(Illuminate\\Http\\Request), Object(Closure))
#56 C:\\laragon\\www\\thugos\\vendor\\laravel\\framework\\src\\Illuminate\\Pipeline\\Pipeline.php(167): Illuminate\\Foundation\\Http\\Middleware\\TrimStrings->handle(Object(Illuminate\\Http\\Request), Object(Closure))
#57 C:\\laragon\\www\\thugos\\vendor\\laravel\\framework\\src\\Illuminate\\Foundation\\Http\\Middleware\\ValidatePostSize.php(27): Illuminate\\Pipeline\\Pipeline->Illuminate\\Pipeline\\{closure}(Object(Illuminate\\Http\\Request))
#58 C:\\laragon\\www\\thugos\\vendor\\laravel\\framework\\src\\Illuminate\\Pipeline\\Pipeline.php(167): Illuminate\\Foundation\\Http\\Middleware\\ValidatePostSize->handle(Object(Illuminate\\Http\\Request), Object(Closure))
#59 C:\\laragon\\www\\thugos\\vendor\\laravel\\framework\\src\\Illuminate\\Pipeline\\Pipeline.php(103): Illuminate\\Pipeline\\Pipeline->Illuminate\\Pipeline\\{closure}(Object(Illuminate\\Http\\Request))
#60 C:\\laragon\\www\\thugos\\vendor\\laravel\\framework\\src\\Illuminate\\Foundation\\Http\\Kernel.php(142): Illuminate\\Pipeline\\Pipeline->then(Object(Closure))
#61 C:\\laragon\\www\\thugos\\vendor\\laravel\\framework\\src\\Illuminate\\Foundation\\Http\\Kernel.php(111): Illuminate\\Foundation\\Http\\Kernel->sendRequestThroughRouter(Object(Illuminate\\Http\\Request))
#62 C:\\laragon\\www\\thugos\\index.php(56): Illuminate\\Foundation\\Http\\Kernel->handle(Object(Illuminate\\Http\\Request))
#63 {main}
"} 
[2025-07-05 20:01:18] local.ERROR: Uncaught ReflectionException: Class "App\Policies\ModelPolicy" does not exist in Command line code:1
Stack trace:
#0 Command line code(1): ReflectionClass->__construct('App\\Policies\\Mo...')
#1 [internal function]: {closure}('App\\Policies\\Mo...', 'App\\Model')
#2 Command line code(1): array_map(Object(Closure), Array, Array)
#3 {main}
  thrown {"exception":"[object] (Symfony\\Component\\ErrorHandler\\Error\\FatalError(code: 0): Uncaught ReflectionException: Class \"App\\Policies\\ModelPolicy\" does not exist in Command line code:1
Stack trace:
#0 Command line code(1): ReflectionClass->__construct('App\\\\Policies\\\\Mo...')
#1 [internal function]: {closure}('App\\\\Policies\\\\Mo...', 'App\\\\Model')
#2 Command line code(1): array_map(Object(Closure), Array, Array)
#3 {main}
  thrown at Command line code:1)
[stacktrace]
#0 {main}
"} 
[2025-07-05 20:01:52] local.ERROR: SQLSTATE[23000]: Integrity constraint violation: 1048 Column 'shipping_cost' cannot be null (SQL: insert into `order_details` (`order_id`, `seller_id`, `product_id`, `variation`, `price`, `tax`, `shipping_type`, `product_referral_code`, `shipping_cost`, `type`, `quantity`, `updated_at`, `created_at`) values (195, 9, 6, Black-M, 499, 0, home_delivery, ?, ?, Drop Shoulder, 1, 2025-07-05 20:01:52, 2025-07-05 20:01:52)) {"userId":194,"exception":"[object] (Illuminate\\Database\\QueryException(code: 23000): SQLSTATE[23000]: Integrity constraint violation: 1048 Column 'shipping_cost' cannot be null (SQL: insert into `order_details` (`order_id`, `seller_id`, `product_id`, `variation`, `price`, `tax`, `shipping_type`, `product_referral_code`, `shipping_cost`, `type`, `quantity`, `updated_at`, `created_at`) values (195, 9, 6, Black-M, 499, 0, home_delivery, ?, ?, Drop Shoulder, 1, 2025-07-05 20:01:52, 2025-07-05 20:01:52)) at C:\\laragon\\www\\thugos\\vendor\\laravel\\framework\\src\\Illuminate\\Database\\Connection.php:712)
[stacktrace]
#0 C:\\laragon\\www\\thugos\\vendor\\laravel\\framework\\src\\Illuminate\\Database\\Connection.php(672): Illuminate\\Database\\Connection->runQueryCallback('insert into `or...', Array, Object(Closure))
#1 C:\\laragon\\www\\thugos\\vendor\\laravel\\framework\\src\\Illuminate\\Database\\Connection.php(490): Illuminate\\Database\\Connection->run('insert into `or...', Array, Object(Closure))
#2 C:\\laragon\\www\\thugos\\vendor\\laravel\\framework\\src\\Illuminate\\Database\\Connection.php(454): Illuminate\\Database\\Connection->statement('insert into `or...', Array)
#3 C:\\laragon\\www\\thugos\\vendor\\laravel\\framework\\src\\Illuminate\\Database\\Query\\Processors\\Processor.php(32): Illuminate\\Database\\Connection->insert('insert into `or...', Array)
#4 C:\\laragon\\www\\thugos\\vendor\\laravel\\framework\\src\\Illuminate\\Database\\Query\\Builder.php(3028): Illuminate\\Database\\Query\\Processors\\Processor->processInsertGetId(Object(Illuminate\\Database\\Query\\Builder), 'insert into `or...', Array, 'id')
#5 C:\\laragon\\www\\thugos\\vendor\\laravel\\framework\\src\\Illuminate\\Database\\Eloquent\\Builder.php(1657): Illuminate\\Database\\Query\\Builder->insertGetId(Array, 'id')
#6 C:\\laragon\\www\\thugos\\vendor\\laravel\\framework\\src\\Illuminate\\Database\\Eloquent\\Model.php(1188): Illuminate\\Database\\Eloquent\\Builder->__call('insertGetId', Array)
#7 C:\\laragon\\www\\thugos\\vendor\\laravel\\framework\\src\\Illuminate\\Database\\Eloquent\\Model.php(1153): Illuminate\\Database\\Eloquent\\Model->insertAndSetId(Object(Illuminate\\Database\\Eloquent\\Builder), Array)
#8 C:\\laragon\\www\\thugos\\vendor\\laravel\\framework\\src\\Illuminate\\Database\\Eloquent\\Model.php(994): Illuminate\\Database\\Eloquent\\Model->performInsert(Object(Illuminate\\Database\\Eloquent\\Builder))
#9 C:\\laragon\\www\\thugos\\app\\Http\\Controllers\\OrderController.php(406): Illuminate\\Database\\Eloquent\\Model->save()
#10 C:\\laragon\\www\\thugos\\app\\Http\\Controllers\\CheckoutController.php(99): App\\Http\\Controllers\\OrderController->store(Object(Illuminate\\Http\\Request))
#11 C:\\laragon\\www\\thugos\\vendor\\laravel\\framework\\src\\Illuminate\\Routing\\Controller.php(54): App\\Http\\Controllers\\CheckoutController->checkout(Object(Illuminate\\Http\\Request))
#12 C:\\laragon\\www\\thugos\\vendor\\laravel\\framework\\src\\Illuminate\\Routing\\ControllerDispatcher.php(45): Illuminate\\Routing\\Controller->callAction('checkout', Array)
#13 C:\\laragon\\www\\thugos\\vendor\\laravel\\framework\\src\\Illuminate\\Routing\\Route.php(261): Illuminate\\Routing\\ControllerDispatcher->dispatch(Object(Illuminate\\Routing\\Route), Object(App\\Http\\Controllers\\CheckoutController), 'checkout')
#14 C:\\laragon\\www\\thugos\\vendor\\laravel\\framework\\src\\Illuminate\\Routing\\Route.php(205): Illuminate\\Routing\\Route->runController()
#15 C:\\laragon\\www\\thugos\\vendor\\laravel\\framework\\src\\Illuminate\\Routing\\Router.php(721): Illuminate\\Routing\\Route->run()
#16 C:\\laragon\\www\\thugos\\vendor\\laravel\\framework\\src\\Illuminate\\Pipeline\\Pipeline.php(128): Illuminate\\Routing\\Router->Illuminate\\Routing\\{closure}(Object(Illuminate\\Http\\Request))
#17 C:\\laragon\\www\\thugos\\app\\Http\\Middleware\\IsUnbanned.php(34): Illuminate\\Pipeline\\Pipeline->Illuminate\\Pipeline\\{closure}(Object(Illuminate\\Http\\Request))
#18 C:\\laragon\\www\\thugos\\vendor\\laravel\\framework\\src\\Illuminate\\Pipeline\\Pipeline.php(167): App\\Http\\Middleware\\IsUnbanned->handle(Object(Illuminate\\Http\\Request), Object(Closure))
#19 C:\\laragon\\www\\thugos\\app\\Http\\Middleware\\IsUser.php(24): Illuminate\\Pipeline\\Pipeline->Illuminate\\Pipeline\\{closure}(Object(Illuminate\\Http\\Request))
#20 C:\\laragon\\www\\thugos\\vendor\\laravel\\framework\\src\\Illuminate\\Pipeline\\Pipeline.php(167): App\\Http\\Middleware\\IsUser->handle(Object(Illuminate\\Http\\Request), Object(Closure))
#21 C:\\laragon\\www\\thugos\\app\\Http\\Middleware\\CheckForMaintenanceMode.php(58): Illuminate\\Pipeline\\Pipeline->Illuminate\\Pipeline\\{closure}(Object(Illuminate\\Http\\Request))
#22 C:\\laragon\\www\\thugos\\vendor\\laravel\\framework\\src\\Illuminate\\Pipeline\\Pipeline.php(167): App\\Http\\Middleware\\CheckForMaintenanceMode->handle(Object(Illuminate\\Http\\Request), Object(Closure))
#23 C:\\laragon\\www\\thugos\\app\\Http\\Middleware\\HttpsProtocol.php(20): Illuminate\\Pipeline\\Pipeline->Illuminate\\Pipeline\\{closure}(Object(Illuminate\\Http\\Request))
#24 C:\\laragon\\www\\thugos\\vendor\\laravel\\framework\\src\\Illuminate\\Pipeline\\Pipeline.php(167): App\\Http\\Middleware\\HttpsProtocol->handle(Object(Illuminate\\Http\\Request), Object(Closure))
#25 C:\\laragon\\www\\thugos\\app\\Http\\Middleware\\Language.php(31): Illuminate\\Pipeline\\Pipeline->Illuminate\\Pipeline\\{closure}(Object(Illuminate\\Http\\Request))
#26 C:\\laragon\\www\\thugos\\vendor\\laravel\\framework\\src\\Illuminate\\Pipeline\\Pipeline.php(167): App\\Http\\Middleware\\Language->handle(Object(Illuminate\\Http\\Request), Object(Closure))
#27 C:\\laragon\\www\\thugos\\vendor\\laravel\\framework\\src\\Illuminate\\Routing\\Middleware\\SubstituteBindings.php(50): Illuminate\\Pipeline\\Pipeline->Illuminate\\Pipeline\\{closure}(Object(Illuminate\\Http\\Request))
#28 C:\\laragon\\www\\thugos\\vendor\\laravel\\framework\\src\\Illuminate\\Pipeline\\Pipeline.php(167): Illuminate\\Routing\\Middleware\\SubstituteBindings->handle(Object(Illuminate\\Http\\Request), Object(Closure))
#29 C:\\laragon\\www\\thugos\\vendor\\laravel\\framework\\src\\Illuminate\\Foundation\\Http\\Middleware\\VerifyCsrfToken.php(78): Illuminate\\Pipeline\\Pipeline->Illuminate\\Pipeline\\{closure}(Object(Illuminate\\Http\\Request))
#30 C:\\laragon\\www\\thugos\\vendor\\laravel\\framework\\src\\Illuminate\\Pipeline\\Pipeline.php(167): Illuminate\\Foundation\\Http\\Middleware\\VerifyCsrfToken->handle(Object(Illuminate\\Http\\Request), Object(Closure))
#31 C:\\laragon\\www\\thugos\\vendor\\laravel\\framework\\src\\Illuminate\\View\\Middleware\\ShareErrorsFromSession.php(49): Illuminate\\Pipeline\\Pipeline->Illuminate\\Pipeline\\{closure}(Object(Illuminate\\Http\\Request))
#32 C:\\laragon\\www\\thugos\\vendor\\laravel\\framework\\src\\Illuminate\\Pipeline\\Pipeline.php(167): Illuminate\\View\\Middleware\\ShareErrorsFromSession->handle(Object(Illuminate\\Http\\Request), Object(Closure))
#33 C:\\laragon\\www\\thugos\\vendor\\laravel\\framework\\src\\Illuminate\\Session\\Middleware\\StartSession.php(121): Illuminate\\Pipeline\\Pipeline->Illuminate\\Pipeline\\{closure}(Object(Illuminate\\Http\\Request))
#34 C:\\laragon\\www\\thugos\\vendor\\laravel\\framework\\src\\Illuminate\\Session\\Middleware\\StartSession.php(64): Illuminate\\Session\\Middleware\\StartSession->handleStatefulRequest(Object(Illuminate\\Http\\Request), Object(Illuminate\\Session\\Store), Object(Closure))
#35 C:\\laragon\\www\\thugos\\vendor\\laravel\\framework\\src\\Illuminate\\Pipeline\\Pipeline.php(167): Illuminate\\Session\\Middleware\\StartSession->handle(Object(Illuminate\\Http\\Request), Object(Closure))
#36 C:\\laragon\\www\\thugos\\vendor\\laravel\\framework\\src\\Illuminate\\Cookie\\Middleware\\AddQueuedCookiesToResponse.php(37): Illuminate\\Pipeline\\Pipeline->Illuminate\\Pipeline\\{closure}(Object(Illuminate\\Http\\Request))
#37 C:\\laragon\\www\\thugos\\vendor\\laravel\\framework\\src\\Illuminate\\Pipeline\\Pipeline.php(167): Illuminate\\Cookie\\Middleware\\AddQueuedCookiesToResponse->handle(Object(Illuminate\\Http\\Request), Object(Closure))
#38 C:\\laragon\\www\\thugos\\vendor\\laravel\\framework\\src\\Illuminate\\Pipeline\\Pipeline.php(103): Illuminate\\Pipeline\\Pipeline->Illuminate\\Pipeline\\{closure}(Object(Illuminate\\Http\\Request))
#39 C:\\laragon\\www\\thugos\\vendor\\laravel\\framework\\src\\Illuminate\\Routing\\Router.php(719): Illuminate\\Pipeline\\Pipeline->then(Object(Closure))
#40 C:\\laragon\\www\\thugos\\vendor\\laravel\\framework\\src\\Illuminate\\Routing\\Router.php(698): Illuminate\\Routing\\Router->runRouteWithinStack(Object(Illuminate\\Routing\\Route), Object(Illuminate\\Http\\Request))
#41 C:\\laragon\\www\\thugos\\vendor\\laravel\\framework\\src\\Illuminate\\Routing\\Router.php(662): Illuminate\\Routing\\Router->runRoute(Object(Illuminate\\Http\\Request), Object(Illuminate\\Routing\\Route))
#42 C:\\laragon\\www\\thugos\\vendor\\laravel\\framework\\src\\Illuminate\\Routing\\Router.php(651): Illuminate\\Routing\\Router->dispatchToRoute(Object(Illuminate\\Http\\Request))
#43 C:\\laragon\\www\\thugos\\vendor\\laravel\\framework\\src\\Illuminate\\Foundation\\Http\\Kernel.php(167): Illuminate\\Routing\\Router->dispatch(Object(Illuminate\\Http\\Request))
#44 C:\\laragon\\www\\thugos\\vendor\\laravel\\framework\\src\\Illuminate\\Pipeline\\Pipeline.php(128): Illuminate\\Foundation\\Http\\Kernel->Illuminate\\Foundation\\Http\\{closure}(Object(Illuminate\\Http\\Request))
#45 C:\\laragon\\www\\thugos\\vendor\\barryvdh\\laravel-debugbar\\src\\Middleware\\InjectDebugbar.php(66): Illuminate\\Pipeline\\Pipeline->Illuminate\\Pipeline\\{closure}(Object(Illuminate\\Http\\Request))
#46 C:\\laragon\\www\\thugos\\vendor\\laravel\\framework\\src\\Illuminate\\Pipeline\\Pipeline.php(167): Barryvdh\\Debugbar\\Middleware\\InjectDebugbar->handle(Object(Illuminate\\Http\\Request), Object(Closure))
#47 C:\\laragon\\www\\thugos\\vendor\\fideloper\\proxy\\src\\TrustProxies.php(57): Illuminate\\Pipeline\\Pipeline->Illuminate\\Pipeline\\{closure}(Object(Illuminate\\Http\\Request))
#48 C:\\laragon\\www\\thugos\\vendor\\laravel\\framework\\src\\Illuminate\\Pipeline\\Pipeline.php(167): Fideloper\\Proxy\\TrustProxies->handle(Object(Illuminate\\Http\\Request), Object(Closure))
#49 C:\\laragon\\www\\thugos\\vendor\\laravel\\framework\\src\\Illuminate\\Foundation\\Http\\Middleware\\TransformsRequest.php(21): Illuminate\\Pipeline\\Pipeline->Illuminate\\Pipeline\\{closure}(Object(Illuminate\\Http\\Request))
#50 C:\\laragon\\www\\thugos\\vendor\\laravel\\framework\\src\\Illuminate\\Foundation\\Http\\Middleware\\ConvertEmptyStringsToNull.php(31): Illuminate\\Foundation\\Http\\Middleware\\TransformsRequest->handle(Object(Illuminate\\Http\\Request), Object(Closure))
#51 C:\\laragon\\www\\thugos\\vendor\\laravel\\framework\\src\\Illuminate\\Pipeline\\Pipeline.php(167): Illuminate\\Foundation\\Http\\Middleware\\ConvertEmptyStringsToNull->handle(Object(Illuminate\\Http\\Request), Object(Closure))
#52 C:\\laragon\\www\\thugos\\vendor\\laravel\\framework\\src\\Illuminate\\Foundation\\Http\\Middleware\\TransformsRequest.php(21): Illuminate\\Pipeline\\Pipeline->Illuminate\\Pipeline\\{closure}(Object(Illuminate\\Http\\Request))
#53 C:\\laragon\\www\\thugos\\vendor\\laravel\\framework\\src\\Illuminate\\Foundation\\Http\\Middleware\\TrimStrings.php(40): Illuminate\\Foundation\\Http\\Middleware\\TransformsRequest->handle(Object(Illuminate\\Http\\Request), Object(Closure))
#54 C:\\laragon\\www\\thugos\\vendor\\laravel\\framework\\src\\Illuminate\\Pipeline\\Pipeline.php(167): Illuminate\\Foundation\\Http\\Middleware\\TrimStrings->handle(Object(Illuminate\\Http\\Request), Object(Closure))
#55 C:\\laragon\\www\\thugos\\vendor\\laravel\\framework\\src\\Illuminate\\Foundation\\Http\\Middleware\\ValidatePostSize.php(27): Illuminate\\Pipeline\\Pipeline->Illuminate\\Pipeline\\{closure}(Object(Illuminate\\Http\\Request))
#56 C:\\laragon\\www\\thugos\\vendor\\laravel\\framework\\src\\Illuminate\\Pipeline\\Pipeline.php(167): Illuminate\\Foundation\\Http\\Middleware\\ValidatePostSize->handle(Object(Illuminate\\Http\\Request), Object(Closure))
#57 C:\\laragon\\www\\thugos\\vendor\\laravel\\framework\\src\\Illuminate\\Pipeline\\Pipeline.php(103): Illuminate\\Pipeline\\Pipeline->Illuminate\\Pipeline\\{closure}(Object(Illuminate\\Http\\Request))
#58 C:\\laragon\\www\\thugos\\vendor\\laravel\\framework\\src\\Illuminate\\Foundation\\Http\\Kernel.php(142): Illuminate\\Pipeline\\Pipeline->then(Object(Closure))
#59 C:\\laragon\\www\\thugos\\vendor\\laravel\\framework\\src\\Illuminate\\Foundation\\Http\\Kernel.php(111): Illuminate\\Foundation\\Http\\Kernel->sendRequestThroughRouter(Object(Illuminate\\Http\\Request))
#60 C:\\laragon\\www\\thugos\\index.php(56): Illuminate\\Foundation\\Http\\Kernel->handle(Object(Illuminate\\Http\\Request))
#61 {main}

[previous exception] [object] (PDOException(code: 23000): SQLSTATE[23000]: Integrity constraint violation: 1048 Column 'shipping_cost' cannot be null at C:\\laragon\\www\\thugos\\vendor\\laravel\\framework\\src\\Illuminate\\Database\\Connection.php:501)
[stacktrace]
#0 C:\\laragon\\www\\thugos\\vendor\\laravel\\framework\\src\\Illuminate\\Database\\Connection.php(501): PDOStatement->execute()
#1 C:\\laragon\\www\\thugos\\vendor\\laravel\\framework\\src\\Illuminate\\Database\\Connection.php(705): Illuminate\\Database\\Connection->Illuminate\\Database\\{closure}('insert into `or...', Array)
#2 C:\\laragon\\www\\thugos\\vendor\\laravel\\framework\\src\\Illuminate\\Database\\Connection.php(672): Illuminate\\Database\\Connection->runQueryCallback('insert into `or...', Array, Object(Closure))
#3 C:\\laragon\\www\\thugos\\vendor\\laravel\\framework\\src\\Illuminate\\Database\\Connection.php(490): Illuminate\\Database\\Connection->run('insert into `or...', Array, Object(Closure))
#4 C:\\laragon\\www\\thugos\\vendor\\laravel\\framework\\src\\Illuminate\\Database\\Connection.php(454): Illuminate\\Database\\Connection->statement('insert into `or...', Array)
#5 C:\\laragon\\www\\thugos\\vendor\\laravel\\framework\\src\\Illuminate\\Database\\Query\\Processors\\Processor.php(32): Illuminate\\Database\\Connection->insert('insert into `or...', Array)
#6 C:\\laragon\\www\\thugos\\vendor\\laravel\\framework\\src\\Illuminate\\Database\\Query\\Builder.php(3028): Illuminate\\Database\\Query\\Processors\\Processor->processInsertGetId(Object(Illuminate\\Database\\Query\\Builder), 'insert into `or...', Array, 'id')
#7 C:\\laragon\\www\\thugos\\vendor\\laravel\\framework\\src\\Illuminate\\Database\\Eloquent\\Builder.php(1657): Illuminate\\Database\\Query\\Builder->insertGetId(Array, 'id')
#8 C:\\laragon\\www\\thugos\\vendor\\laravel\\framework\\src\\Illuminate\\Database\\Eloquent\\Model.php(1188): Illuminate\\Database\\Eloquent\\Builder->__call('insertGetId', Array)
#9 C:\\laragon\\www\\thugos\\vendor\\laravel\\framework\\src\\Illuminate\\Database\\Eloquent\\Model.php(1153): Illuminate\\Database\\Eloquent\\Model->insertAndSetId(Object(Illuminate\\Database\\Eloquent\\Builder), Array)
#10 C:\\laragon\\www\\thugos\\vendor\\laravel\\framework\\src\\Illuminate\\Database\\Eloquent\\Model.php(994): Illuminate\\Database\\Eloquent\\Model->performInsert(Object(Illuminate\\Database\\Eloquent\\Builder))
#11 C:\\laragon\\www\\thugos\\app\\Http\\Controllers\\OrderController.php(406): Illuminate\\Database\\Eloquent\\Model->save()
#12 C:\\laragon\\www\\thugos\\app\\Http\\Controllers\\CheckoutController.php(99): App\\Http\\Controllers\\OrderController->store(Object(Illuminate\\Http\\Request))
#13 C:\\laragon\\www\\thugos\\vendor\\laravel\\framework\\src\\Illuminate\\Routing\\Controller.php(54): App\\Http\\Controllers\\CheckoutController->checkout(Object(Illuminate\\Http\\Request))
#14 C:\\laragon\\www\\thugos\\vendor\\laravel\\framework\\src\\Illuminate\\Routing\\ControllerDispatcher.php(45): Illuminate\\Routing\\Controller->callAction('checkout', Array)
#15 C:\\laragon\\www\\thugos\\vendor\\laravel\\framework\\src\\Illuminate\\Routing\\Route.php(261): Illuminate\\Routing\\ControllerDispatcher->dispatch(Object(Illuminate\\Routing\\Route), Object(App\\Http\\Controllers\\CheckoutController), 'checkout')
#16 C:\\laragon\\www\\thugos\\vendor\\laravel\\framework\\src\\Illuminate\\Routing\\Route.php(205): Illuminate\\Routing\\Route->runController()
#17 C:\\laragon\\www\\thugos\\vendor\\laravel\\framework\\src\\Illuminate\\Routing\\Router.php(721): Illuminate\\Routing\\Route->run()
#18 C:\\laragon\\www\\thugos\\vendor\\laravel\\framework\\src\\Illuminate\\Pipeline\\Pipeline.php(128): Illuminate\\Routing\\Router->Illuminate\\Routing\\{closure}(Object(Illuminate\\Http\\Request))
#19 C:\\laragon\\www\\thugos\\app\\Http\\Middleware\\IsUnbanned.php(34): Illuminate\\Pipeline\\Pipeline->Illuminate\\Pipeline\\{closure}(Object(Illuminate\\Http\\Request))
#20 C:\\laragon\\www\\thugos\\vendor\\laravel\\framework\\src\\Illuminate\\Pipeline\\Pipeline.php(167): App\\Http\\Middleware\\IsUnbanned->handle(Object(Illuminate\\Http\\Request), Object(Closure))
#21 C:\\laragon\\www\\thugos\\app\\Http\\Middleware\\IsUser.php(24): Illuminate\\Pipeline\\Pipeline->Illuminate\\Pipeline\\{closure}(Object(Illuminate\\Http\\Request))
#22 C:\\laragon\\www\\thugos\\vendor\\laravel\\framework\\src\\Illuminate\\Pipeline\\Pipeline.php(167): App\\Http\\Middleware\\IsUser->handle(Object(Illuminate\\Http\\Request), Object(Closure))
#23 C:\\laragon\\www\\thugos\\app\\Http\\Middleware\\CheckForMaintenanceMode.php(58): Illuminate\\Pipeline\\Pipeline->Illuminate\\Pipeline\\{closure}(Object(Illuminate\\Http\\Request))
#24 C:\\laragon\\www\\thugos\\vendor\\laravel\\framework\\src\\Illuminate\\Pipeline\\Pipeline.php(167): App\\Http\\Middleware\\CheckForMaintenanceMode->handle(Object(Illuminate\\Http\\Request), Object(Closure))
#25 C:\\laragon\\www\\thugos\\app\\Http\\Middleware\\HttpsProtocol.php(20): Illuminate\\Pipeline\\Pipeline->Illuminate\\Pipeline\\{closure}(Object(Illuminate\\Http\\Request))
#26 C:\\laragon\\www\\thugos\\vendor\\laravel\\framework\\src\\Illuminate\\Pipeline\\Pipeline.php(167): App\\Http\\Middleware\\HttpsProtocol->handle(Object(Illuminate\\Http\\Request), Object(Closure))
#27 C:\\laragon\\www\\thugos\\app\\Http\\Middleware\\Language.php(31): Illuminate\\Pipeline\\Pipeline->Illuminate\\Pipeline\\{closure}(Object(Illuminate\\Http\\Request))
#28 C:\\laragon\\www\\thugos\\vendor\\laravel\\framework\\src\\Illuminate\\Pipeline\\Pipeline.php(167): App\\Http\\Middleware\\Language->handle(Object(Illuminate\\Http\\Request), Object(Closure))
#29 C:\\laragon\\www\\thugos\\vendor\\laravel\\framework\\src\\Illuminate\\Routing\\Middleware\\SubstituteBindings.php(50): Illuminate\\Pipeline\\Pipeline->Illuminate\\Pipeline\\{closure}(Object(Illuminate\\Http\\Request))
#30 C:\\laragon\\www\\thugos\\vendor\\laravel\\framework\\src\\Illuminate\\Pipeline\\Pipeline.php(167): Illuminate\\Routing\\Middleware\\SubstituteBindings->handle(Object(Illuminate\\Http\\Request), Object(Closure))
#31 C:\\laragon\\www\\thugos\\vendor\\laravel\\framework\\src\\Illuminate\\Foundation\\Http\\Middleware\\VerifyCsrfToken.php(78): Illuminate\\Pipeline\\Pipeline->Illuminate\\Pipeline\\{closure}(Object(Illuminate\\Http\\Request))
#32 C:\\laragon\\www\\thugos\\vendor\\laravel\\framework\\src\\Illuminate\\Pipeline\\Pipeline.php(167): Illuminate\\Foundation\\Http\\Middleware\\VerifyCsrfToken->handle(Object(Illuminate\\Http\\Request), Object(Closure))
#33 C:\\laragon\\www\\thugos\\vendor\\laravel\\framework\\src\\Illuminate\\View\\Middleware\\ShareErrorsFromSession.php(49): Illuminate\\Pipeline\\Pipeline->Illuminate\\Pipeline\\{closure}(Object(Illuminate\\Http\\Request))
#34 C:\\laragon\\www\\thugos\\vendor\\laravel\\framework\\src\\Illuminate\\Pipeline\\Pipeline.php(167): Illuminate\\View\\Middleware\\ShareErrorsFromSession->handle(Object(Illuminate\\Http\\Request), Object(Closure))
#35 C:\\laragon\\www\\thugos\\vendor\\laravel\\framework\\src\\Illuminate\\Session\\Middleware\\StartSession.php(121): Illuminate\\Pipeline\\Pipeline->Illuminate\\Pipeline\\{closure}(Object(Illuminate\\Http\\Request))
#36 C:\\laragon\\www\\thugos\\vendor\\laravel\\framework\\src\\Illuminate\\Session\\Middleware\\StartSession.php(64): Illuminate\\Session\\Middleware\\StartSession->handleStatefulRequest(Object(Illuminate\\Http\\Request), Object(Illuminate\\Session\\Store), Object(Closure))
#37 C:\\laragon\\www\\thugos\\vendor\\laravel\\framework\\src\\Illuminate\\Pipeline\\Pipeline.php(167): Illuminate\\Session\\Middleware\\StartSession->handle(Object(Illuminate\\Http\\Request), Object(Closure))
#38 C:\\laragon\\www\\thugos\\vendor\\laravel\\framework\\src\\Illuminate\\Cookie\\Middleware\\AddQueuedCookiesToResponse.php(37): Illuminate\\Pipeline\\Pipeline->Illuminate\\Pipeline\\{closure}(Object(Illuminate\\Http\\Request))
#39 C:\\laragon\\www\\thugos\\vendor\\laravel\\framework\\src\\Illuminate\\Pipeline\\Pipeline.php(167): Illuminate\\Cookie\\Middleware\\AddQueuedCookiesToResponse->handle(Object(Illuminate\\Http\\Request), Object(Closure))
#40 C:\\laragon\\www\\thugos\\vendor\\laravel\\framework\\src\\Illuminate\\Pipeline\\Pipeline.php(103): Illuminate\\Pipeline\\Pipeline->Illuminate\\Pipeline\\{closure}(Object(Illuminate\\Http\\Request))
#41 C:\\laragon\\www\\thugos\\vendor\\laravel\\framework\\src\\Illuminate\\Routing\\Router.php(719): Illuminate\\Pipeline\\Pipeline->then(Object(Closure))
#42 C:\\laragon\\www\\thugos\\vendor\\laravel\\framework\\src\\Illuminate\\Routing\\Router.php(698): Illuminate\\Routing\\Router->runRouteWithinStack(Object(Illuminate\\Routing\\Route), Object(Illuminate\\Http\\Request))
#43 C:\\laragon\\www\\thugos\\vendor\\laravel\\framework\\src\\Illuminate\\Routing\\Router.php(662): Illuminate\\Routing\\Router->runRoute(Object(Illuminate\\Http\\Request), Object(Illuminate\\Routing\\Route))
#44 C:\\laragon\\www\\thugos\\vendor\\laravel\\framework\\src\\Illuminate\\Routing\\Router.php(651): Illuminate\\Routing\\Router->dispatchToRoute(Object(Illuminate\\Http\\Request))
#45 C:\\laragon\\www\\thugos\\vendor\\laravel\\framework\\src\\Illuminate\\Foundation\\Http\\Kernel.php(167): Illuminate\\Routing\\Router->dispatch(Object(Illuminate\\Http\\Request))
#46 C:\\laragon\\www\\thugos\\vendor\\laravel\\framework\\src\\Illuminate\\Pipeline\\Pipeline.php(128): Illuminate\\Foundation\\Http\\Kernel->Illuminate\\Foundation\\Http\\{closure}(Object(Illuminate\\Http\\Request))
#47 C:\\laragon\\www\\thugos\\vendor\\barryvdh\\laravel-debugbar\\src\\Middleware\\InjectDebugbar.php(66): Illuminate\\Pipeline\\Pipeline->Illuminate\\Pipeline\\{closure}(Object(Illuminate\\Http\\Request))
#48 C:\\laragon\\www\\thugos\\vendor\\laravel\\framework\\src\\Illuminate\\Pipeline\\Pipeline.php(167): Barryvdh\\Debugbar\\Middleware\\InjectDebugbar->handle(Object(Illuminate\\Http\\Request), Object(Closure))
#49 C:\\laragon\\www\\thugos\\vendor\\fideloper\\proxy\\src\\TrustProxies.php(57): Illuminate\\Pipeline\\Pipeline->Illuminate\\Pipeline\\{closure}(Object(Illuminate\\Http\\Request))
#50 C:\\laragon\\www\\thugos\\vendor\\laravel\\framework\\src\\Illuminate\\Pipeline\\Pipeline.php(167): Fideloper\\Proxy\\TrustProxies->handle(Object(Illuminate\\Http\\Request), Object(Closure))
#51 C:\\laragon\\www\\thugos\\vendor\\laravel\\framework\\src\\Illuminate\\Foundation\\Http\\Middleware\\TransformsRequest.php(21): Illuminate\\Pipeline\\Pipeline->Illuminate\\Pipeline\\{closure}(Object(Illuminate\\Http\\Request))
#52 C:\\laragon\\www\\thugos\\vendor\\laravel\\framework\\src\\Illuminate\\Foundation\\Http\\Middleware\\ConvertEmptyStringsToNull.php(31): Illuminate\\Foundation\\Http\\Middleware\\TransformsRequest->handle(Object(Illuminate\\Http\\Request), Object(Closure))
#53 C:\\laragon\\www\\thugos\\vendor\\laravel\\framework\\src\\Illuminate\\Pipeline\\Pipeline.php(167): Illuminate\\Foundation\\Http\\Middleware\\ConvertEmptyStringsToNull->handle(Object(Illuminate\\Http\\Request), Object(Closure))
#54 C:\\laragon\\www\\thugos\\vendor\\laravel\\framework\\src\\Illuminate\\Foundation\\Http\\Middleware\\TransformsRequest.php(21): Illuminate\\Pipeline\\Pipeline->Illuminate\\Pipeline\\{closure}(Object(Illuminate\\Http\\Request))
#55 C:\\laragon\\www\\thugos\\vendor\\laravel\\framework\\src\\Illuminate\\Foundation\\Http\\Middleware\\TrimStrings.php(40): Illuminate\\Foundation\\Http\\Middleware\\TransformsRequest->handle(Object(Illuminate\\Http\\Request), Object(Closure))
#56 C:\\laragon\\www\\thugos\\vendor\\laravel\\framework\\src\\Illuminate\\Pipeline\\Pipeline.php(167): Illuminate\\Foundation\\Http\\Middleware\\TrimStrings->handle(Object(Illuminate\\Http\\Request), Object(Closure))
#57 C:\\laragon\\www\\thugos\\vendor\\laravel\\framework\\src\\Illuminate\\Foundation\\Http\\Middleware\\ValidatePostSize.php(27): Illuminate\\Pipeline\\Pipeline->Illuminate\\Pipeline\\{closure}(Object(Illuminate\\Http\\Request))
#58 C:\\laragon\\www\\thugos\\vendor\\laravel\\framework\\src\\Illuminate\\Pipeline\\Pipeline.php(167): Illuminate\\Foundation\\Http\\Middleware\\ValidatePostSize->handle(Object(Illuminate\\Http\\Request), Object(Closure))
#59 C:\\laragon\\www\\thugos\\vendor\\laravel\\framework\\src\\Illuminate\\Pipeline\\Pipeline.php(103): Illuminate\\Pipeline\\Pipeline->Illuminate\\Pipeline\\{closure}(Object(Illuminate\\Http\\Request))
#60 C:\\laragon\\www\\thugos\\vendor\\laravel\\framework\\src\\Illuminate\\Foundation\\Http\\Kernel.php(142): Illuminate\\Pipeline\\Pipeline->then(Object(Closure))
#61 C:\\laragon\\www\\thugos\\vendor\\laravel\\framework\\src\\Illuminate\\Foundation\\Http\\Kernel.php(111): Illuminate\\Foundation\\Http\\Kernel->sendRequestThroughRouter(Object(Illuminate\\Http\\Request))
#62 C:\\laragon\\www\\thugos\\index.php(56): Illuminate\\Foundation\\Http\\Kernel->handle(Object(Illuminate\\Http\\Request))
#63 {main}
"} 
[2025-07-05 20:02:18] local.ERROR: Uncaught ReflectionException: Class "App\Policies\ModelPolicy" does not exist in Command line code:1
Stack trace:
#0 Command line code(1): ReflectionClass->__construct('App\\Policies\\Mo...')
#1 [internal function]: {closure}('App\\Policies\\Mo...', 'App\\Model')
#2 Command line code(1): array_map(Object(Closure), Array, Array)
#3 {main}
  thrown {"exception":"[object] (Symfony\\Component\\ErrorHandler\\Error\\FatalError(code: 0): Uncaught ReflectionException: Class \"App\\Policies\\ModelPolicy\" does not exist in Command line code:1
Stack trace:
#0 Command line code(1): ReflectionClass->__construct('App\\\\Policies\\\\Mo...')
#1 [internal function]: {closure}('App\\\\Policies\\\\Mo...', 'App\\\\Model')
#2 Command line code(1): array_map(Object(Closure), Array, Array)
#3 {main}
  thrown at Command line code:1)
[stacktrace]
#0 {main}
"} 
[2025-07-05 20:03:18] local.ERROR: Uncaught ReflectionException: Class "App\Policies\ModelPolicy" does not exist in Command line code:1
Stack trace:
#0 Command line code(1): ReflectionClass->__construct('App\\Policies\\Mo...')
#1 [internal function]: {closure}('App\\Policies\\Mo...', 'App\\Model')
#2 Command line code(1): array_map(Object(Closure), Array, Array)
#3 {main}
  thrown {"exception":"[object] (Symfony\\Component\\ErrorHandler\\Error\\FatalError(code: 0): Uncaught ReflectionException: Class \"App\\Policies\\ModelPolicy\" does not exist in Command line code:1
Stack trace:
#0 Command line code(1): ReflectionClass->__construct('App\\\\Policies\\\\Mo...')
#1 [internal function]: {closure}('App\\\\Policies\\\\Mo...', 'App\\\\Model')
#2 Command line code(1): array_map(Object(Closure), Array, Array)
#3 {main}
  thrown at Command line code:1)
[stacktrace]
#0 {main}
"} 
[2025-07-05 20:04:18] local.ERROR: Uncaught ReflectionException: Class "App\Policies\ModelPolicy" does not exist in Command line code:1
Stack trace:
#0 Command line code(1): ReflectionClass->__construct('App\\Policies\\Mo...')
#1 [internal function]: {closure}('App\\Policies\\Mo...', 'App\\Model')
#2 Command line code(1): array_map(Object(Closure), Array, Array)
#3 {main}
  thrown {"exception":"[object] (Symfony\\Component\\ErrorHandler\\Error\\FatalError(code: 0): Uncaught ReflectionException: Class \"App\\Policies\\ModelPolicy\" does not exist in Command line code:1
Stack trace:
#0 Command line code(1): ReflectionClass->__construct('App\\\\Policies\\\\Mo...')
#1 [internal function]: {closure}('App\\\\Policies\\\\Mo...', 'App\\\\Model')
#2 Command line code(1): array_map(Object(Closure), Array, Array)
#3 {main}
  thrown at Command line code:1)
[stacktrace]
#0 {main}
"} 
[2025-07-05 20:05:18] local.ERROR: Uncaught ReflectionException: Class "App\Policies\ModelPolicy" does not exist in Command line code:1
Stack trace:
#0 Command line code(1): ReflectionClass->__construct('App\\Policies\\Mo...')
#1 [internal function]: {closure}('App\\Policies\\Mo...', 'App\\Model')
#2 Command line code(1): array_map(Object(Closure), Array, Array)
#3 {main}
  thrown {"exception":"[object] (Symfony\\Component\\ErrorHandler\\Error\\FatalError(code: 0): Uncaught ReflectionException: Class \"App\\Policies\\ModelPolicy\" does not exist in Command line code:1
Stack trace:
#0 Command line code(1): ReflectionClass->__construct('App\\\\Policies\\\\Mo...')
#1 [internal function]: {closure}('App\\\\Policies\\\\Mo...', 'App\\\\Model')
#2 Command line code(1): array_map(Object(Closure), Array, Array)
#3 {main}
  thrown at Command line code:1)
[stacktrace]
#0 {main}
"} 
[2025-07-05 20:06:18] local.ERROR: Uncaught ReflectionException: Class "App\Policies\ModelPolicy" does not exist in Command line code:1
Stack trace:
#0 Command line code(1): ReflectionClass->__construct('App\\Policies\\Mo...')
#1 [internal function]: {closure}('App\\Policies\\Mo...', 'App\\Model')
#2 Command line code(1): array_map(Object(Closure), Array, Array)
#3 {main}
  thrown {"exception":"[object] (Symfony\\Component\\ErrorHandler\\Error\\FatalError(code: 0): Uncaught ReflectionException: Class \"App\\Policies\\ModelPolicy\" does not exist in Command line code:1
Stack trace:
#0 Command line code(1): ReflectionClass->__construct('App\\\\Policies\\\\Mo...')
#1 [internal function]: {closure}('App\\\\Policies\\\\Mo...', 'App\\\\Model')
#2 Command line code(1): array_map(Object(Closure), Array, Array)
#3 {main}
  thrown at Command line code:1)
[stacktrace]
#0 {main}
"} 
[2025-07-05 20:07:18] local.ERROR: Uncaught ReflectionException: Class "App\Policies\ModelPolicy" does not exist in Command line code:1
Stack trace:
#0 Command line code(1): ReflectionClass->__construct('App\\Policies\\Mo...')
#1 [internal function]: {closure}('App\\Policies\\Mo...', 'App\\Model')
#2 Command line code(1): array_map(Object(Closure), Array, Array)
#3 {main}
  thrown {"exception":"[object] (Symfony\\Component\\ErrorHandler\\Error\\FatalError(code: 0): Uncaught ReflectionException: Class \"App\\Policies\\ModelPolicy\" does not exist in Command line code:1
Stack trace:
#0 Command line code(1): ReflectionClass->__construct('App\\\\Policies\\\\Mo...')
#1 [internal function]: {closure}('App\\\\Policies\\\\Mo...', 'App\\\\Model')
#2 Command line code(1): array_map(Object(Closure), Array, Array)
#3 {main}
  thrown at Command line code:1)
[stacktrace]
#0 {main}
"} 
[2025-07-05 20:08:18] local.ERROR: Uncaught ReflectionException: Class "App\Policies\ModelPolicy" does not exist in Command line code:1
Stack trace:
#0 Command line code(1): ReflectionClass->__construct('App\\Policies\\Mo...')
#1 [internal function]: {closure}('App\\Policies\\Mo...', 'App\\Model')
#2 Command line code(1): array_map(Object(Closure), Array, Array)
#3 {main}
  thrown {"exception":"[object] (Symfony\\Component\\ErrorHandler\\Error\\FatalError(code: 0): Uncaught ReflectionException: Class \"App\\Policies\\ModelPolicy\" does not exist in Command line code:1
Stack trace:
#0 Command line code(1): ReflectionClass->__construct('App\\\\Policies\\\\Mo...')
#1 [internal function]: {closure}('App\\\\Policies\\\\Mo...', 'App\\\\Model')
#2 Command line code(1): array_map(Object(Closure), Array, Array)
#3 {main}
  thrown at Command line code:1)
[stacktrace]
#0 {main}
"} 
[2025-07-05 20:09:18] local.ERROR: Uncaught ReflectionException: Class "App\Policies\ModelPolicy" does not exist in Command line code:1
Stack trace:
#0 Command line code(1): ReflectionClass->__construct('App\\Policies\\Mo...')
#1 [internal function]: {closure}('App\\Policies\\Mo...', 'App\\Model')
#2 Command line code(1): array_map(Object(Closure), Array, Array)
#3 {main}
  thrown {"exception":"[object] (Symfony\\Component\\ErrorHandler\\Error\\FatalError(code: 0): Uncaught ReflectionException: Class \"App\\Policies\\ModelPolicy\" does not exist in Command line code:1
Stack trace:
#0 Command line code(1): ReflectionClass->__construct('App\\\\Policies\\\\Mo...')
#1 [internal function]: {closure}('App\\\\Policies\\\\Mo...', 'App\\\\Model')
#2 Command line code(1): array_map(Object(Closure), Array, Array)
#3 {main}
  thrown at Command line code:1)
[stacktrace]
#0 {main}
"} 
[2025-07-05 20:10:18] local.ERROR: Uncaught ReflectionException: Class "App\Policies\ModelPolicy" does not exist in Command line code:1
Stack trace:
#0 Command line code(1): ReflectionClass->__construct('App\\Policies\\Mo...')
#1 [internal function]: {closure}('App\\Policies\\Mo...', 'App\\Model')
#2 Command line code(1): array_map(Object(Closure), Array, Array)
#3 {main}
  thrown {"exception":"[object] (Symfony\\Component\\ErrorHandler\\Error\\FatalError(code: 0): Uncaught ReflectionException: Class \"App\\Policies\\ModelPolicy\" does not exist in Command line code:1
Stack trace:
#0 Command line code(1): ReflectionClass->__construct('App\\\\Policies\\\\Mo...')
#1 [internal function]: {closure}('App\\\\Policies\\\\Mo...', 'App\\\\Model')
#2 Command line code(1): array_map(Object(Closure), Array, Array)
#3 {main}
  thrown at Command line code:1)
[stacktrace]
#0 {main}
"} 
[2025-07-05 20:11:18] local.ERROR: Uncaught ReflectionException: Class "App\Policies\ModelPolicy" does not exist in Command line code:1
Stack trace:
#0 Command line code(1): ReflectionClass->__construct('App\\Policies\\Mo...')
#1 [internal function]: {closure}('App\\Policies\\Mo...', 'App\\Model')
#2 Command line code(1): array_map(Object(Closure), Array, Array)
#3 {main}
  thrown {"exception":"[object] (Symfony\\Component\\ErrorHandler\\Error\\FatalError(code: 0): Uncaught ReflectionException: Class \"App\\Policies\\ModelPolicy\" does not exist in Command line code:1
Stack trace:
#0 Command line code(1): ReflectionClass->__construct('App\\\\Policies\\\\Mo...')
#1 [internal function]: {closure}('App\\\\Policies\\\\Mo...', 'App\\\\Model')
#2 Command line code(1): array_map(Object(Closure), Array, Array)
#3 {main}
  thrown at Command line code:1)
[stacktrace]
#0 {main}
"} 
[2025-07-05 20:12:18] local.ERROR: Uncaught ReflectionException: Class "App\Policies\ModelPolicy" does not exist in Command line code:1
Stack trace:
#0 Command line code(1): ReflectionClass->__construct('App\\Policies\\Mo...')
#1 [internal function]: {closure}('App\\Policies\\Mo...', 'App\\Model')
#2 Command line code(1): array_map(Object(Closure), Array, Array)
#3 {main}
  thrown {"exception":"[object] (Symfony\\Component\\ErrorHandler\\Error\\FatalError(code: 0): Uncaught ReflectionException: Class \"App\\Policies\\ModelPolicy\" does not exist in Command line code:1
Stack trace:
#0 Command line code(1): ReflectionClass->__construct('App\\\\Policies\\\\Mo...')
#1 [internal function]: {closure}('App\\\\Policies\\\\Mo...', 'App\\\\Model')
#2 Command line code(1): array_map(Object(Closure), Array, Array)
#3 {main}
  thrown at Command line code:1)
[stacktrace]
#0 {main}
"} 
[2025-07-05 20:13:18] local.ERROR: Uncaught ReflectionException: Class "App\Policies\ModelPolicy" does not exist in Command line code:1
Stack trace:
#0 Command line code(1): ReflectionClass->__construct('App\\Policies\\Mo...')
#1 [internal function]: {closure}('App\\Policies\\Mo...', 'App\\Model')
#2 Command line code(1): array_map(Object(Closure), Array, Array)
#3 {main}
  thrown {"exception":"[object] (Symfony\\Component\\ErrorHandler\\Error\\FatalError(code: 0): Uncaught ReflectionException: Class \"App\\Policies\\ModelPolicy\" does not exist in Command line code:1
Stack trace:
#0 Command line code(1): ReflectionClass->__construct('App\\\\Policies\\\\Mo...')
#1 [internal function]: {closure}('App\\\\Policies\\\\Mo...', 'App\\\\Model')
#2 Command line code(1): array_map(Object(Closure), Array, Array)
#3 {main}
  thrown at Command line code:1)
[stacktrace]
#0 {main}
"} 
[2025-07-05 20:14:18] local.ERROR: Uncaught ReflectionException: Class "App\Policies\ModelPolicy" does not exist in Command line code:1
Stack trace:
#0 Command line code(1): ReflectionClass->__construct('App\\Policies\\Mo...')
#1 [internal function]: {closure}('App\\Policies\\Mo...', 'App\\Model')
#2 Command line code(1): array_map(Object(Closure), Array, Array)
#3 {main}
  thrown {"exception":"[object] (Symfony\\Component\\ErrorHandler\\Error\\FatalError(code: 0): Uncaught ReflectionException: Class \"App\\Policies\\ModelPolicy\" does not exist in Command line code:1
Stack trace:
#0 Command line code(1): ReflectionClass->__construct('App\\\\Policies\\\\Mo...')
#1 [internal function]: {closure}('App\\\\Policies\\\\Mo...', 'App\\\\Model')
#2 Command line code(1): array_map(Object(Closure), Array, Array)
#3 {main}
  thrown at Command line code:1)
[stacktrace]
#0 {main}
"} 
[2025-07-05 20:15:18] local.ERROR: Uncaught ReflectionException: Class "App\Policies\ModelPolicy" does not exist in Command line code:1
Stack trace:
#0 Command line code(1): ReflectionClass->__construct('App\\Policies\\Mo...')
#1 [internal function]: {closure}('App\\Policies\\Mo...', 'App\\Model')
#2 Command line code(1): array_map(Object(Closure), Array, Array)
#3 {main}
  thrown {"exception":"[object] (Symfony\\Component\\ErrorHandler\\Error\\FatalError(code: 0): Uncaught ReflectionException: Class \"App\\Policies\\ModelPolicy\" does not exist in Command line code:1
Stack trace:
#0 Command line code(1): ReflectionClass->__construct('App\\\\Policies\\\\Mo...')
#1 [internal function]: {closure}('App\\\\Policies\\\\Mo...', 'App\\\\Model')
#2 Command line code(1): array_map(Object(Closure), Array, Array)
#3 {main}
  thrown at Command line code:1)
[stacktrace]
#0 {main}
"} 
[2025-07-05 20:16:18] local.ERROR: Uncaught ReflectionException: Class "App\Policies\ModelPolicy" does not exist in Command line code:1
Stack trace:
#0 Command line code(1): ReflectionClass->__construct('App\\Policies\\Mo...')
#1 [internal function]: {closure}('App\\Policies\\Mo...', 'App\\Model')
#2 Command line code(1): array_map(Object(Closure), Array, Array)
#3 {main}
  thrown {"exception":"[object] (Symfony\\Component\\ErrorHandler\\Error\\FatalError(code: 0): Uncaught ReflectionException: Class \"App\\Policies\\ModelPolicy\" does not exist in Command line code:1
Stack trace:
#0 Command line code(1): ReflectionClass->__construct('App\\\\Policies\\\\Mo...')
#1 [internal function]: {closure}('App\\\\Policies\\\\Mo...', 'App\\\\Model')
#2 Command line code(1): array_map(Object(Closure), Array, Array)
#3 {main}
  thrown at Command line code:1)
[stacktrace]
#0 {main}
"} 
[2025-07-05 20:17:18] local.ERROR: Uncaught ReflectionException: Class "App\Policies\ModelPolicy" does not exist in Command line code:1
Stack trace:
#0 Command line code(1): ReflectionClass->__construct('App\\Policies\\Mo...')
#1 [internal function]: {closure}('App\\Policies\\Mo...', 'App\\Model')
#2 Command line code(1): array_map(Object(Closure), Array, Array)
#3 {main}
  thrown {"exception":"[object] (Symfony\\Component\\ErrorHandler\\Error\\FatalError(code: 0): Uncaught ReflectionException: Class \"App\\Policies\\ModelPolicy\" does not exist in Command line code:1
Stack trace:
#0 Command line code(1): ReflectionClass->__construct('App\\\\Policies\\\\Mo...')
#1 [internal function]: {closure}('App\\\\Policies\\\\Mo...', 'App\\\\Model')
#2 Command line code(1): array_map(Object(Closure), Array, Array)
#3 {main}
  thrown at Command line code:1)
[stacktrace]
#0 {main}
"} 
[2025-07-05 20:18:19] local.ERROR: Uncaught ReflectionException: Class "App\Policies\ModelPolicy" does not exist in Command line code:1
Stack trace:
#0 Command line code(1): ReflectionClass->__construct('App\\Policies\\Mo...')
#1 [internal function]: {closure}('App\\Policies\\Mo...', 'App\\Model')
#2 Command line code(1): array_map(Object(Closure), Array, Array)
#3 {main}
  thrown {"exception":"[object] (Symfony\\Component\\ErrorHandler\\Error\\FatalError(code: 0): Uncaught ReflectionException: Class \"App\\Policies\\ModelPolicy\" does not exist in Command line code:1
Stack trace:
#0 Command line code(1): ReflectionClass->__construct('App\\\\Policies\\\\Mo...')
#1 [internal function]: {closure}('App\\\\Policies\\\\Mo...', 'App\\\\Model')
#2 Command line code(1): array_map(Object(Closure), Array, Array)
#3 {main}
  thrown at Command line code:1)
[stacktrace]
#0 {main}
"} 
[2025-07-05 20:18:48] local.ERROR: Method App\Http\Controllers\CartController::addTocCart does not exist. {"userId":194,"exception":"[object] (BadMethodCallException(code: 0): Method App\\Http\\Controllers\\CartController::addTocCart does not exist. at C:\\laragon\\www\\thugos\\vendor\\laravel\\framework\\src\\Illuminate\\Routing\\Controller.php:68)
[stacktrace]
#0 C:\\laragon\\www\\thugos\\vendor\\laravel\\framework\\src\\Illuminate\\Routing\\Controller.php(54): Illuminate\\Routing\\Controller->__call('addTocCart', Array)
#1 C:\\laragon\\www\\thugos\\vendor\\laravel\\framework\\src\\Illuminate\\Routing\\ControllerDispatcher.php(45): Illuminate\\Routing\\Controller->callAction('addTocCart', Array)
#2 C:\\laragon\\www\\thugos\\vendor\\laravel\\framework\\src\\Illuminate\\Routing\\Route.php(261): Illuminate\\Routing\\ControllerDispatcher->dispatch(Object(Illuminate\\Routing\\Route), Object(App\\Http\\Controllers\\CartController), 'addTocCart')
#3 C:\\laragon\\www\\thugos\\vendor\\laravel\\framework\\src\\Illuminate\\Routing\\Route.php(205): Illuminate\\Routing\\Route->runController()
#4 C:\\laragon\\www\\thugos\\vendor\\laravel\\framework\\src\\Illuminate\\Routing\\Router.php(721): Illuminate\\Routing\\Route->run()
#5 C:\\laragon\\www\\thugos\\vendor\\laravel\\framework\\src\\Illuminate\\Pipeline\\Pipeline.php(128): Illuminate\\Routing\\Router->Illuminate\\Routing\\{closure}(Object(Illuminate\\Http\\Request))
#6 C:\\laragon\\www\\thugos\\app\\Http\\Middleware\\CheckForMaintenanceMode.php(58): Illuminate\\Pipeline\\Pipeline->Illuminate\\Pipeline\\{closure}(Object(Illuminate\\Http\\Request))
#7 C:\\laragon\\www\\thugos\\vendor\\laravel\\framework\\src\\Illuminate\\Pipeline\\Pipeline.php(167): App\\Http\\Middleware\\CheckForMaintenanceMode->handle(Object(Illuminate\\Http\\Request), Object(Closure))
#8 C:\\laragon\\www\\thugos\\app\\Http\\Middleware\\HttpsProtocol.php(20): Illuminate\\Pipeline\\Pipeline->Illuminate\\Pipeline\\{closure}(Object(Illuminate\\Http\\Request))
#9 C:\\laragon\\www\\thugos\\vendor\\laravel\\framework\\src\\Illuminate\\Pipeline\\Pipeline.php(167): App\\Http\\Middleware\\HttpsProtocol->handle(Object(Illuminate\\Http\\Request), Object(Closure))
#10 C:\\laragon\\www\\thugos\\app\\Http\\Middleware\\Language.php(31): Illuminate\\Pipeline\\Pipeline->Illuminate\\Pipeline\\{closure}(Object(Illuminate\\Http\\Request))
#11 C:\\laragon\\www\\thugos\\vendor\\laravel\\framework\\src\\Illuminate\\Pipeline\\Pipeline.php(167): App\\Http\\Middleware\\Language->handle(Object(Illuminate\\Http\\Request), Object(Closure))
#12 C:\\laragon\\www\\thugos\\vendor\\laravel\\framework\\src\\Illuminate\\Routing\\Middleware\\SubstituteBindings.php(50): Illuminate\\Pipeline\\Pipeline->Illuminate\\Pipeline\\{closure}(Object(Illuminate\\Http\\Request))
#13 C:\\laragon\\www\\thugos\\vendor\\laravel\\framework\\src\\Illuminate\\Pipeline\\Pipeline.php(167): Illuminate\\Routing\\Middleware\\SubstituteBindings->handle(Object(Illuminate\\Http\\Request), Object(Closure))
#14 C:\\laragon\\www\\thugos\\vendor\\laravel\\framework\\src\\Illuminate\\Foundation\\Http\\Middleware\\VerifyCsrfToken.php(78): Illuminate\\Pipeline\\Pipeline->Illuminate\\Pipeline\\{closure}(Object(Illuminate\\Http\\Request))
#15 C:\\laragon\\www\\thugos\\vendor\\laravel\\framework\\src\\Illuminate\\Pipeline\\Pipeline.php(167): Illuminate\\Foundation\\Http\\Middleware\\VerifyCsrfToken->handle(Object(Illuminate\\Http\\Request), Object(Closure))
#16 C:\\laragon\\www\\thugos\\vendor\\laravel\\framework\\src\\Illuminate\\View\\Middleware\\ShareErrorsFromSession.php(49): Illuminate\\Pipeline\\Pipeline->Illuminate\\Pipeline\\{closure}(Object(Illuminate\\Http\\Request))
#17 C:\\laragon\\www\\thugos\\vendor\\laravel\\framework\\src\\Illuminate\\Pipeline\\Pipeline.php(167): Illuminate\\View\\Middleware\\ShareErrorsFromSession->handle(Object(Illuminate\\Http\\Request), Object(Closure))
#18 C:\\laragon\\www\\thugos\\vendor\\laravel\\framework\\src\\Illuminate\\Session\\Middleware\\StartSession.php(121): Illuminate\\Pipeline\\Pipeline->Illuminate\\Pipeline\\{closure}(Object(Illuminate\\Http\\Request))
#19 C:\\laragon\\www\\thugos\\vendor\\laravel\\framework\\src\\Illuminate\\Session\\Middleware\\StartSession.php(64): Illuminate\\Session\\Middleware\\StartSession->handleStatefulRequest(Object(Illuminate\\Http\\Request), Object(Illuminate\\Session\\Store), Object(Closure))
#20 C:\\laragon\\www\\thugos\\vendor\\laravel\\framework\\src\\Illuminate\\Pipeline\\Pipeline.php(167): Illuminate\\Session\\Middleware\\StartSession->handle(Object(Illuminate\\Http\\Request), Object(Closure))
#21 C:\\laragon\\www\\thugos\\vendor\\laravel\\framework\\src\\Illuminate\\Cookie\\Middleware\\AddQueuedCookiesToResponse.php(37): Illuminate\\Pipeline\\Pipeline->Illuminate\\Pipeline\\{closure}(Object(Illuminate\\Http\\Request))
#22 C:\\laragon\\www\\thugos\\vendor\\laravel\\framework\\src\\Illuminate\\Pipeline\\Pipeline.php(167): Illuminate\\Cookie\\Middleware\\AddQueuedCookiesToResponse->handle(Object(Illuminate\\Http\\Request), Object(Closure))
#23 C:\\laragon\\www\\thugos\\vendor\\laravel\\framework\\src\\Illuminate\\Pipeline\\Pipeline.php(103): Illuminate\\Pipeline\\Pipeline->Illuminate\\Pipeline\\{closure}(Object(Illuminate\\Http\\Request))
#24 C:\\laragon\\www\\thugos\\vendor\\laravel\\framework\\src\\Illuminate\\Routing\\Router.php(719): Illuminate\\Pipeline\\Pipeline->then(Object(Closure))
#25 C:\\laragon\\www\\thugos\\vendor\\laravel\\framework\\src\\Illuminate\\Routing\\Router.php(698): Illuminate\\Routing\\Router->runRouteWithinStack(Object(Illuminate\\Routing\\Route), Object(Illuminate\\Http\\Request))
#26 C:\\laragon\\www\\thugos\\vendor\\laravel\\framework\\src\\Illuminate\\Routing\\Router.php(662): Illuminate\\Routing\\Router->runRoute(Object(Illuminate\\Http\\Request), Object(Illuminate\\Routing\\Route))
#27 C:\\laragon\\www\\thugos\\vendor\\laravel\\framework\\src\\Illuminate\\Routing\\Router.php(651): Illuminate\\Routing\\Router->dispatchToRoute(Object(Illuminate\\Http\\Request))
#28 C:\\laragon\\www\\thugos\\vendor\\laravel\\framework\\src\\Illuminate\\Foundation\\Http\\Kernel.php(167): Illuminate\\Routing\\Router->dispatch(Object(Illuminate\\Http\\Request))
#29 C:\\laragon\\www\\thugos\\vendor\\laravel\\framework\\src\\Illuminate\\Pipeline\\Pipeline.php(128): Illuminate\\Foundation\\Http\\Kernel->Illuminate\\Foundation\\Http\\{closure}(Object(Illuminate\\Http\\Request))
#30 C:\\laragon\\www\\thugos\\vendor\\barryvdh\\laravel-debugbar\\src\\Middleware\\InjectDebugbar.php(66): Illuminate\\Pipeline\\Pipeline->Illuminate\\Pipeline\\{closure}(Object(Illuminate\\Http\\Request))
#31 C:\\laragon\\www\\thugos\\vendor\\laravel\\framework\\src\\Illuminate\\Pipeline\\Pipeline.php(167): Barryvdh\\Debugbar\\Middleware\\InjectDebugbar->handle(Object(Illuminate\\Http\\Request), Object(Closure))
#32 C:\\laragon\\www\\thugos\\vendor\\fideloper\\proxy\\src\\TrustProxies.php(57): Illuminate\\Pipeline\\Pipeline->Illuminate\\Pipeline\\{closure}(Object(Illuminate\\Http\\Request))
#33 C:\\laragon\\www\\thugos\\vendor\\laravel\\framework\\src\\Illuminate\\Pipeline\\Pipeline.php(167): Fideloper\\Proxy\\TrustProxies->handle(Object(Illuminate\\Http\\Request), Object(Closure))
#34 C:\\laragon\\www\\thugos\\vendor\\laravel\\framework\\src\\Illuminate\\Foundation\\Http\\Middleware\\TransformsRequest.php(21): Illuminate\\Pipeline\\Pipeline->Illuminate\\Pipeline\\{closure}(Object(Illuminate\\Http\\Request))
#35 C:\\laragon\\www\\thugos\\vendor\\laravel\\framework\\src\\Illuminate\\Foundation\\Http\\Middleware\\ConvertEmptyStringsToNull.php(31): Illuminate\\Foundation\\Http\\Middleware\\TransformsRequest->handle(Object(Illuminate\\Http\\Request), Object(Closure))
#36 C:\\laragon\\www\\thugos\\vendor\\laravel\\framework\\src\\Illuminate\\Pipeline\\Pipeline.php(167): Illuminate\\Foundation\\Http\\Middleware\\ConvertEmptyStringsToNull->handle(Object(Illuminate\\Http\\Request), Object(Closure))
#37 C:\\laragon\\www\\thugos\\vendor\\laravel\\framework\\src\\Illuminate\\Foundation\\Http\\Middleware\\TransformsRequest.php(21): Illuminate\\Pipeline\\Pipeline->Illuminate\\Pipeline\\{closure}(Object(Illuminate\\Http\\Request))
#38 C:\\laragon\\www\\thugos\\vendor\\laravel\\framework\\src\\Illuminate\\Foundation\\Http\\Middleware\\TrimStrings.php(40): Illuminate\\Foundation\\Http\\Middleware\\TransformsRequest->handle(Object(Illuminate\\Http\\Request), Object(Closure))
#39 C:\\laragon\\www\\thugos\\vendor\\laravel\\framework\\src\\Illuminate\\Pipeline\\Pipeline.php(167): Illuminate\\Foundation\\Http\\Middleware\\TrimStrings->handle(Object(Illuminate\\Http\\Request), Object(Closure))
#40 C:\\laragon\\www\\thugos\\vendor\\laravel\\framework\\src\\Illuminate\\Foundation\\Http\\Middleware\\ValidatePostSize.php(27): Illuminate\\Pipeline\\Pipeline->Illuminate\\Pipeline\\{closure}(Object(Illuminate\\Http\\Request))
#41 C:\\laragon\\www\\thugos\\vendor\\laravel\\framework\\src\\Illuminate\\Pipeline\\Pipeline.php(167): Illuminate\\Foundation\\Http\\Middleware\\ValidatePostSize->handle(Object(Illuminate\\Http\\Request), Object(Closure))
#42 C:\\laragon\\www\\thugos\\vendor\\laravel\\framework\\src\\Illuminate\\Pipeline\\Pipeline.php(103): Illuminate\\Pipeline\\Pipeline->Illuminate\\Pipeline\\{closure}(Object(Illuminate\\Http\\Request))
#43 C:\\laragon\\www\\thugos\\vendor\\laravel\\framework\\src\\Illuminate\\Foundation\\Http\\Kernel.php(142): Illuminate\\Pipeline\\Pipeline->then(Object(Closure))
#44 C:\\laragon\\www\\thugos\\vendor\\laravel\\framework\\src\\Illuminate\\Foundation\\Http\\Kernel.php(111): Illuminate\\Foundation\\Http\\Kernel->sendRequestThroughRouter(Object(Illuminate\\Http\\Request))
#45 C:\\laragon\\www\\thugos\\index.php(56): Illuminate\\Foundation\\Http\\Kernel->handle(Object(Illuminate\\Http\\Request))
#46 {main}
"} 
[2025-07-05 20:19:07] local.ERROR: Method App\Http\Controllers\CartController::addTocCart does not exist. {"userId":194,"exception":"[object] (BadMethodCallException(code: 0): Method App\\Http\\Controllers\\CartController::addTocCart does not exist. at C:\\laragon\\www\\thugos\\vendor\\laravel\\framework\\src\\Illuminate\\Routing\\Controller.php:68)
[stacktrace]
#0 C:\\laragon\\www\\thugos\\vendor\\laravel\\framework\\src\\Illuminate\\Routing\\Controller.php(54): Illuminate\\Routing\\Controller->__call('addTocCart', Array)
#1 C:\\laragon\\www\\thugos\\vendor\\laravel\\framework\\src\\Illuminate\\Routing\\ControllerDispatcher.php(45): Illuminate\\Routing\\Controller->callAction('addTocCart', Array)
#2 C:\\laragon\\www\\thugos\\vendor\\laravel\\framework\\src\\Illuminate\\Routing\\Route.php(261): Illuminate\\Routing\\ControllerDispatcher->dispatch(Object(Illuminate\\Routing\\Route), Object(App\\Http\\Controllers\\CartController), 'addTocCart')
#3 C:\\laragon\\www\\thugos\\vendor\\laravel\\framework\\src\\Illuminate\\Routing\\Route.php(205): Illuminate\\Routing\\Route->runController()
#4 C:\\laragon\\www\\thugos\\vendor\\laravel\\framework\\src\\Illuminate\\Routing\\Router.php(721): Illuminate\\Routing\\Route->run()
#5 C:\\laragon\\www\\thugos\\vendor\\laravel\\framework\\src\\Illuminate\\Pipeline\\Pipeline.php(128): Illuminate\\Routing\\Router->Illuminate\\Routing\\{closure}(Object(Illuminate\\Http\\Request))
#6 C:\\laragon\\www\\thugos\\app\\Http\\Middleware\\CheckForMaintenanceMode.php(58): Illuminate\\Pipeline\\Pipeline->Illuminate\\Pipeline\\{closure}(Object(Illuminate\\Http\\Request))
#7 C:\\laragon\\www\\thugos\\vendor\\laravel\\framework\\src\\Illuminate\\Pipeline\\Pipeline.php(167): App\\Http\\Middleware\\CheckForMaintenanceMode->handle(Object(Illuminate\\Http\\Request), Object(Closure))
#8 C:\\laragon\\www\\thugos\\app\\Http\\Middleware\\HttpsProtocol.php(20): Illuminate\\Pipeline\\Pipeline->Illuminate\\Pipeline\\{closure}(Object(Illuminate\\Http\\Request))
#9 C:\\laragon\\www\\thugos\\vendor\\laravel\\framework\\src\\Illuminate\\Pipeline\\Pipeline.php(167): App\\Http\\Middleware\\HttpsProtocol->handle(Object(Illuminate\\Http\\Request), Object(Closure))
#10 C:\\laragon\\www\\thugos\\app\\Http\\Middleware\\Language.php(31): Illuminate\\Pipeline\\Pipeline->Illuminate\\Pipeline\\{closure}(Object(Illuminate\\Http\\Request))
#11 C:\\laragon\\www\\thugos\\vendor\\laravel\\framework\\src\\Illuminate\\Pipeline\\Pipeline.php(167): App\\Http\\Middleware\\Language->handle(Object(Illuminate\\Http\\Request), Object(Closure))
#12 C:\\laragon\\www\\thugos\\vendor\\laravel\\framework\\src\\Illuminate\\Routing\\Middleware\\SubstituteBindings.php(50): Illuminate\\Pipeline\\Pipeline->Illuminate\\Pipeline\\{closure}(Object(Illuminate\\Http\\Request))
#13 C:\\laragon\\www\\thugos\\vendor\\laravel\\framework\\src\\Illuminate\\Pipeline\\Pipeline.php(167): Illuminate\\Routing\\Middleware\\SubstituteBindings->handle(Object(Illuminate\\Http\\Request), Object(Closure))
#14 C:\\laragon\\www\\thugos\\vendor\\laravel\\framework\\src\\Illuminate\\Foundation\\Http\\Middleware\\VerifyCsrfToken.php(78): Illuminate\\Pipeline\\Pipeline->Illuminate\\Pipeline\\{closure}(Object(Illuminate\\Http\\Request))
#15 C:\\laragon\\www\\thugos\\vendor\\laravel\\framework\\src\\Illuminate\\Pipeline\\Pipeline.php(167): Illuminate\\Foundation\\Http\\Middleware\\VerifyCsrfToken->handle(Object(Illuminate\\Http\\Request), Object(Closure))
#16 C:\\laragon\\www\\thugos\\vendor\\laravel\\framework\\src\\Illuminate\\View\\Middleware\\ShareErrorsFromSession.php(49): Illuminate\\Pipeline\\Pipeline->Illuminate\\Pipeline\\{closure}(Object(Illuminate\\Http\\Request))
#17 C:\\laragon\\www\\thugos\\vendor\\laravel\\framework\\src\\Illuminate\\Pipeline\\Pipeline.php(167): Illuminate\\View\\Middleware\\ShareErrorsFromSession->handle(Object(Illuminate\\Http\\Request), Object(Closure))
#18 C:\\laragon\\www\\thugos\\vendor\\laravel\\framework\\src\\Illuminate\\Session\\Middleware\\StartSession.php(121): Illuminate\\Pipeline\\Pipeline->Illuminate\\Pipeline\\{closure}(Object(Illuminate\\Http\\Request))
#19 C:\\laragon\\www\\thugos\\vendor\\laravel\\framework\\src\\Illuminate\\Session\\Middleware\\StartSession.php(64): Illuminate\\Session\\Middleware\\StartSession->handleStatefulRequest(Object(Illuminate\\Http\\Request), Object(Illuminate\\Session\\Store), Object(Closure))
#20 C:\\laragon\\www\\thugos\\vendor\\laravel\\framework\\src\\Illuminate\\Pipeline\\Pipeline.php(167): Illuminate\\Session\\Middleware\\StartSession->handle(Object(Illuminate\\Http\\Request), Object(Closure))
#21 C:\\laragon\\www\\thugos\\vendor\\laravel\\framework\\src\\Illuminate\\Cookie\\Middleware\\AddQueuedCookiesToResponse.php(37): Illuminate\\Pipeline\\Pipeline->Illuminate\\Pipeline\\{closure}(Object(Illuminate\\Http\\Request))
#22 C:\\laragon\\www\\thugos\\vendor\\laravel\\framework\\src\\Illuminate\\Pipeline\\Pipeline.php(167): Illuminate\\Cookie\\Middleware\\AddQueuedCookiesToResponse->handle(Object(Illuminate\\Http\\Request), Object(Closure))
#23 C:\\laragon\\www\\thugos\\vendor\\laravel\\framework\\src\\Illuminate\\Pipeline\\Pipeline.php(103): Illuminate\\Pipeline\\Pipeline->Illuminate\\Pipeline\\{closure}(Object(Illuminate\\Http\\Request))
#24 C:\\laragon\\www\\thugos\\vendor\\laravel\\framework\\src\\Illuminate\\Routing\\Router.php(719): Illuminate\\Pipeline\\Pipeline->then(Object(Closure))
#25 C:\\laragon\\www\\thugos\\vendor\\laravel\\framework\\src\\Illuminate\\Routing\\Router.php(698): Illuminate\\Routing\\Router->runRouteWithinStack(Object(Illuminate\\Routing\\Route), Object(Illuminate\\Http\\Request))
#26 C:\\laragon\\www\\thugos\\vendor\\laravel\\framework\\src\\Illuminate\\Routing\\Router.php(662): Illuminate\\Routing\\Router->runRoute(Object(Illuminate\\Http\\Request), Object(Illuminate\\Routing\\Route))
#27 C:\\laragon\\www\\thugos\\vendor\\laravel\\framework\\src\\Illuminate\\Routing\\Router.php(651): Illuminate\\Routing\\Router->dispatchToRoute(Object(Illuminate\\Http\\Request))
#28 C:\\laragon\\www\\thugos\\vendor\\laravel\\framework\\src\\Illuminate\\Foundation\\Http\\Kernel.php(167): Illuminate\\Routing\\Router->dispatch(Object(Illuminate\\Http\\Request))
#29 C:\\laragon\\www\\thugos\\vendor\\laravel\\framework\\src\\Illuminate\\Pipeline\\Pipeline.php(128): Illuminate\\Foundation\\Http\\Kernel->Illuminate\\Foundation\\Http\\{closure}(Object(Illuminate\\Http\\Request))
#30 C:\\laragon\\www\\thugos\\vendor\\barryvdh\\laravel-debugbar\\src\\Middleware\\InjectDebugbar.php(66): Illuminate\\Pipeline\\Pipeline->Illuminate\\Pipeline\\{closure}(Object(Illuminate\\Http\\Request))
#31 C:\\laragon\\www\\thugos\\vendor\\laravel\\framework\\src\\Illuminate\\Pipeline\\Pipeline.php(167): Barryvdh\\Debugbar\\Middleware\\InjectDebugbar->handle(Object(Illuminate\\Http\\Request), Object(Closure))
#32 C:\\laragon\\www\\thugos\\vendor\\fideloper\\proxy\\src\\TrustProxies.php(57): Illuminate\\Pipeline\\Pipeline->Illuminate\\Pipeline\\{closure}(Object(Illuminate\\Http\\Request))
#33 C:\\laragon\\www\\thugos\\vendor\\laravel\\framework\\src\\Illuminate\\Pipeline\\Pipeline.php(167): Fideloper\\Proxy\\TrustProxies->handle(Object(Illuminate\\Http\\Request), Object(Closure))
#34 C:\\laragon\\www\\thugos\\vendor\\laravel\\framework\\src\\Illuminate\\Foundation\\Http\\Middleware\\TransformsRequest.php(21): Illuminate\\Pipeline\\Pipeline->Illuminate\\Pipeline\\{closure}(Object(Illuminate\\Http\\Request))
#35 C:\\laragon\\www\\thugos\\vendor\\laravel\\framework\\src\\Illuminate\\Foundation\\Http\\Middleware\\ConvertEmptyStringsToNull.php(31): Illuminate\\Foundation\\Http\\Middleware\\TransformsRequest->handle(Object(Illuminate\\Http\\Request), Object(Closure))
#36 C:\\laragon\\www\\thugos\\vendor\\laravel\\framework\\src\\Illuminate\\Pipeline\\Pipeline.php(167): Illuminate\\Foundation\\Http\\Middleware\\ConvertEmptyStringsToNull->handle(Object(Illuminate\\Http\\Request), Object(Closure))
#37 C:\\laragon\\www\\thugos\\vendor\\laravel\\framework\\src\\Illuminate\\Foundation\\Http\\Middleware\\TransformsRequest.php(21): Illuminate\\Pipeline\\Pipeline->Illuminate\\Pipeline\\{closure}(Object(Illuminate\\Http\\Request))
#38 C:\\laragon\\www\\thugos\\vendor\\laravel\\framework\\src\\Illuminate\\Foundation\\Http\\Middleware\\TrimStrings.php(40): Illuminate\\Foundation\\Http\\Middleware\\TransformsRequest->handle(Object(Illuminate\\Http\\Request), Object(Closure))
#39 C:\\laragon\\www\\thugos\\vendor\\laravel\\framework\\src\\Illuminate\\Pipeline\\Pipeline.php(167): Illuminate\\Foundation\\Http\\Middleware\\TrimStrings->handle(Object(Illuminate\\Http\\Request), Object(Closure))
#40 C:\\laragon\\www\\thugos\\vendor\\laravel\\framework\\src\\Illuminate\\Foundation\\Http\\Middleware\\ValidatePostSize.php(27): Illuminate\\Pipeline\\Pipeline->Illuminate\\Pipeline\\{closure}(Object(Illuminate\\Http\\Request))
#41 C:\\laragon\\www\\thugos\\vendor\\laravel\\framework\\src\\Illuminate\\Pipeline\\Pipeline.php(167): Illuminate\\Foundation\\Http\\Middleware\\ValidatePostSize->handle(Object(Illuminate\\Http\\Request), Object(Closure))
#42 C:\\laragon\\www\\thugos\\vendor\\laravel\\framework\\src\\Illuminate\\Pipeline\\Pipeline.php(103): Illuminate\\Pipeline\\Pipeline->Illuminate\\Pipeline\\{closure}(Object(Illuminate\\Http\\Request))
#43 C:\\laragon\\www\\thugos\\vendor\\laravel\\framework\\src\\Illuminate\\Foundation\\Http\\Kernel.php(142): Illuminate\\Pipeline\\Pipeline->then(Object(Closure))
#44 C:\\laragon\\www\\thugos\\vendor\\laravel\\framework\\src\\Illuminate\\Foundation\\Http\\Kernel.php(111): Illuminate\\Foundation\\Http\\Kernel->sendRequestThroughRouter(Object(Illuminate\\Http\\Request))
#45 C:\\laragon\\www\\thugos\\index.php(56): Illuminate\\Foundation\\Http\\Kernel->handle(Object(Illuminate\\Http\\Request))
#46 {main}
"} 
[2025-07-05 20:19:18] local.ERROR: Uncaught ReflectionException: Class "App\Policies\ModelPolicy" does not exist in Command line code:1
Stack trace:
#0 Command line code(1): ReflectionClass->__construct('App\\Policies\\Mo...')
#1 [internal function]: {closure}('App\\Policies\\Mo...', 'App\\Model')
#2 Command line code(1): array_map(Object(Closure), Array, Array)
#3 {main}
  thrown {"exception":"[object] (Symfony\\Component\\ErrorHandler\\Error\\FatalError(code: 0): Uncaught ReflectionException: Class \"App\\Policies\\ModelPolicy\" does not exist in Command line code:1
Stack trace:
#0 Command line code(1): ReflectionClass->__construct('App\\\\Policies\\\\Mo...')
#1 [internal function]: {closure}('App\\\\Policies\\\\Mo...', 'App\\\\Model')
#2 Command line code(1): array_map(Object(Closure), Array, Array)
#3 {main}
  thrown at Command line code:1)
[stacktrace]
#0 {main}
"} 
[2025-07-05 20:20:18] local.ERROR: Uncaught ReflectionException: Class "App\Policies\ModelPolicy" does not exist in Command line code:1
Stack trace:
#0 Command line code(1): ReflectionClass->__construct('App\\Policies\\Mo...')
#1 [internal function]: {closure}('App\\Policies\\Mo...', 'App\\Model')
#2 Command line code(1): array_map(Object(Closure), Array, Array)
#3 {main}
  thrown {"exception":"[object] (Symfony\\Component\\ErrorHandler\\Error\\FatalError(code: 0): Uncaught ReflectionException: Class \"App\\Policies\\ModelPolicy\" does not exist in Command line code:1
Stack trace:
#0 Command line code(1): ReflectionClass->__construct('App\\\\Policies\\\\Mo...')
#1 [internal function]: {closure}('App\\\\Policies\\\\Mo...', 'App\\\\Model')
#2 Command line code(1): array_map(Object(Closure), Array, Array)
#3 {main}
  thrown at Command line code:1)
[stacktrace]
#0 {main}
"} 
[2025-07-05 20:20:30] local.ERROR: Method App\Http\Controllers\CartController::addTocCart does not exist. {"userId":194,"exception":"[object] (BadMethodCallException(code: 0): Method App\\Http\\Controllers\\CartController::addTocCart does not exist. at C:\\laragon\\www\\thugos\\vendor\\laravel\\framework\\src\\Illuminate\\Routing\\Controller.php:68)
[stacktrace]
#0 C:\\laragon\\www\\thugos\\vendor\\laravel\\framework\\src\\Illuminate\\Routing\\Controller.php(54): Illuminate\\Routing\\Controller->__call('addTocCart', Array)
#1 C:\\laragon\\www\\thugos\\vendor\\laravel\\framework\\src\\Illuminate\\Routing\\ControllerDispatcher.php(45): Illuminate\\Routing\\Controller->callAction('addTocCart', Array)
#2 C:\\laragon\\www\\thugos\\vendor\\laravel\\framework\\src\\Illuminate\\Routing\\Route.php(261): Illuminate\\Routing\\ControllerDispatcher->dispatch(Object(Illuminate\\Routing\\Route), Object(App\\Http\\Controllers\\CartController), 'addTocCart')
#3 C:\\laragon\\www\\thugos\\vendor\\laravel\\framework\\src\\Illuminate\\Routing\\Route.php(205): Illuminate\\Routing\\Route->runController()
#4 C:\\laragon\\www\\thugos\\vendor\\laravel\\framework\\src\\Illuminate\\Routing\\Router.php(721): Illuminate\\Routing\\Route->run()
#5 C:\\laragon\\www\\thugos\\vendor\\laravel\\framework\\src\\Illuminate\\Pipeline\\Pipeline.php(128): Illuminate\\Routing\\Router->Illuminate\\Routing\\{closure}(Object(Illuminate\\Http\\Request))
#6 C:\\laragon\\www\\thugos\\app\\Http\\Middleware\\CheckForMaintenanceMode.php(58): Illuminate\\Pipeline\\Pipeline->Illuminate\\Pipeline\\{closure}(Object(Illuminate\\Http\\Request))
#7 C:\\laragon\\www\\thugos\\vendor\\laravel\\framework\\src\\Illuminate\\Pipeline\\Pipeline.php(167): App\\Http\\Middleware\\CheckForMaintenanceMode->handle(Object(Illuminate\\Http\\Request), Object(Closure))
#8 C:\\laragon\\www\\thugos\\app\\Http\\Middleware\\HttpsProtocol.php(20): Illuminate\\Pipeline\\Pipeline->Illuminate\\Pipeline\\{closure}(Object(Illuminate\\Http\\Request))
#9 C:\\laragon\\www\\thugos\\vendor\\laravel\\framework\\src\\Illuminate\\Pipeline\\Pipeline.php(167): App\\Http\\Middleware\\HttpsProtocol->handle(Object(Illuminate\\Http\\Request), Object(Closure))
#10 C:\\laragon\\www\\thugos\\app\\Http\\Middleware\\Language.php(31): Illuminate\\Pipeline\\Pipeline->Illuminate\\Pipeline\\{closure}(Object(Illuminate\\Http\\Request))
#11 C:\\laragon\\www\\thugos\\vendor\\laravel\\framework\\src\\Illuminate\\Pipeline\\Pipeline.php(167): App\\Http\\Middleware\\Language->handle(Object(Illuminate\\Http\\Request), Object(Closure))
#12 C:\\laragon\\www\\thugos\\vendor\\laravel\\framework\\src\\Illuminate\\Routing\\Middleware\\SubstituteBindings.php(50): Illuminate\\Pipeline\\Pipeline->Illuminate\\Pipeline\\{closure}(Object(Illuminate\\Http\\Request))
#13 C:\\laragon\\www\\thugos\\vendor\\laravel\\framework\\src\\Illuminate\\Pipeline\\Pipeline.php(167): Illuminate\\Routing\\Middleware\\SubstituteBindings->handle(Object(Illuminate\\Http\\Request), Object(Closure))
#14 C:\\laragon\\www\\thugos\\vendor\\laravel\\framework\\src\\Illuminate\\Foundation\\Http\\Middleware\\VerifyCsrfToken.php(78): Illuminate\\Pipeline\\Pipeline->Illuminate\\Pipeline\\{closure}(Object(Illuminate\\Http\\Request))
#15 C:\\laragon\\www\\thugos\\vendor\\laravel\\framework\\src\\Illuminate\\Pipeline\\Pipeline.php(167): Illuminate\\Foundation\\Http\\Middleware\\VerifyCsrfToken->handle(Object(Illuminate\\Http\\Request), Object(Closure))
#16 C:\\laragon\\www\\thugos\\vendor\\laravel\\framework\\src\\Illuminate\\View\\Middleware\\ShareErrorsFromSession.php(49): Illuminate\\Pipeline\\Pipeline->Illuminate\\Pipeline\\{closure}(Object(Illuminate\\Http\\Request))
#17 C:\\laragon\\www\\thugos\\vendor\\laravel\\framework\\src\\Illuminate\\Pipeline\\Pipeline.php(167): Illuminate\\View\\Middleware\\ShareErrorsFromSession->handle(Object(Illuminate\\Http\\Request), Object(Closure))
#18 C:\\laragon\\www\\thugos\\vendor\\laravel\\framework\\src\\Illuminate\\Session\\Middleware\\StartSession.php(121): Illuminate\\Pipeline\\Pipeline->Illuminate\\Pipeline\\{closure}(Object(Illuminate\\Http\\Request))
#19 C:\\laragon\\www\\thugos\\vendor\\laravel\\framework\\src\\Illuminate\\Session\\Middleware\\StartSession.php(64): Illuminate\\Session\\Middleware\\StartSession->handleStatefulRequest(Object(Illuminate\\Http\\Request), Object(Illuminate\\Session\\Store), Object(Closure))
#20 C:\\laragon\\www\\thugos\\vendor\\laravel\\framework\\src\\Illuminate\\Pipeline\\Pipeline.php(167): Illuminate\\Session\\Middleware\\StartSession->handle(Object(Illuminate\\Http\\Request), Object(Closure))
#21 C:\\laragon\\www\\thugos\\vendor\\laravel\\framework\\src\\Illuminate\\Cookie\\Middleware\\AddQueuedCookiesToResponse.php(37): Illuminate\\Pipeline\\Pipeline->Illuminate\\Pipeline\\{closure}(Object(Illuminate\\Http\\Request))
#22 C:\\laragon\\www\\thugos\\vendor\\laravel\\framework\\src\\Illuminate\\Pipeline\\Pipeline.php(167): Illuminate\\Cookie\\Middleware\\AddQueuedCookiesToResponse->handle(Object(Illuminate\\Http\\Request), Object(Closure))
#23 C:\\laragon\\www\\thugos\\vendor\\laravel\\framework\\src\\Illuminate\\Pipeline\\Pipeline.php(103): Illuminate\\Pipeline\\Pipeline->Illuminate\\Pipeline\\{closure}(Object(Illuminate\\Http\\Request))
#24 C:\\laragon\\www\\thugos\\vendor\\laravel\\framework\\src\\Illuminate\\Routing\\Router.php(719): Illuminate\\Pipeline\\Pipeline->then(Object(Closure))
#25 C:\\laragon\\www\\thugos\\vendor\\laravel\\framework\\src\\Illuminate\\Routing\\Router.php(698): Illuminate\\Routing\\Router->runRouteWithinStack(Object(Illuminate\\Routing\\Route), Object(Illuminate\\Http\\Request))
#26 C:\\laragon\\www\\thugos\\vendor\\laravel\\framework\\src\\Illuminate\\Routing\\Router.php(662): Illuminate\\Routing\\Router->runRoute(Object(Illuminate\\Http\\Request), Object(Illuminate\\Routing\\Route))
#27 C:\\laragon\\www\\thugos\\vendor\\laravel\\framework\\src\\Illuminate\\Routing\\Router.php(651): Illuminate\\Routing\\Router->dispatchToRoute(Object(Illuminate\\Http\\Request))
#28 C:\\laragon\\www\\thugos\\vendor\\laravel\\framework\\src\\Illuminate\\Foundation\\Http\\Kernel.php(167): Illuminate\\Routing\\Router->dispatch(Object(Illuminate\\Http\\Request))
#29 C:\\laragon\\www\\thugos\\vendor\\laravel\\framework\\src\\Illuminate\\Pipeline\\Pipeline.php(128): Illuminate\\Foundation\\Http\\Kernel->Illuminate\\Foundation\\Http\\{closure}(Object(Illuminate\\Http\\Request))
#30 C:\\laragon\\www\\thugos\\vendor\\barryvdh\\laravel-debugbar\\src\\Middleware\\InjectDebugbar.php(66): Illuminate\\Pipeline\\Pipeline->Illuminate\\Pipeline\\{closure}(Object(Illuminate\\Http\\Request))
#31 C:\\laragon\\www\\thugos\\vendor\\laravel\\framework\\src\\Illuminate\\Pipeline\\Pipeline.php(167): Barryvdh\\Debugbar\\Middleware\\InjectDebugbar->handle(Object(Illuminate\\Http\\Request), Object(Closure))
#32 C:\\laragon\\www\\thugos\\vendor\\fideloper\\proxy\\src\\TrustProxies.php(57): Illuminate\\Pipeline\\Pipeline->Illuminate\\Pipeline\\{closure}(Object(Illuminate\\Http\\Request))
#33 C:\\laragon\\www\\thugos\\vendor\\laravel\\framework\\src\\Illuminate\\Pipeline\\Pipeline.php(167): Fideloper\\Proxy\\TrustProxies->handle(Object(Illuminate\\Http\\Request), Object(Closure))
#34 C:\\laragon\\www\\thugos\\vendor\\laravel\\framework\\src\\Illuminate\\Foundation\\Http\\Middleware\\TransformsRequest.php(21): Illuminate\\Pipeline\\Pipeline->Illuminate\\Pipeline\\{closure}(Object(Illuminate\\Http\\Request))
#35 C:\\laragon\\www\\thugos\\vendor\\laravel\\framework\\src\\Illuminate\\Foundation\\Http\\Middleware\\ConvertEmptyStringsToNull.php(31): Illuminate\\Foundation\\Http\\Middleware\\TransformsRequest->handle(Object(Illuminate\\Http\\Request), Object(Closure))
#36 C:\\laragon\\www\\thugos\\vendor\\laravel\\framework\\src\\Illuminate\\Pipeline\\Pipeline.php(167): Illuminate\\Foundation\\Http\\Middleware\\ConvertEmptyStringsToNull->handle(Object(Illuminate\\Http\\Request), Object(Closure))
#37 C:\\laragon\\www\\thugos\\vendor\\laravel\\framework\\src\\Illuminate\\Foundation\\Http\\Middleware\\TransformsRequest.php(21): Illuminate\\Pipeline\\Pipeline->Illuminate\\Pipeline\\{closure}(Object(Illuminate\\Http\\Request))
#38 C:\\laragon\\www\\thugos\\vendor\\laravel\\framework\\src\\Illuminate\\Foundation\\Http\\Middleware\\TrimStrings.php(40): Illuminate\\Foundation\\Http\\Middleware\\TransformsRequest->handle(Object(Illuminate\\Http\\Request), Object(Closure))
#39 C:\\laragon\\www\\thugos\\vendor\\laravel\\framework\\src\\Illuminate\\Pipeline\\Pipeline.php(167): Illuminate\\Foundation\\Http\\Middleware\\TrimStrings->handle(Object(Illuminate\\Http\\Request), Object(Closure))
#40 C:\\laragon\\www\\thugos\\vendor\\laravel\\framework\\src\\Illuminate\\Foundation\\Http\\Middleware\\ValidatePostSize.php(27): Illuminate\\Pipeline\\Pipeline->Illuminate\\Pipeline\\{closure}(Object(Illuminate\\Http\\Request))
#41 C:\\laragon\\www\\thugos\\vendor\\laravel\\framework\\src\\Illuminate\\Pipeline\\Pipeline.php(167): Illuminate\\Foundation\\Http\\Middleware\\ValidatePostSize->handle(Object(Illuminate\\Http\\Request), Object(Closure))
#42 C:\\laragon\\www\\thugos\\vendor\\laravel\\framework\\src\\Illuminate\\Pipeline\\Pipeline.php(103): Illuminate\\Pipeline\\Pipeline->Illuminate\\Pipeline\\{closure}(Object(Illuminate\\Http\\Request))
#43 C:\\laragon\\www\\thugos\\vendor\\laravel\\framework\\src\\Illuminate\\Foundation\\Http\\Kernel.php(142): Illuminate\\Pipeline\\Pipeline->then(Object(Closure))
#44 C:\\laragon\\www\\thugos\\vendor\\laravel\\framework\\src\\Illuminate\\Foundation\\Http\\Kernel.php(111): Illuminate\\Foundation\\Http\\Kernel->sendRequestThroughRouter(Object(Illuminate\\Http\\Request))
#45 C:\\laragon\\www\\thugos\\index.php(56): Illuminate\\Foundation\\Http\\Kernel->handle(Object(Illuminate\\Http\\Request))
#46 {main}
"} 
[2025-07-05 20:21:18] local.ERROR: Uncaught ReflectionException: Class "App\Policies\ModelPolicy" does not exist in Command line code:1
Stack trace:
#0 Command line code(1): ReflectionClass->__construct('App\\Policies\\Mo...')
#1 [internal function]: {closure}('App\\Policies\\Mo...', 'App\\Model')
#2 Command line code(1): array_map(Object(Closure), Array, Array)
#3 {main}
  thrown {"exception":"[object] (Symfony\\Component\\ErrorHandler\\Error\\FatalError(code: 0): Uncaught ReflectionException: Class \"App\\Policies\\ModelPolicy\" does not exist in Command line code:1
Stack trace:
#0 Command line code(1): ReflectionClass->__construct('App\\\\Policies\\\\Mo...')
#1 [internal function]: {closure}('App\\\\Policies\\\\Mo...', 'App\\\\Model')
#2 Command line code(1): array_map(Object(Closure), Array, Array)
#3 {main}
  thrown at Command line code:1)
[stacktrace]
#0 {main}
"} 
[2025-07-05 20:22:18] local.ERROR: Uncaught ReflectionException: Class "App\Policies\ModelPolicy" does not exist in Command line code:1
Stack trace:
#0 Command line code(1): ReflectionClass->__construct('App\\Policies\\Mo...')
#1 [internal function]: {closure}('App\\Policies\\Mo...', 'App\\Model')
#2 Command line code(1): array_map(Object(Closure), Array, Array)
#3 {main}
  thrown {"exception":"[object] (Symfony\\Component\\ErrorHandler\\Error\\FatalError(code: 0): Uncaught ReflectionException: Class \"App\\Policies\\ModelPolicy\" does not exist in Command line code:1
Stack trace:
#0 Command line code(1): ReflectionClass->__construct('App\\\\Policies\\\\Mo...')
#1 [internal function]: {closure}('App\\\\Policies\\\\Mo...', 'App\\\\Model')
#2 Command line code(1): array_map(Object(Closure), Array, Array)
#3 {main}
  thrown at Command line code:1)
[stacktrace]
#0 {main}
"} 
[2025-07-05 20:23:18] local.ERROR: Uncaught ReflectionException: Class "App\Policies\ModelPolicy" does not exist in Command line code:1
Stack trace:
#0 Command line code(1): ReflectionClass->__construct('App\\Policies\\Mo...')
#1 [internal function]: {closure}('App\\Policies\\Mo...', 'App\\Model')
#2 Command line code(1): array_map(Object(Closure), Array, Array)
#3 {main}
  thrown {"exception":"[object] (Symfony\\Component\\ErrorHandler\\Error\\FatalError(code: 0): Uncaught ReflectionException: Class \"App\\Policies\\ModelPolicy\" does not exist in Command line code:1
Stack trace:
#0 Command line code(1): ReflectionClass->__construct('App\\\\Policies\\\\Mo...')
#1 [internal function]: {closure}('App\\\\Policies\\\\Mo...', 'App\\\\Model')
#2 Command line code(1): array_map(Object(Closure), Array, Array)
#3 {main}
  thrown at Command line code:1)
[stacktrace]
#0 {main}
"} 
[2025-07-05 20:24:18] local.ERROR: Uncaught ReflectionException: Class "App\Policies\ModelPolicy" does not exist in Command line code:1
Stack trace:
#0 Command line code(1): ReflectionClass->__construct('App\\Policies\\Mo...')
#1 [internal function]: {closure}('App\\Policies\\Mo...', 'App\\Model')
#2 Command line code(1): array_map(Object(Closure), Array, Array)
#3 {main}
  thrown {"exception":"[object] (Symfony\\Component\\ErrorHandler\\Error\\FatalError(code: 0): Uncaught ReflectionException: Class \"App\\Policies\\ModelPolicy\" does not exist in Command line code:1
Stack trace:
#0 Command line code(1): ReflectionClass->__construct('App\\\\Policies\\\\Mo...')
#1 [internal function]: {closure}('App\\\\Policies\\\\Mo...', 'App\\\\Model')
#2 Command line code(1): array_map(Object(Closure), Array, Array)
#3 {main}
  thrown at Command line code:1)
[stacktrace]
#0 {main}
"} 
[2025-07-05 20:25:18] local.ERROR: Uncaught ReflectionException: Class "App\Policies\ModelPolicy" does not exist in Command line code:1
Stack trace:
#0 Command line code(1): ReflectionClass->__construct('App\\Policies\\Mo...')
#1 [internal function]: {closure}('App\\Policies\\Mo...', 'App\\Model')
#2 Command line code(1): array_map(Object(Closure), Array, Array)
#3 {main}
  thrown {"exception":"[object] (Symfony\\Component\\ErrorHandler\\Error\\FatalError(code: 0): Uncaught ReflectionException: Class \"App\\Policies\\ModelPolicy\" does not exist in Command line code:1
Stack trace:
#0 Command line code(1): ReflectionClass->__construct('App\\\\Policies\\\\Mo...')
#1 [internal function]: {closure}('App\\\\Policies\\\\Mo...', 'App\\\\Model')
#2 Command line code(1): array_map(Object(Closure), Array, Array)
#3 {main}
  thrown at Command line code:1)
[stacktrace]
#0 {main}
"} 
[2025-07-05 20:26:18] local.ERROR: Uncaught ReflectionException: Class "App\Policies\ModelPolicy" does not exist in Command line code:1
Stack trace:
#0 Command line code(1): ReflectionClass->__construct('App\\Policies\\Mo...')
#1 [internal function]: {closure}('App\\Policies\\Mo...', 'App\\Model')
#2 Command line code(1): array_map(Object(Closure), Array, Array)
#3 {main}
  thrown {"exception":"[object] (Symfony\\Component\\ErrorHandler\\Error\\FatalError(code: 0): Uncaught ReflectionException: Class \"App\\Policies\\ModelPolicy\" does not exist in Command line code:1
Stack trace:
#0 Command line code(1): ReflectionClass->__construct('App\\\\Policies\\\\Mo...')
#1 [internal function]: {closure}('App\\\\Policies\\\\Mo...', 'App\\\\Model')
#2 Command line code(1): array_map(Object(Closure), Array, Array)
#3 {main}
  thrown at Command line code:1)
[stacktrace]
#0 {main}
"} 
[2025-07-05 20:27:18] local.ERROR: Uncaught ReflectionException: Class "App\Policies\ModelPolicy" does not exist in Command line code:1
Stack trace:
#0 Command line code(1): ReflectionClass->__construct('App\\Policies\\Mo...')
#1 [internal function]: {closure}('App\\Policies\\Mo...', 'App\\Model')
#2 Command line code(1): array_map(Object(Closure), Array, Array)
#3 {main}
  thrown {"exception":"[object] (Symfony\\Component\\ErrorHandler\\Error\\FatalError(code: 0): Uncaught ReflectionException: Class \"App\\Policies\\ModelPolicy\" does not exist in Command line code:1
Stack trace:
#0 Command line code(1): ReflectionClass->__construct('App\\\\Policies\\\\Mo...')
#1 [internal function]: {closure}('App\\\\Policies\\\\Mo...', 'App\\\\Model')
#2 Command line code(1): array_map(Object(Closure), Array, Array)
#3 {main}
  thrown at Command line code:1)
[stacktrace]
#0 {main}
"} 
[2025-07-05 20:28:18] local.ERROR: Uncaught ReflectionException: Class "App\Policies\ModelPolicy" does not exist in Command line code:1
Stack trace:
#0 Command line code(1): ReflectionClass->__construct('App\\Policies\\Mo...')
#1 [internal function]: {closure}('App\\Policies\\Mo...', 'App\\Model')
#2 Command line code(1): array_map(Object(Closure), Array, Array)
#3 {main}
  thrown {"exception":"[object] (Symfony\\Component\\ErrorHandler\\Error\\FatalError(code: 0): Uncaught ReflectionException: Class \"App\\Policies\\ModelPolicy\" does not exist in Command line code:1
Stack trace:
#0 Command line code(1): ReflectionClass->__construct('App\\\\Policies\\\\Mo...')
#1 [internal function]: {closure}('App\\\\Policies\\\\Mo...', 'App\\\\Model')
#2 Command line code(1): array_map(Object(Closure), Array, Array)
#3 {main}
  thrown at Command line code:1)
[stacktrace]
#0 {main}
"} 
[2025-07-05 20:29:19] local.ERROR: Uncaught ReflectionException: Class "App\Policies\ModelPolicy" does not exist in Command line code:1
Stack trace:
#0 Command line code(1): ReflectionClass->__construct('App\\Policies\\Mo...')
#1 [internal function]: {closure}('App\\Policies\\Mo...', 'App\\Model')
#2 Command line code(1): array_map(Object(Closure), Array, Array)
#3 {main}
  thrown {"exception":"[object] (Symfony\\Component\\ErrorHandler\\Error\\FatalError(code: 0): Uncaught ReflectionException: Class \"App\\Policies\\ModelPolicy\" does not exist in Command line code:1
Stack trace:
#0 Command line code(1): ReflectionClass->__construct('App\\\\Policies\\\\Mo...')
#1 [internal function]: {closure}('App\\\\Policies\\\\Mo...', 'App\\\\Model')
#2 Command line code(1): array_map(Object(Closure), Array, Array)
#3 {main}
  thrown at Command line code:1)
[stacktrace]
#0 {main}
"} 
[2025-07-05 20:30:19] local.ERROR: Uncaught ReflectionException: Class "App\Policies\ModelPolicy" does not exist in Command line code:1
Stack trace:
#0 Command line code(1): ReflectionClass->__construct('App\\Policies\\Mo...')
#1 [internal function]: {closure}('App\\Policies\\Mo...', 'App\\Model')
#2 Command line code(1): array_map(Object(Closure), Array, Array)
#3 {main}
  thrown {"exception":"[object] (Symfony\\Component\\ErrorHandler\\Error\\FatalError(code: 0): Uncaught ReflectionException: Class \"App\\Policies\\ModelPolicy\" does not exist in Command line code:1
Stack trace:
#0 Command line code(1): ReflectionClass->__construct('App\\\\Policies\\\\Mo...')
#1 [internal function]: {closure}('App\\\\Policies\\\\Mo...', 'App\\\\Model')
#2 Command line code(1): array_map(Object(Closure), Array, Array)
#3 {main}
  thrown at Command line code:1)
[stacktrace]
#0 {main}
"} 
[2025-07-05 20:31:18] local.ERROR: Uncaught ReflectionException: Class "App\Policies\ModelPolicy" does not exist in Command line code:1
Stack trace:
#0 Command line code(1): ReflectionClass->__construct('App\\Policies\\Mo...')
#1 [internal function]: {closure}('App\\Policies\\Mo...', 'App\\Model')
#2 Command line code(1): array_map(Object(Closure), Array, Array)
#3 {main}
  thrown {"exception":"[object] (Symfony\\Component\\ErrorHandler\\Error\\FatalError(code: 0): Uncaught ReflectionException: Class \"App\\Policies\\ModelPolicy\" does not exist in Command line code:1
Stack trace:
#0 Command line code(1): ReflectionClass->__construct('App\\\\Policies\\\\Mo...')
#1 [internal function]: {closure}('App\\\\Policies\\\\Mo...', 'App\\\\Model')
#2 Command line code(1): array_map(Object(Closure), Array, Array)
#3 {main}
  thrown at Command line code:1)
[stacktrace]
#0 {main}
"} 
[2025-07-05 20:32:18] local.ERROR: Uncaught ReflectionException: Class "App\Policies\ModelPolicy" does not exist in Command line code:1
Stack trace:
#0 Command line code(1): ReflectionClass->__construct('App\\Policies\\Mo...')
#1 [internal function]: {closure}('App\\Policies\\Mo...', 'App\\Model')
#2 Command line code(1): array_map(Object(Closure), Array, Array)
#3 {main}
  thrown {"exception":"[object] (Symfony\\Component\\ErrorHandler\\Error\\FatalError(code: 0): Uncaught ReflectionException: Class \"App\\Policies\\ModelPolicy\" does not exist in Command line code:1
Stack trace:
#0 Command line code(1): ReflectionClass->__construct('App\\\\Policies\\\\Mo...')
#1 [internal function]: {closure}('App\\\\Policies\\\\Mo...', 'App\\\\Model')
#2 Command line code(1): array_map(Object(Closure), Array, Array)
#3 {main}
  thrown at Command line code:1)
[stacktrace]
#0 {main}
"} 
[2025-07-05 20:33:18] local.ERROR: Uncaught ReflectionException: Class "App\Policies\ModelPolicy" does not exist in Command line code:1
Stack trace:
#0 Command line code(1): ReflectionClass->__construct('App\\Policies\\Mo...')
#1 [internal function]: {closure}('App\\Policies\\Mo...', 'App\\Model')
#2 Command line code(1): array_map(Object(Closure), Array, Array)
#3 {main}
  thrown {"exception":"[object] (Symfony\\Component\\ErrorHandler\\Error\\FatalError(code: 0): Uncaught ReflectionException: Class \"App\\Policies\\ModelPolicy\" does not exist in Command line code:1
Stack trace:
#0 Command line code(1): ReflectionClass->__construct('App\\\\Policies\\\\Mo...')
#1 [internal function]: {closure}('App\\\\Policies\\\\Mo...', 'App\\\\Model')
#2 Command line code(1): array_map(Object(Closure), Array, Array)
#3 {main}
  thrown at Command line code:1)
[stacktrace]
#0 {main}
"} 
[2025-07-05 20:34:18] local.ERROR: Uncaught ReflectionException: Class "App\Policies\ModelPolicy" does not exist in Command line code:1
Stack trace:
#0 Command line code(1): ReflectionClass->__construct('App\\Policies\\Mo...')
#1 [internal function]: {closure}('App\\Policies\\Mo...', 'App\\Model')
#2 Command line code(1): array_map(Object(Closure), Array, Array)
#3 {main}
  thrown {"exception":"[object] (Symfony\\Component\\ErrorHandler\\Error\\FatalError(code: 0): Uncaught ReflectionException: Class \"App\\Policies\\ModelPolicy\" does not exist in Command line code:1
Stack trace:
#0 Command line code(1): ReflectionClass->__construct('App\\\\Policies\\\\Mo...')
#1 [internal function]: {closure}('App\\\\Policies\\\\Mo...', 'App\\\\Model')
#2 Command line code(1): array_map(Object(Closure), Array, Array)
#3 {main}
  thrown at Command line code:1)
[stacktrace]
#0 {main}
"} 
[2025-07-05 20:35:18] local.ERROR: Uncaught ReflectionException: Class "App\Policies\ModelPolicy" does not exist in Command line code:1
Stack trace:
#0 Command line code(1): ReflectionClass->__construct('App\\Policies\\Mo...')
#1 [internal function]: {closure}('App\\Policies\\Mo...', 'App\\Model')
#2 Command line code(1): array_map(Object(Closure), Array, Array)
#3 {main}
  thrown {"exception":"[object] (Symfony\\Component\\ErrorHandler\\Error\\FatalError(code: 0): Uncaught ReflectionException: Class \"App\\Policies\\ModelPolicy\" does not exist in Command line code:1
Stack trace:
#0 Command line code(1): ReflectionClass->__construct('App\\\\Policies\\\\Mo...')
#1 [internal function]: {closure}('App\\\\Policies\\\\Mo...', 'App\\\\Model')
#2 Command line code(1): array_map(Object(Closure), Array, Array)
#3 {main}
  thrown at Command line code:1)
[stacktrace]
#0 {main}
"} 
[2025-07-05 20:36:18] local.ERROR: Uncaught ReflectionException: Class "App\Policies\ModelPolicy" does not exist in Command line code:1
Stack trace:
#0 Command line code(1): ReflectionClass->__construct('App\\Policies\\Mo...')
#1 [internal function]: {closure}('App\\Policies\\Mo...', 'App\\Model')
#2 Command line code(1): array_map(Object(Closure), Array, Array)
#3 {main}
  thrown {"exception":"[object] (Symfony\\Component\\ErrorHandler\\Error\\FatalError(code: 0): Uncaught ReflectionException: Class \"App\\Policies\\ModelPolicy\" does not exist in Command line code:1
Stack trace:
#0 Command line code(1): ReflectionClass->__construct('App\\\\Policies\\\\Mo...')
#1 [internal function]: {closure}('App\\\\Policies\\\\Mo...', 'App\\\\Model')
#2 Command line code(1): array_map(Object(Closure), Array, Array)
#3 {main}
  thrown at Command line code:1)
[stacktrace]
#0 {main}
"} 
[2025-07-05 20:37:18] local.ERROR: Uncaught ReflectionException: Class "App\Policies\ModelPolicy" does not exist in Command line code:1
Stack trace:
#0 Command line code(1): ReflectionClass->__construct('App\\Policies\\Mo...')
#1 [internal function]: {closure}('App\\Policies\\Mo...', 'App\\Model')
#2 Command line code(1): array_map(Object(Closure), Array, Array)
#3 {main}
  thrown {"exception":"[object] (Symfony\\Component\\ErrorHandler\\Error\\FatalError(code: 0): Uncaught ReflectionException: Class \"App\\Policies\\ModelPolicy\" does not exist in Command line code:1
Stack trace:
#0 Command line code(1): ReflectionClass->__construct('App\\\\Policies\\\\Mo...')
#1 [internal function]: {closure}('App\\\\Policies\\\\Mo...', 'App\\\\Model')
#2 Command line code(1): array_map(Object(Closure), Array, Array)
#3 {main}
  thrown at Command line code:1)
[stacktrace]
#0 {main}
"} 
[2025-07-05 20:38:19] local.ERROR: Uncaught ReflectionException: Class "App\Policies\ModelPolicy" does not exist in Command line code:1
Stack trace:
#0 Command line code(1): ReflectionClass->__construct('App\\Policies\\Mo...')
#1 [internal function]: {closure}('App\\Policies\\Mo...', 'App\\Model')
#2 Command line code(1): array_map(Object(Closure), Array, Array)
#3 {main}
  thrown {"exception":"[object] (Symfony\\Component\\ErrorHandler\\Error\\FatalError(code: 0): Uncaught ReflectionException: Class \"App\\Policies\\ModelPolicy\" does not exist in Command line code:1
Stack trace:
#0 Command line code(1): ReflectionClass->__construct('App\\\\Policies\\\\Mo...')
#1 [internal function]: {closure}('App\\\\Policies\\\\Mo...', 'App\\\\Model')
#2 Command line code(1): array_map(Object(Closure), Array, Array)
#3 {main}
  thrown at Command line code:1)
[stacktrace]
#0 {main}
"} 
[2025-07-05 20:39:18] local.ERROR: Uncaught ReflectionException: Class "App\Policies\ModelPolicy" does not exist in Command line code:1
Stack trace:
#0 Command line code(1): ReflectionClass->__construct('App\\Policies\\Mo...')
#1 [internal function]: {closure}('App\\Policies\\Mo...', 'App\\Model')
#2 Command line code(1): array_map(Object(Closure), Array, Array)
#3 {main}
  thrown {"exception":"[object] (Symfony\\Component\\ErrorHandler\\Error\\FatalError(code: 0): Uncaught ReflectionException: Class \"App\\Policies\\ModelPolicy\" does not exist in Command line code:1
Stack trace:
#0 Command line code(1): ReflectionClass->__construct('App\\\\Policies\\\\Mo...')
#1 [internal function]: {closure}('App\\\\Policies\\\\Mo...', 'App\\\\Model')
#2 Command line code(1): array_map(Object(Closure), Array, Array)
#3 {main}
  thrown at Command line code:1)
[stacktrace]
#0 {main}
"} 
[2025-07-05 20:40:18] local.ERROR: Uncaught ReflectionException: Class "App\Policies\ModelPolicy" does not exist in Command line code:1
Stack trace:
#0 Command line code(1): ReflectionClass->__construct('App\\Policies\\Mo...')
#1 [internal function]: {closure}('App\\Policies\\Mo...', 'App\\Model')
#2 Command line code(1): array_map(Object(Closure), Array, Array)
#3 {main}
  thrown {"exception":"[object] (Symfony\\Component\\ErrorHandler\\Error\\FatalError(code: 0): Uncaught ReflectionException: Class \"App\\Policies\\ModelPolicy\" does not exist in Command line code:1
Stack trace:
#0 Command line code(1): ReflectionClass->__construct('App\\\\Policies\\\\Mo...')
#1 [internal function]: {closure}('App\\\\Policies\\\\Mo...', 'App\\\\Model')
#2 Command line code(1): array_map(Object(Closure), Array, Array)
#3 {main}
  thrown at Command line code:1)
[stacktrace]
#0 {main}
"} 
[2025-07-05 20:41:18] local.ERROR: Uncaught ReflectionException: Class "App\Policies\ModelPolicy" does not exist in Command line code:1
Stack trace:
#0 Command line code(1): ReflectionClass->__construct('App\\Policies\\Mo...')
#1 [internal function]: {closure}('App\\Policies\\Mo...', 'App\\Model')
#2 Command line code(1): array_map(Object(Closure), Array, Array)
#3 {main}
  thrown {"exception":"[object] (Symfony\\Component\\ErrorHandler\\Error\\FatalError(code: 0): Uncaught ReflectionException: Class \"App\\Policies\\ModelPolicy\" does not exist in Command line code:1
Stack trace:
#0 Command line code(1): ReflectionClass->__construct('App\\\\Policies\\\\Mo...')
#1 [internal function]: {closure}('App\\\\Policies\\\\Mo...', 'App\\\\Model')
#2 Command line code(1): array_map(Object(Closure), Array, Array)
#3 {main}
  thrown at Command line code:1)
[stacktrace]
#0 {main}
"} 
[2025-07-05 20:42:18] local.ERROR: Uncaught ReflectionException: Class "App\Policies\ModelPolicy" does not exist in Command line code:1
Stack trace:
#0 Command line code(1): ReflectionClass->__construct('App\\Policies\\Mo...')
#1 [internal function]: {closure}('App\\Policies\\Mo...', 'App\\Model')
#2 Command line code(1): array_map(Object(Closure), Array, Array)
#3 {main}
  thrown {"exception":"[object] (Symfony\\Component\\ErrorHandler\\Error\\FatalError(code: 0): Uncaught ReflectionException: Class \"App\\Policies\\ModelPolicy\" does not exist in Command line code:1
Stack trace:
#0 Command line code(1): ReflectionClass->__construct('App\\\\Policies\\\\Mo...')
#1 [internal function]: {closure}('App\\\\Policies\\\\Mo...', 'App\\\\Model')
#2 Command line code(1): array_map(Object(Closure), Array, Array)
#3 {main}
  thrown at Command line code:1)
[stacktrace]
#0 {main}
"} 
[2025-07-05 20:43:18] local.ERROR: Uncaught ReflectionException: Class "App\Policies\ModelPolicy" does not exist in Command line code:1
Stack trace:
#0 Command line code(1): ReflectionClass->__construct('App\\Policies\\Mo...')
#1 [internal function]: {closure}('App\\Policies\\Mo...', 'App\\Model')
#2 Command line code(1): array_map(Object(Closure), Array, Array)
#3 {main}
  thrown {"exception":"[object] (Symfony\\Component\\ErrorHandler\\Error\\FatalError(code: 0): Uncaught ReflectionException: Class \"App\\Policies\\ModelPolicy\" does not exist in Command line code:1
Stack trace:
#0 Command line code(1): ReflectionClass->__construct('App\\\\Policies\\\\Mo...')
#1 [internal function]: {closure}('App\\\\Policies\\\\Mo...', 'App\\\\Model')
#2 Command line code(1): array_map(Object(Closure), Array, Array)
#3 {main}
  thrown at Command line code:1)
[stacktrace]
#0 {main}
"} 
[2025-07-05 20:44:18] local.ERROR: Uncaught ReflectionException: Class "App\Policies\ModelPolicy" does not exist in Command line code:1
Stack trace:
#0 Command line code(1): ReflectionClass->__construct('App\\Policies\\Mo...')
#1 [internal function]: {closure}('App\\Policies\\Mo...', 'App\\Model')
#2 Command line code(1): array_map(Object(Closure), Array, Array)
#3 {main}
  thrown {"exception":"[object] (Symfony\\Component\\ErrorHandler\\Error\\FatalError(code: 0): Uncaught ReflectionException: Class \"App\\Policies\\ModelPolicy\" does not exist in Command line code:1
Stack trace:
#0 Command line code(1): ReflectionClass->__construct('App\\\\Policies\\\\Mo...')
#1 [internal function]: {closure}('App\\\\Policies\\\\Mo...', 'App\\\\Model')
#2 Command line code(1): array_map(Object(Closure), Array, Array)
#3 {main}
  thrown at Command line code:1)
[stacktrace]
#0 {main}
"} 
[2025-07-05 20:45:18] local.ERROR: Uncaught ReflectionException: Class "App\Policies\ModelPolicy" does not exist in Command line code:1
Stack trace:
#0 Command line code(1): ReflectionClass->__construct('App\\Policies\\Mo...')
#1 [internal function]: {closure}('App\\Policies\\Mo...', 'App\\Model')
#2 Command line code(1): array_map(Object(Closure), Array, Array)
#3 {main}
  thrown {"exception":"[object] (Symfony\\Component\\ErrorHandler\\Error\\FatalError(code: 0): Uncaught ReflectionException: Class \"App\\Policies\\ModelPolicy\" does not exist in Command line code:1
Stack trace:
#0 Command line code(1): ReflectionClass->__construct('App\\\\Policies\\\\Mo...')
#1 [internal function]: {closure}('App\\\\Policies\\\\Mo...', 'App\\\\Model')
#2 Command line code(1): array_map(Object(Closure), Array, Array)
#3 {main}
  thrown at Command line code:1)
[stacktrace]
#0 {main}
"} 
[2025-07-05 20:46:18] local.ERROR: Uncaught ReflectionException: Class "App\Policies\ModelPolicy" does not exist in Command line code:1
Stack trace:
#0 Command line code(1): ReflectionClass->__construct('App\\Policies\\Mo...')
#1 [internal function]: {closure}('App\\Policies\\Mo...', 'App\\Model')
#2 Command line code(1): array_map(Object(Closure), Array, Array)
#3 {main}
  thrown {"exception":"[object] (Symfony\\Component\\ErrorHandler\\Error\\FatalError(code: 0): Uncaught ReflectionException: Class \"App\\Policies\\ModelPolicy\" does not exist in Command line code:1
Stack trace:
#0 Command line code(1): ReflectionClass->__construct('App\\\\Policies\\\\Mo...')
#1 [internal function]: {closure}('App\\\\Policies\\\\Mo...', 'App\\\\Model')
#2 Command line code(1): array_map(Object(Closure), Array, Array)
#3 {main}
  thrown at Command line code:1)
[stacktrace]
#0 {main}
"} 
[2025-07-05 20:47:18] local.ERROR: Uncaught ReflectionException: Class "App\Policies\ModelPolicy" does not exist in Command line code:1
Stack trace:
#0 Command line code(1): ReflectionClass->__construct('App\\Policies\\Mo...')
#1 [internal function]: {closure}('App\\Policies\\Mo...', 'App\\Model')
#2 Command line code(1): array_map(Object(Closure), Array, Array)
#3 {main}
  thrown {"exception":"[object] (Symfony\\Component\\ErrorHandler\\Error\\FatalError(code: 0): Uncaught ReflectionException: Class \"App\\Policies\\ModelPolicy\" does not exist in Command line code:1
Stack trace:
#0 Command line code(1): ReflectionClass->__construct('App\\\\Policies\\\\Mo...')
#1 [internal function]: {closure}('App\\\\Policies\\\\Mo...', 'App\\\\Model')
#2 Command line code(1): array_map(Object(Closure), Array, Array)
#3 {main}
  thrown at Command line code:1)
[stacktrace]
#0 {main}
"} 
[2025-07-05 20:48:18] local.ERROR: Uncaught ReflectionException: Class "App\Policies\ModelPolicy" does not exist in Command line code:1
Stack trace:
#0 Command line code(1): ReflectionClass->__construct('App\\Policies\\Mo...')
#1 [internal function]: {closure}('App\\Policies\\Mo...', 'App\\Model')
#2 Command line code(1): array_map(Object(Closure), Array, Array)
#3 {main}
  thrown {"exception":"[object] (Symfony\\Component\\ErrorHandler\\Error\\FatalError(code: 0): Uncaught ReflectionException: Class \"App\\Policies\\ModelPolicy\" does not exist in Command line code:1
Stack trace:
#0 Command line code(1): ReflectionClass->__construct('App\\\\Policies\\\\Mo...')
#1 [internal function]: {closure}('App\\\\Policies\\\\Mo...', 'App\\\\Model')
#2 Command line code(1): array_map(Object(Closure), Array, Array)
#3 {main}
  thrown at Command line code:1)
[stacktrace]
#0 {main}
"} 
[2025-07-05 20:49:18] local.ERROR: Uncaught ReflectionException: Class "App\Policies\ModelPolicy" does not exist in Command line code:1
Stack trace:
#0 Command line code(1): ReflectionClass->__construct('App\\Policies\\Mo...')
#1 [internal function]: {closure}('App\\Policies\\Mo...', 'App\\Model')
#2 Command line code(1): array_map(Object(Closure), Array, Array)
#3 {main}
  thrown {"exception":"[object] (Symfony\\Component\\ErrorHandler\\Error\\FatalError(code: 0): Uncaught ReflectionException: Class \"App\\Policies\\ModelPolicy\" does not exist in Command line code:1
Stack trace:
#0 Command line code(1): ReflectionClass->__construct('App\\\\Policies\\\\Mo...')
#1 [internal function]: {closure}('App\\\\Policies\\\\Mo...', 'App\\\\Model')
#2 Command line code(1): array_map(Object(Closure), Array, Array)
#3 {main}
  thrown at Command line code:1)
[stacktrace]
#0 {main}
"} 
[2025-07-05 20:50:18] local.ERROR: Uncaught ReflectionException: Class "App\Policies\ModelPolicy" does not exist in Command line code:1
Stack trace:
#0 Command line code(1): ReflectionClass->__construct('App\\Policies\\Mo...')
#1 [internal function]: {closure}('App\\Policies\\Mo...', 'App\\Model')
#2 Command line code(1): array_map(Object(Closure), Array, Array)
#3 {main}
  thrown {"exception":"[object] (Symfony\\Component\\ErrorHandler\\Error\\FatalError(code: 0): Uncaught ReflectionException: Class \"App\\Policies\\ModelPolicy\" does not exist in Command line code:1
Stack trace:
#0 Command line code(1): ReflectionClass->__construct('App\\\\Policies\\\\Mo...')
#1 [internal function]: {closure}('App\\\\Policies\\\\Mo...', 'App\\\\Model')
#2 Command line code(1): array_map(Object(Closure), Array, Array)
#3 {main}
  thrown at Command line code:1)
[stacktrace]
#0 {main}
"} 
[2025-07-05 20:51:18] local.ERROR: Uncaught ReflectionException: Class "App\Policies\ModelPolicy" does not exist in Command line code:1
Stack trace:
#0 Command line code(1): ReflectionClass->__construct('App\\Policies\\Mo...')
#1 [internal function]: {closure}('App\\Policies\\Mo...', 'App\\Model')
#2 Command line code(1): array_map(Object(Closure), Array, Array)
#3 {main}
  thrown {"exception":"[object] (Symfony\\Component\\ErrorHandler\\Error\\FatalError(code: 0): Uncaught ReflectionException: Class \"App\\Policies\\ModelPolicy\" does not exist in Command line code:1
Stack trace:
#0 Command line code(1): ReflectionClass->__construct('App\\\\Policies\\\\Mo...')
#1 [internal function]: {closure}('App\\\\Policies\\\\Mo...', 'App\\\\Model')
#2 Command line code(1): array_map(Object(Closure), Array, Array)
#3 {main}
  thrown at Command line code:1)
[stacktrace]
#0 {main}
"} 
[2025-07-05 20:52:18] local.ERROR: Uncaught ReflectionException: Class "App\Policies\ModelPolicy" does not exist in Command line code:1
Stack trace:
#0 Command line code(1): ReflectionClass->__construct('App\\Policies\\Mo...')
#1 [internal function]: {closure}('App\\Policies\\Mo...', 'App\\Model')
#2 Command line code(1): array_map(Object(Closure), Array, Array)
#3 {main}
  thrown {"exception":"[object] (Symfony\\Component\\ErrorHandler\\Error\\FatalError(code: 0): Uncaught ReflectionException: Class \"App\\Policies\\ModelPolicy\" does not exist in Command line code:1
Stack trace:
#0 Command line code(1): ReflectionClass->__construct('App\\\\Policies\\\\Mo...')
#1 [internal function]: {closure}('App\\\\Policies\\\\Mo...', 'App\\\\Model')
#2 Command line code(1): array_map(Object(Closure), Array, Array)
#3 {main}
  thrown at Command line code:1)
[stacktrace]
#0 {main}
"} 
[2025-07-05 20:53:18] local.ERROR: Uncaught ReflectionException: Class "App\Policies\ModelPolicy" does not exist in Command line code:1
Stack trace:
#0 Command line code(1): ReflectionClass->__construct('App\\Policies\\Mo...')
#1 [internal function]: {closure}('App\\Policies\\Mo...', 'App\\Model')
#2 Command line code(1): array_map(Object(Closure), Array, Array)
#3 {main}
  thrown {"exception":"[object] (Symfony\\Component\\ErrorHandler\\Error\\FatalError(code: 0): Uncaught ReflectionException: Class \"App\\Policies\\ModelPolicy\" does not exist in Command line code:1
Stack trace:
#0 Command line code(1): ReflectionClass->__construct('App\\\\Policies\\\\Mo...')
#1 [internal function]: {closure}('App\\\\Policies\\\\Mo...', 'App\\\\Model')
#2 Command line code(1): array_map(Object(Closure), Array, Array)
#3 {main}
  thrown at Command line code:1)
[stacktrace]
#0 {main}
"} 
[2025-07-05 20:54:18] local.ERROR: Uncaught ReflectionException: Class "App\Policies\ModelPolicy" does not exist in Command line code:1
Stack trace:
#0 Command line code(1): ReflectionClass->__construct('App\\Policies\\Mo...')
#1 [internal function]: {closure}('App\\Policies\\Mo...', 'App\\Model')
#2 Command line code(1): array_map(Object(Closure), Array, Array)
#3 {main}
  thrown {"exception":"[object] (Symfony\\Component\\ErrorHandler\\Error\\FatalError(code: 0): Uncaught ReflectionException: Class \"App\\Policies\\ModelPolicy\" does not exist in Command line code:1
Stack trace:
#0 Command line code(1): ReflectionClass->__construct('App\\\\Policies\\\\Mo...')
#1 [internal function]: {closure}('App\\\\Policies\\\\Mo...', 'App\\\\Model')
#2 Command line code(1): array_map(Object(Closure), Array, Array)
#3 {main}
  thrown at Command line code:1)
[stacktrace]
#0 {main}
"} 
[2025-07-05 20:55:18] local.ERROR: Uncaught ReflectionException: Class "App\Policies\ModelPolicy" does not exist in Command line code:1
Stack trace:
#0 Command line code(1): ReflectionClass->__construct('App\\Policies\\Mo...')
#1 [internal function]: {closure}('App\\Policies\\Mo...', 'App\\Model')
#2 Command line code(1): array_map(Object(Closure), Array, Array)
#3 {main}
  thrown {"exception":"[object] (Symfony\\Component\\ErrorHandler\\Error\\FatalError(code: 0): Uncaught ReflectionException: Class \"App\\Policies\\ModelPolicy\" does not exist in Command line code:1
Stack trace:
#0 Command line code(1): ReflectionClass->__construct('App\\\\Policies\\\\Mo...')
#1 [internal function]: {closure}('App\\\\Policies\\\\Mo...', 'App\\\\Model')
#2 Command line code(1): array_map(Object(Closure), Array, Array)
#3 {main}
  thrown at Command line code:1)
[stacktrace]
#0 {main}
"} 
[2025-07-05 20:56:18] local.ERROR: Uncaught ReflectionException: Class "App\Policies\ModelPolicy" does not exist in Command line code:1
Stack trace:
#0 Command line code(1): ReflectionClass->__construct('App\\Policies\\Mo...')
#1 [internal function]: {closure}('App\\Policies\\Mo...', 'App\\Model')
#2 Command line code(1): array_map(Object(Closure), Array, Array)
#3 {main}
  thrown {"exception":"[object] (Symfony\\Component\\ErrorHandler\\Error\\FatalError(code: 0): Uncaught ReflectionException: Class \"App\\Policies\\ModelPolicy\" does not exist in Command line code:1
Stack trace:
#0 Command line code(1): ReflectionClass->__construct('App\\\\Policies\\\\Mo...')
#1 [internal function]: {closure}('App\\\\Policies\\\\Mo...', 'App\\\\Model')
#2 Command line code(1): array_map(Object(Closure), Array, Array)
#3 {main}
  thrown at Command line code:1)
[stacktrace]
#0 {main}
"} 
[2025-07-05 20:57:18] local.ERROR: Uncaught ReflectionException: Class "App\Policies\ModelPolicy" does not exist in Command line code:1
Stack trace:
#0 Command line code(1): ReflectionClass->__construct('App\\Policies\\Mo...')
#1 [internal function]: {closure}('App\\Policies\\Mo...', 'App\\Model')
#2 Command line code(1): array_map(Object(Closure), Array, Array)
#3 {main}
  thrown {"exception":"[object] (Symfony\\Component\\ErrorHandler\\Error\\FatalError(code: 0): Uncaught ReflectionException: Class \"App\\Policies\\ModelPolicy\" does not exist in Command line code:1
Stack trace:
#0 Command line code(1): ReflectionClass->__construct('App\\\\Policies\\\\Mo...')
#1 [internal function]: {closure}('App\\\\Policies\\\\Mo...', 'App\\\\Model')
#2 Command line code(1): array_map(Object(Closure), Array, Array)
#3 {main}
  thrown at Command line code:1)
[stacktrace]
#0 {main}
"} 
[2025-07-05 20:58:18] local.ERROR: Uncaught ReflectionException: Class "App\Policies\ModelPolicy" does not exist in Command line code:1
Stack trace:
#0 Command line code(1): ReflectionClass->__construct('App\\Policies\\Mo...')
#1 [internal function]: {closure}('App\\Policies\\Mo...', 'App\\Model')
#2 Command line code(1): array_map(Object(Closure), Array, Array)
#3 {main}
  thrown {"exception":"[object] (Symfony\\Component\\ErrorHandler\\Error\\FatalError(code: 0): Uncaught ReflectionException: Class \"App\\Policies\\ModelPolicy\" does not exist in Command line code:1
Stack trace:
#0 Command line code(1): ReflectionClass->__construct('App\\\\Policies\\\\Mo...')
#1 [internal function]: {closure}('App\\\\Policies\\\\Mo...', 'App\\\\Model')
#2 Command line code(1): array_map(Object(Closure), Array, Array)
#3 {main}
  thrown at Command line code:1)
[stacktrace]
#0 {main}
"} 
[2025-07-05 20:59:18] local.ERROR: Uncaught ReflectionException: Class "App\Policies\ModelPolicy" does not exist in Command line code:1
Stack trace:
#0 Command line code(1): ReflectionClass->__construct('App\\Policies\\Mo...')
#1 [internal function]: {closure}('App\\Policies\\Mo...', 'App\\Model')
#2 Command line code(1): array_map(Object(Closure), Array, Array)
#3 {main}
  thrown {"exception":"[object] (Symfony\\Component\\ErrorHandler\\Error\\FatalError(code: 0): Uncaught ReflectionException: Class \"App\\Policies\\ModelPolicy\" does not exist in Command line code:1
Stack trace:
#0 Command line code(1): ReflectionClass->__construct('App\\\\Policies\\\\Mo...')
#1 [internal function]: {closure}('App\\\\Policies\\\\Mo...', 'App\\\\Model')
#2 Command line code(1): array_map(Object(Closure), Array, Array)
#3 {main}
  thrown at Command line code:1)
[stacktrace]
#0 {main}
"} 
[2025-07-05 21:00:18] local.ERROR: Uncaught ReflectionException: Class "App\Policies\ModelPolicy" does not exist in Command line code:1
Stack trace:
#0 Command line code(1): ReflectionClass->__construct('App\\Policies\\Mo...')
#1 [internal function]: {closure}('App\\Policies\\Mo...', 'App\\Model')
#2 Command line code(1): array_map(Object(Closure), Array, Array)
#3 {main}
  thrown {"exception":"[object] (Symfony\\Component\\ErrorHandler\\Error\\FatalError(code: 0): Uncaught ReflectionException: Class \"App\\Policies\\ModelPolicy\" does not exist in Command line code:1
Stack trace:
#0 Command line code(1): ReflectionClass->__construct('App\\\\Policies\\\\Mo...')
#1 [internal function]: {closure}('App\\\\Policies\\\\Mo...', 'App\\\\Model')
#2 Command line code(1): array_map(Object(Closure), Array, Array)
#3 {main}
  thrown at Command line code:1)
[stacktrace]
#0 {main}
"} 
[2025-07-05 21:01:18] local.ERROR: Uncaught ReflectionException: Class "App\Policies\ModelPolicy" does not exist in Command line code:1
Stack trace:
#0 Command line code(1): ReflectionClass->__construct('App\\Policies\\Mo...')
#1 [internal function]: {closure}('App\\Policies\\Mo...', 'App\\Model')
#2 Command line code(1): array_map(Object(Closure), Array, Array)
#3 {main}
  thrown {"exception":"[object] (Symfony\\Component\\ErrorHandler\\Error\\FatalError(code: 0): Uncaught ReflectionException: Class \"App\\Policies\\ModelPolicy\" does not exist in Command line code:1
Stack trace:
#0 Command line code(1): ReflectionClass->__construct('App\\\\Policies\\\\Mo...')
#1 [internal function]: {closure}('App\\\\Policies\\\\Mo...', 'App\\\\Model')
#2 Command line code(1): array_map(Object(Closure), Array, Array)
#3 {main}
  thrown at Command line code:1)
[stacktrace]
#0 {main}
"} 
[2025-07-05 21:02:18] local.ERROR: Uncaught ReflectionException: Class "App\Policies\ModelPolicy" does not exist in Command line code:1
Stack trace:
#0 Command line code(1): ReflectionClass->__construct('App\\Policies\\Mo...')
#1 [internal function]: {closure}('App\\Policies\\Mo...', 'App\\Model')
#2 Command line code(1): array_map(Object(Closure), Array, Array)
#3 {main}
  thrown {"exception":"[object] (Symfony\\Component\\ErrorHandler\\Error\\FatalError(code: 0): Uncaught ReflectionException: Class \"App\\Policies\\ModelPolicy\" does not exist in Command line code:1
Stack trace:
#0 Command line code(1): ReflectionClass->__construct('App\\\\Policies\\\\Mo...')
#1 [internal function]: {closure}('App\\\\Policies\\\\Mo...', 'App\\\\Model')
#2 Command line code(1): array_map(Object(Closure), Array, Array)
#3 {main}
  thrown at Command line code:1)
[stacktrace]
#0 {main}
"} 
[2025-07-05 21:03:18] local.ERROR: Uncaught ReflectionException: Class "App\Policies\ModelPolicy" does not exist in Command line code:1
Stack trace:
#0 Command line code(1): ReflectionClass->__construct('App\\Policies\\Mo...')
#1 [internal function]: {closure}('App\\Policies\\Mo...', 'App\\Model')
#2 Command line code(1): array_map(Object(Closure), Array, Array)
#3 {main}
  thrown {"exception":"[object] (Symfony\\Component\\ErrorHandler\\Error\\FatalError(code: 0): Uncaught ReflectionException: Class \"App\\Policies\\ModelPolicy\" does not exist in Command line code:1
Stack trace:
#0 Command line code(1): ReflectionClass->__construct('App\\\\Policies\\\\Mo...')
#1 [internal function]: {closure}('App\\\\Policies\\\\Mo...', 'App\\\\Model')
#2 Command line code(1): array_map(Object(Closure), Array, Array)
#3 {main}
  thrown at Command line code:1)
[stacktrace]
#0 {main}
"} 
[2025-07-05 21:03:59] local.ERROR: Route [update.session] not defined. (View: C:\laragon\www\thugos\resources\views\frontend\view_cart.blade.php) {"view":{"view":"C:\\laragon\\www\\thugos\\vendor\\laravel\\framework\\src\\Illuminate\\Routing\\UrlGenerator.php","data":[]},"exception":"[object] (Facade\\Ignition\\Exceptions\\ViewException(code: 0): Route [update.session] not defined. (View: C:\\laragon\\www\\thugos\\resources\\views\\frontend\\view_cart.blade.php) at C:\\laragon\\www\\thugos\\vendor\\laravel\\framework\\src\\Illuminate\\Routing\\UrlGenerator.php:444)
[stacktrace]
#0 C:\\laragon\\www\\thugos\\vendor\\laravel\\framework\\src\\Illuminate\\Foundation\\helpers.php(739): Illuminate\\Routing\\UrlGenerator->route('update.session', Array, true)
#1 C:\\laragon\\www\\thugos\\resources\\views/frontend/view_cart.blade.php(701): route('update.session')
#2 C:\\laragon\\www\\thugos\\vendor\\laravel\\framework\\src\\Illuminate\\Filesystem\\Filesystem.php(107): require('C:\\\\laragon\\\\www\\\\...')
#3 C:\\laragon\\www\\thugos\\vendor\\laravel\\framework\\src\\Illuminate\\Filesystem\\Filesystem.php(108): Illuminate\\Filesystem\\Filesystem::Illuminate\\Filesystem\\{closure}()
#4 C:\\laragon\\www\\thugos\\vendor\\laravel\\framework\\src\\Illuminate\\View\\Engines\\PhpEngine.php(58): Illuminate\\Filesystem\\Filesystem->getRequire('C:\\\\laragon\\\\www\\\\...', Array)
#5 C:\\laragon\\www\\thugos\\vendor\\laravel\\framework\\src\\Illuminate\\View\\Engines\\CompilerEngine.php(61): Illuminate\\View\\Engines\\PhpEngine->evaluatePath('C:\\\\laragon\\\\www\\\\...', Array)
#6 C:\\laragon\\www\\thugos\\vendor\\facade\\ignition\\src\\Views\\Engines\\CompilerEngine.php(37): Illuminate\\View\\Engines\\CompilerEngine->get('C:\\\\laragon\\\\www\\\\...', Array)
#7 C:\\laragon\\www\\thugos\\vendor\\laravel\\framework\\src\\Illuminate\\View\\View.php(139): Facade\\Ignition\\Views\\Engines\\CompilerEngine->get('C:\\\\laragon\\\\www\\\\...', Array)
#8 C:\\laragon\\www\\thugos\\vendor\\laravel\\framework\\src\\Illuminate\\View\\View.php(122): Illuminate\\View\\View->getContents()
#9 C:\\laragon\\www\\thugos\\vendor\\laravel\\framework\\src\\Illuminate\\View\\View.php(91): Illuminate\\View\\View->renderContents()
#10 C:\\laragon\\www\\thugos\\vendor\\laravel\\framework\\src\\Illuminate\\Http\\Response.php(69): Illuminate\\View\\View->render()
#11 C:\\laragon\\www\\thugos\\vendor\\laravel\\framework\\src\\Illuminate\\Http\\Response.php(35): Illuminate\\Http\\Response->setContent(Object(Illuminate\\View\\View))
#12 C:\\laragon\\www\\thugos\\vendor\\laravel\\framework\\src\\Illuminate\\Routing\\Router.php(820): Illuminate\\Http\\Response->__construct(Object(Illuminate\\View\\View), 200, Array)
#13 C:\\laragon\\www\\thugos\\vendor\\laravel\\framework\\src\\Illuminate\\Routing\\Router.php(789): Illuminate\\Routing\\Router::toResponse(Object(Illuminate\\Http\\Request), Object(Illuminate\\View\\View))
#14 C:\\laragon\\www\\thugos\\vendor\\laravel\\framework\\src\\Illuminate\\Routing\\Router.php(720): Illuminate\\Routing\\Router->prepareResponse(Object(Illuminate\\Http\\Request), Object(Illuminate\\View\\View))
#15 C:\\laragon\\www\\thugos\\vendor\\laravel\\framework\\src\\Illuminate\\Pipeline\\Pipeline.php(128): Illuminate\\Routing\\Router->Illuminate\\Routing\\{closure}(Object(Illuminate\\Http\\Request))
#16 C:\\laragon\\www\\thugos\\app\\Http\\Middleware\\CheckForMaintenanceMode.php(58): Illuminate\\Pipeline\\Pipeline->Illuminate\\Pipeline\\{closure}(Object(Illuminate\\Http\\Request))
#17 C:\\laragon\\www\\thugos\\vendor\\laravel\\framework\\src\\Illuminate\\Pipeline\\Pipeline.php(167): App\\Http\\Middleware\\CheckForMaintenanceMode->handle(Object(Illuminate\\Http\\Request), Object(Closure))
#18 C:\\laragon\\www\\thugos\\app\\Http\\Middleware\\HttpsProtocol.php(20): Illuminate\\Pipeline\\Pipeline->Illuminate\\Pipeline\\{closure}(Object(Illuminate\\Http\\Request))
#19 C:\\laragon\\www\\thugos\\vendor\\laravel\\framework\\src\\Illuminate\\Pipeline\\Pipeline.php(167): App\\Http\\Middleware\\HttpsProtocol->handle(Object(Illuminate\\Http\\Request), Object(Closure))
#20 C:\\laragon\\www\\thugos\\app\\Http\\Middleware\\Language.php(31): Illuminate\\Pipeline\\Pipeline->Illuminate\\Pipeline\\{closure}(Object(Illuminate\\Http\\Request))
#21 C:\\laragon\\www\\thugos\\vendor\\laravel\\framework\\src\\Illuminate\\Pipeline\\Pipeline.php(167): App\\Http\\Middleware\\Language->handle(Object(Illuminate\\Http\\Request), Object(Closure))
#22 C:\\laragon\\www\\thugos\\vendor\\laravel\\framework\\src\\Illuminate\\Routing\\Middleware\\SubstituteBindings.php(50): Illuminate\\Pipeline\\Pipeline->Illuminate\\Pipeline\\{closure}(Object(Illuminate\\Http\\Request))
#23 C:\\laragon\\www\\thugos\\vendor\\laravel\\framework\\src\\Illuminate\\Pipeline\\Pipeline.php(167): Illuminate\\Routing\\Middleware\\SubstituteBindings->handle(Object(Illuminate\\Http\\Request), Object(Closure))
#24 C:\\laragon\\www\\thugos\\vendor\\laravel\\framework\\src\\Illuminate\\Foundation\\Http\\Middleware\\VerifyCsrfToken.php(78): Illuminate\\Pipeline\\Pipeline->Illuminate\\Pipeline\\{closure}(Object(Illuminate\\Http\\Request))
#25 C:\\laragon\\www\\thugos\\vendor\\laravel\\framework\\src\\Illuminate\\Pipeline\\Pipeline.php(167): Illuminate\\Foundation\\Http\\Middleware\\VerifyCsrfToken->handle(Object(Illuminate\\Http\\Request), Object(Closure))
#26 C:\\laragon\\www\\thugos\\vendor\\laravel\\framework\\src\\Illuminate\\View\\Middleware\\ShareErrorsFromSession.php(49): Illuminate\\Pipeline\\Pipeline->Illuminate\\Pipeline\\{closure}(Object(Illuminate\\Http\\Request))
#27 C:\\laragon\\www\\thugos\\vendor\\laravel\\framework\\src\\Illuminate\\Pipeline\\Pipeline.php(167): Illuminate\\View\\Middleware\\ShareErrorsFromSession->handle(Object(Illuminate\\Http\\Request), Object(Closure))
#28 C:\\laragon\\www\\thugos\\vendor\\laravel\\framework\\src\\Illuminate\\Session\\Middleware\\StartSession.php(121): Illuminate\\Pipeline\\Pipeline->Illuminate\\Pipeline\\{closure}(Object(Illuminate\\Http\\Request))
#29 C:\\laragon\\www\\thugos\\vendor\\laravel\\framework\\src\\Illuminate\\Session\\Middleware\\StartSession.php(64): Illuminate\\Session\\Middleware\\StartSession->handleStatefulRequest(Object(Illuminate\\Http\\Request), Object(Illuminate\\Session\\Store), Object(Closure))
#30 C:\\laragon\\www\\thugos\\vendor\\laravel\\framework\\src\\Illuminate\\Pipeline\\Pipeline.php(167): Illuminate\\Session\\Middleware\\StartSession->handle(Object(Illuminate\\Http\\Request), Object(Closure))
#31 C:\\laragon\\www\\thugos\\vendor\\laravel\\framework\\src\\Illuminate\\Cookie\\Middleware\\AddQueuedCookiesToResponse.php(37): Illuminate\\Pipeline\\Pipeline->Illuminate\\Pipeline\\{closure}(Object(Illuminate\\Http\\Request))
#32 C:\\laragon\\www\\thugos\\vendor\\laravel\\framework\\src\\Illuminate\\Pipeline\\Pipeline.php(167): Illuminate\\Cookie\\Middleware\\AddQueuedCookiesToResponse->handle(Object(Illuminate\\Http\\Request), Object(Closure))
#33 C:\\laragon\\www\\thugos\\vendor\\laravel\\framework\\src\\Illuminate\\Pipeline\\Pipeline.php(103): Illuminate\\Pipeline\\Pipeline->Illuminate\\Pipeline\\{closure}(Object(Illuminate\\Http\\Request))
#34 C:\\laragon\\www\\thugos\\vendor\\laravel\\framework\\src\\Illuminate\\Routing\\Router.php(719): Illuminate\\Pipeline\\Pipeline->then(Object(Closure))
#35 C:\\laragon\\www\\thugos\\vendor\\laravel\\framework\\src\\Illuminate\\Routing\\Router.php(698): Illuminate\\Routing\\Router->runRouteWithinStack(Object(Illuminate\\Routing\\Route), Object(Illuminate\\Http\\Request))
#36 C:\\laragon\\www\\thugos\\vendor\\laravel\\framework\\src\\Illuminate\\Routing\\Router.php(662): Illuminate\\Routing\\Router->runRoute(Object(Illuminate\\Http\\Request), Object(Illuminate\\Routing\\Route))
#37 C:\\laragon\\www\\thugos\\vendor\\laravel\\framework\\src\\Illuminate\\Routing\\Router.php(651): Illuminate\\Routing\\Router->dispatchToRoute(Object(Illuminate\\Http\\Request))
#38 C:\\laragon\\www\\thugos\\vendor\\laravel\\framework\\src\\Illuminate\\Foundation\\Http\\Kernel.php(167): Illuminate\\Routing\\Router->dispatch(Object(Illuminate\\Http\\Request))
#39 C:\\laragon\\www\\thugos\\vendor\\laravel\\framework\\src\\Illuminate\\Pipeline\\Pipeline.php(128): Illuminate\\Foundation\\Http\\Kernel->Illuminate\\Foundation\\Http\\{closure}(Object(Illuminate\\Http\\Request))
#40 C:\\laragon\\www\\thugos\\vendor\\barryvdh\\laravel-debugbar\\src\\Middleware\\InjectDebugbar.php(66): Illuminate\\Pipeline\\Pipeline->Illuminate\\Pipeline\\{closure}(Object(Illuminate\\Http\\Request))
#41 C:\\laragon\\www\\thugos\\vendor\\laravel\\framework\\src\\Illuminate\\Pipeline\\Pipeline.php(167): Barryvdh\\Debugbar\\Middleware\\InjectDebugbar->handle(Object(Illuminate\\Http\\Request), Object(Closure))
#42 C:\\laragon\\www\\thugos\\vendor\\fideloper\\proxy\\src\\TrustProxies.php(57): Illuminate\\Pipeline\\Pipeline->Illuminate\\Pipeline\\{closure}(Object(Illuminate\\Http\\Request))
#43 C:\\laragon\\www\\thugos\\vendor\\laravel\\framework\\src\\Illuminate\\Pipeline\\Pipeline.php(167): Fideloper\\Proxy\\TrustProxies->handle(Object(Illuminate\\Http\\Request), Object(Closure))
#44 C:\\laragon\\www\\thugos\\vendor\\laravel\\framework\\src\\Illuminate\\Foundation\\Http\\Middleware\\TransformsRequest.php(21): Illuminate\\Pipeline\\Pipeline->Illuminate\\Pipeline\\{closure}(Object(Illuminate\\Http\\Request))
#45 C:\\laragon\\www\\thugos\\vendor\\laravel\\framework\\src\\Illuminate\\Foundation\\Http\\Middleware\\ConvertEmptyStringsToNull.php(31): Illuminate\\Foundation\\Http\\Middleware\\TransformsRequest->handle(Object(Illuminate\\Http\\Request), Object(Closure))
#46 C:\\laragon\\www\\thugos\\vendor\\laravel\\framework\\src\\Illuminate\\Pipeline\\Pipeline.php(167): Illuminate\\Foundation\\Http\\Middleware\\ConvertEmptyStringsToNull->handle(Object(Illuminate\\Http\\Request), Object(Closure))
#47 C:\\laragon\\www\\thugos\\vendor\\laravel\\framework\\src\\Illuminate\\Foundation\\Http\\Middleware\\TransformsRequest.php(21): Illuminate\\Pipeline\\Pipeline->Illuminate\\Pipeline\\{closure}(Object(Illuminate\\Http\\Request))
#48 C:\\laragon\\www\\thugos\\vendor\\laravel\\framework\\src\\Illuminate\\Foundation\\Http\\Middleware\\TrimStrings.php(40): Illuminate\\Foundation\\Http\\Middleware\\TransformsRequest->handle(Object(Illuminate\\Http\\Request), Object(Closure))
#49 C:\\laragon\\www\\thugos\\vendor\\laravel\\framework\\src\\Illuminate\\Pipeline\\Pipeline.php(167): Illuminate\\Foundation\\Http\\Middleware\\TrimStrings->handle(Object(Illuminate\\Http\\Request), Object(Closure))
#50 C:\\laragon\\www\\thugos\\vendor\\laravel\\framework\\src\\Illuminate\\Foundation\\Http\\Middleware\\ValidatePostSize.php(27): Illuminate\\Pipeline\\Pipeline->Illuminate\\Pipeline\\{closure}(Object(Illuminate\\Http\\Request))
#51 C:\\laragon\\www\\thugos\\vendor\\laravel\\framework\\src\\Illuminate\\Pipeline\\Pipeline.php(167): Illuminate\\Foundation\\Http\\Middleware\\ValidatePostSize->handle(Object(Illuminate\\Http\\Request), Object(Closure))
#52 C:\\laragon\\www\\thugos\\vendor\\laravel\\framework\\src\\Illuminate\\Pipeline\\Pipeline.php(103): Illuminate\\Pipeline\\Pipeline->Illuminate\\Pipeline\\{closure}(Object(Illuminate\\Http\\Request))
#53 C:\\laragon\\www\\thugos\\vendor\\laravel\\framework\\src\\Illuminate\\Foundation\\Http\\Kernel.php(142): Illuminate\\Pipeline\\Pipeline->then(Object(Closure))
#54 C:\\laragon\\www\\thugos\\vendor\\laravel\\framework\\src\\Illuminate\\Foundation\\Http\\Kernel.php(111): Illuminate\\Foundation\\Http\\Kernel->sendRequestThroughRouter(Object(Illuminate\\Http\\Request))
#55 C:\\laragon\\www\\thugos\\index.php(56): Illuminate\\Foundation\\Http\\Kernel->handle(Object(Illuminate\\Http\\Request))
#56 {main}

[previous exception] [object] (Symfony\\Component\\Routing\\Exception\\RouteNotFoundException(code: 0): Route [update.session] not defined. at C:\\laragon\\www\\thugos\\vendor\\laravel\\framework\\src\\Illuminate\\Routing\\UrlGenerator.php:444)
[stacktrace]
#0 C:\\laragon\\www\\thugos\\vendor\\laravel\\framework\\src\\Illuminate\\Foundation\\helpers.php(739): Illuminate\\Routing\\UrlGenerator->route('update.session', Array, true)
#1 C:\\laragon\\www\\thugos\\storage\\framework\\views\\68ae47a4c49fa98e008df977b21d1ee66408d4f8.php(697): route('update.session')
#2 C:\\laragon\\www\\thugos\\vendor\\laravel\\framework\\src\\Illuminate\\Filesystem\\Filesystem.php(107): require('C:\\\\laragon\\\\www\\\\...')
#3 C:\\laragon\\www\\thugos\\vendor\\laravel\\framework\\src\\Illuminate\\Filesystem\\Filesystem.php(108): Illuminate\\Filesystem\\Filesystem::Illuminate\\Filesystem\\{closure}()
#4 C:\\laragon\\www\\thugos\\vendor\\laravel\\framework\\src\\Illuminate\\View\\Engines\\PhpEngine.php(58): Illuminate\\Filesystem\\Filesystem->getRequire('C:\\\\laragon\\\\www\\\\...', Array)
#5 C:\\laragon\\www\\thugos\\vendor\\laravel\\framework\\src\\Illuminate\\View\\Engines\\CompilerEngine.php(61): Illuminate\\View\\Engines\\PhpEngine->evaluatePath('C:\\\\laragon\\\\www\\\\...', Array)
#6 C:\\laragon\\www\\thugos\\vendor\\facade\\ignition\\src\\Views\\Engines\\CompilerEngine.php(37): Illuminate\\View\\Engines\\CompilerEngine->get('C:\\\\laragon\\\\www\\\\...', Array)
#7 C:\\laragon\\www\\thugos\\vendor\\laravel\\framework\\src\\Illuminate\\View\\View.php(139): Facade\\Ignition\\Views\\Engines\\CompilerEngine->get('C:\\\\laragon\\\\www\\\\...', Array)
#8 C:\\laragon\\www\\thugos\\vendor\\laravel\\framework\\src\\Illuminate\\View\\View.php(122): Illuminate\\View\\View->getContents()
#9 C:\\laragon\\www\\thugos\\vendor\\laravel\\framework\\src\\Illuminate\\View\\View.php(91): Illuminate\\View\\View->renderContents()
#10 C:\\laragon\\www\\thugos\\vendor\\laravel\\framework\\src\\Illuminate\\Http\\Response.php(69): Illuminate\\View\\View->render()
#11 C:\\laragon\\www\\thugos\\vendor\\laravel\\framework\\src\\Illuminate\\Http\\Response.php(35): Illuminate\\Http\\Response->setContent(Object(Illuminate\\View\\View))
#12 C:\\laragon\\www\\thugos\\vendor\\laravel\\framework\\src\\Illuminate\\Routing\\Router.php(820): Illuminate\\Http\\Response->__construct(Object(Illuminate\\View\\View), 200, Array)
#13 C:\\laragon\\www\\thugos\\vendor\\laravel\\framework\\src\\Illuminate\\Routing\\Router.php(789): Illuminate\\Routing\\Router::toResponse(Object(Illuminate\\Http\\Request), Object(Illuminate\\View\\View))
#14 C:\\laragon\\www\\thugos\\vendor\\laravel\\framework\\src\\Illuminate\\Routing\\Router.php(720): Illuminate\\Routing\\Router->prepareResponse(Object(Illuminate\\Http\\Request), Object(Illuminate\\View\\View))
#15 C:\\laragon\\www\\thugos\\vendor\\laravel\\framework\\src\\Illuminate\\Pipeline\\Pipeline.php(128): Illuminate\\Routing\\Router->Illuminate\\Routing\\{closure}(Object(Illuminate\\Http\\Request))
#16 C:\\laragon\\www\\thugos\\app\\Http\\Middleware\\CheckForMaintenanceMode.php(58): Illuminate\\Pipeline\\Pipeline->Illuminate\\Pipeline\\{closure}(Object(Illuminate\\Http\\Request))
#17 C:\\laragon\\www\\thugos\\vendor\\laravel\\framework\\src\\Illuminate\\Pipeline\\Pipeline.php(167): App\\Http\\Middleware\\CheckForMaintenanceMode->handle(Object(Illuminate\\Http\\Request), Object(Closure))
#18 C:\\laragon\\www\\thugos\\app\\Http\\Middleware\\HttpsProtocol.php(20): Illuminate\\Pipeline\\Pipeline->Illuminate\\Pipeline\\{closure}(Object(Illuminate\\Http\\Request))
#19 C:\\laragon\\www\\thugos\\vendor\\laravel\\framework\\src\\Illuminate\\Pipeline\\Pipeline.php(167): App\\Http\\Middleware\\HttpsProtocol->handle(Object(Illuminate\\Http\\Request), Object(Closure))
#20 C:\\laragon\\www\\thugos\\app\\Http\\Middleware\\Language.php(31): Illuminate\\Pipeline\\Pipeline->Illuminate\\Pipeline\\{closure}(Object(Illuminate\\Http\\Request))
#21 C:\\laragon\\www\\thugos\\vendor\\laravel\\framework\\src\\Illuminate\\Pipeline\\Pipeline.php(167): App\\Http\\Middleware\\Language->handle(Object(Illuminate\\Http\\Request), Object(Closure))
#22 C:\\laragon\\www\\thugos\\vendor\\laravel\\framework\\src\\Illuminate\\Routing\\Middleware\\SubstituteBindings.php(50): Illuminate\\Pipeline\\Pipeline->Illuminate\\Pipeline\\{closure}(Object(Illuminate\\Http\\Request))
#23 C:\\laragon\\www\\thugos\\vendor\\laravel\\framework\\src\\Illuminate\\Pipeline\\Pipeline.php(167): Illuminate\\Routing\\Middleware\\SubstituteBindings->handle(Object(Illuminate\\Http\\Request), Object(Closure))
#24 C:\\laragon\\www\\thugos\\vendor\\laravel\\framework\\src\\Illuminate\\Foundation\\Http\\Middleware\\VerifyCsrfToken.php(78): Illuminate\\Pipeline\\Pipeline->Illuminate\\Pipeline\\{closure}(Object(Illuminate\\Http\\Request))
#25 C:\\laragon\\www\\thugos\\vendor\\laravel\\framework\\src\\Illuminate\\Pipeline\\Pipeline.php(167): Illuminate\\Foundation\\Http\\Middleware\\VerifyCsrfToken->handle(Object(Illuminate\\Http\\Request), Object(Closure))
#26 C:\\laragon\\www\\thugos\\vendor\\laravel\\framework\\src\\Illuminate\\View\\Middleware\\ShareErrorsFromSession.php(49): Illuminate\\Pipeline\\Pipeline->Illuminate\\Pipeline\\{closure}(Object(Illuminate\\Http\\Request))
#27 C:\\laragon\\www\\thugos\\vendor\\laravel\\framework\\src\\Illuminate\\Pipeline\\Pipeline.php(167): Illuminate\\View\\Middleware\\ShareErrorsFromSession->handle(Object(Illuminate\\Http\\Request), Object(Closure))
#28 C:\\laragon\\www\\thugos\\vendor\\laravel\\framework\\src\\Illuminate\\Session\\Middleware\\StartSession.php(121): Illuminate\\Pipeline\\Pipeline->Illuminate\\Pipeline\\{closure}(Object(Illuminate\\Http\\Request))
#29 C:\\laragon\\www\\thugos\\vendor\\laravel\\framework\\src\\Illuminate\\Session\\Middleware\\StartSession.php(64): Illuminate\\Session\\Middleware\\StartSession->handleStatefulRequest(Object(Illuminate\\Http\\Request), Object(Illuminate\\Session\\Store), Object(Closure))
#30 C:\\laragon\\www\\thugos\\vendor\\laravel\\framework\\src\\Illuminate\\Pipeline\\Pipeline.php(167): Illuminate\\Session\\Middleware\\StartSession->handle(Object(Illuminate\\Http\\Request), Object(Closure))
#31 C:\\laragon\\www\\thugos\\vendor\\laravel\\framework\\src\\Illuminate\\Cookie\\Middleware\\AddQueuedCookiesToResponse.php(37): Illuminate\\Pipeline\\Pipeline->Illuminate\\Pipeline\\{closure}(Object(Illuminate\\Http\\Request))
#32 C:\\laragon\\www\\thugos\\vendor\\laravel\\framework\\src\\Illuminate\\Pipeline\\Pipeline.php(167): Illuminate\\Cookie\\Middleware\\AddQueuedCookiesToResponse->handle(Object(Illuminate\\Http\\Request), Object(Closure))
#33 C:\\laragon\\www\\thugos\\vendor\\laravel\\framework\\src\\Illuminate\\Pipeline\\Pipeline.php(103): Illuminate\\Pipeline\\Pipeline->Illuminate\\Pipeline\\{closure}(Object(Illuminate\\Http\\Request))
#34 C:\\laragon\\www\\thugos\\vendor\\laravel\\framework\\src\\Illuminate\\Routing\\Router.php(719): Illuminate\\Pipeline\\Pipeline->then(Object(Closure))
#35 C:\\laragon\\www\\thugos\\vendor\\laravel\\framework\\src\\Illuminate\\Routing\\Router.php(698): Illuminate\\Routing\\Router->runRouteWithinStack(Object(Illuminate\\Routing\\Route), Object(Illuminate\\Http\\Request))
#36 C:\\laragon\\www\\thugos\\vendor\\laravel\\framework\\src\\Illuminate\\Routing\\Router.php(662): Illuminate\\Routing\\Router->runRoute(Object(Illuminate\\Http\\Request), Object(Illuminate\\Routing\\Route))
#37 C:\\laragon\\www\\thugos\\vendor\\laravel\\framework\\src\\Illuminate\\Routing\\Router.php(651): Illuminate\\Routing\\Router->dispatchToRoute(Object(Illuminate\\Http\\Request))
#38 C:\\laragon\\www\\thugos\\vendor\\laravel\\framework\\src\\Illuminate\\Foundation\\Http\\Kernel.php(167): Illuminate\\Routing\\Router->dispatch(Object(Illuminate\\Http\\Request))
#39 C:\\laragon\\www\\thugos\\vendor\\laravel\\framework\\src\\Illuminate\\Pipeline\\Pipeline.php(128): Illuminate\\Foundation\\Http\\Kernel->Illuminate\\Foundation\\Http\\{closure}(Object(Illuminate\\Http\\Request))
#40 C:\\laragon\\www\\thugos\\vendor\\barryvdh\\laravel-debugbar\\src\\Middleware\\InjectDebugbar.php(66): Illuminate\\Pipeline\\Pipeline->Illuminate\\Pipeline\\{closure}(Object(Illuminate\\Http\\Request))
#41 C:\\laragon\\www\\thugos\\vendor\\laravel\\framework\\src\\Illuminate\\Pipeline\\Pipeline.php(167): Barryvdh\\Debugbar\\Middleware\\InjectDebugbar->handle(Object(Illuminate\\Http\\Request), Object(Closure))
#42 C:\\laragon\\www\\thugos\\vendor\\fideloper\\proxy\\src\\TrustProxies.php(57): Illuminate\\Pipeline\\Pipeline->Illuminate\\Pipeline\\{closure}(Object(Illuminate\\Http\\Request))
#43 C:\\laragon\\www\\thugos\\vendor\\laravel\\framework\\src\\Illuminate\\Pipeline\\Pipeline.php(167): Fideloper\\Proxy\\TrustProxies->handle(Object(Illuminate\\Http\\Request), Object(Closure))
#44 C:\\laragon\\www\\thugos\\vendor\\laravel\\framework\\src\\Illuminate\\Foundation\\Http\\Middleware\\TransformsRequest.php(21): Illuminate\\Pipeline\\Pipeline->Illuminate\\Pipeline\\{closure}(Object(Illuminate\\Http\\Request))
#45 C:\\laragon\\www\\thugos\\vendor\\laravel\\framework\\src\\Illuminate\\Foundation\\Http\\Middleware\\ConvertEmptyStringsToNull.php(31): Illuminate\\Foundation\\Http\\Middleware\\TransformsRequest->handle(Object(Illuminate\\Http\\Request), Object(Closure))
#46 C:\\laragon\\www\\thugos\\vendor\\laravel\\framework\\src\\Illuminate\\Pipeline\\Pipeline.php(167): Illuminate\\Foundation\\Http\\Middleware\\ConvertEmptyStringsToNull->handle(Object(Illuminate\\Http\\Request), Object(Closure))
#47 C:\\laragon\\www\\thugos\\vendor\\laravel\\framework\\src\\Illuminate\\Foundation\\Http\\Middleware\\TransformsRequest.php(21): Illuminate\\Pipeline\\Pipeline->Illuminate\\Pipeline\\{closure}(Object(Illuminate\\Http\\Request))
#48 C:\\laragon\\www\\thugos\\vendor\\laravel\\framework\\src\\Illuminate\\Foundation\\Http\\Middleware\\TrimStrings.php(40): Illuminate\\Foundation\\Http\\Middleware\\TransformsRequest->handle(Object(Illuminate\\Http\\Request), Object(Closure))
#49 C:\\laragon\\www\\thugos\\vendor\\laravel\\framework\\src\\Illuminate\\Pipeline\\Pipeline.php(167): Illuminate\\Foundation\\Http\\Middleware\\TrimStrings->handle(Object(Illuminate\\Http\\Request), Object(Closure))
#50 C:\\laragon\\www\\thugos\\vendor\\laravel\\framework\\src\\Illuminate\\Foundation\\Http\\Middleware\\ValidatePostSize.php(27): Illuminate\\Pipeline\\Pipeline->Illuminate\\Pipeline\\{closure}(Object(Illuminate\\Http\\Request))
#51 C:\\laragon\\www\\thugos\\vendor\\laravel\\framework\\src\\Illuminate\\Pipeline\\Pipeline.php(167): Illuminate\\Foundation\\Http\\Middleware\\ValidatePostSize->handle(Object(Illuminate\\Http\\Request), Object(Closure))
#52 C:\\laragon\\www\\thugos\\vendor\\laravel\\framework\\src\\Illuminate\\Pipeline\\Pipeline.php(103): Illuminate\\Pipeline\\Pipeline->Illuminate\\Pipeline\\{closure}(Object(Illuminate\\Http\\Request))
#53 C:\\laragon\\www\\thugos\\vendor\\laravel\\framework\\src\\Illuminate\\Foundation\\Http\\Kernel.php(142): Illuminate\\Pipeline\\Pipeline->then(Object(Closure))
#54 C:\\laragon\\www\\thugos\\vendor\\laravel\\framework\\src\\Illuminate\\Foundation\\Http\\Kernel.php(111): Illuminate\\Foundation\\Http\\Kernel->sendRequestThroughRouter(Object(Illuminate\\Http\\Request))
#55 C:\\laragon\\www\\thugos\\index.php(56): Illuminate\\Foundation\\Http\\Kernel->handle(Object(Illuminate\\Http\\Request))
#56 {main}
"} 
[2025-07-05 21:04:18] local.ERROR: Uncaught ReflectionException: Class "App\Policies\ModelPolicy" does not exist in Command line code:1
Stack trace:
#0 Command line code(1): ReflectionClass->__construct('App\\Policies\\Mo...')
#1 [internal function]: {closure}('App\\Policies\\Mo...', 'App\\Model')
#2 Command line code(1): array_map(Object(Closure), Array, Array)
#3 {main}
  thrown {"exception":"[object] (Symfony\\Component\\ErrorHandler\\Error\\FatalError(code: 0): Uncaught ReflectionException: Class \"App\\Policies\\ModelPolicy\" does not exist in Command line code:1
Stack trace:
#0 Command line code(1): ReflectionClass->__construct('App\\\\Policies\\\\Mo...')
#1 [internal function]: {closure}('App\\\\Policies\\\\Mo...', 'App\\\\Model')
#2 Command line code(1): array_map(Object(Closure), Array, Array)
#3 {main}
  thrown at Command line code:1)
[stacktrace]
#0 {main}
"} 
[2025-07-05 21:05:19] local.ERROR: Uncaught ReflectionException: Class "App\Policies\ModelPolicy" does not exist in Command line code:1
Stack trace:
#0 Command line code(1): ReflectionClass->__construct('App\\Policies\\Mo...')
#1 [internal function]: {closure}('App\\Policies\\Mo...', 'App\\Model')
#2 Command line code(1): array_map(Object(Closure), Array, Array)
#3 {main}
  thrown {"exception":"[object] (Symfony\\Component\\ErrorHandler\\Error\\FatalError(code: 0): Uncaught ReflectionException: Class \"App\\Policies\\ModelPolicy\" does not exist in Command line code:1
Stack trace:
#0 Command line code(1): ReflectionClass->__construct('App\\\\Policies\\\\Mo...')
#1 [internal function]: {closure}('App\\\\Policies\\\\Mo...', 'App\\\\Model')
#2 Command line code(1): array_map(Object(Closure), Array, Array)
#3 {main}
  thrown at Command line code:1)
[stacktrace]
#0 {main}
"} 
[2025-07-05 21:06:18] local.ERROR: Uncaught ReflectionException: Class "App\Policies\ModelPolicy" does not exist in Command line code:1
Stack trace:
#0 Command line code(1): ReflectionClass->__construct('App\\Policies\\Mo...')
#1 [internal function]: {closure}('App\\Policies\\Mo...', 'App\\Model')
#2 Command line code(1): array_map(Object(Closure), Array, Array)
#3 {main}
  thrown {"exception":"[object] (Symfony\\Component\\ErrorHandler\\Error\\FatalError(code: 0): Uncaught ReflectionException: Class \"App\\Policies\\ModelPolicy\" does not exist in Command line code:1
Stack trace:
#0 Command line code(1): ReflectionClass->__construct('App\\\\Policies\\\\Mo...')
#1 [internal function]: {closure}('App\\\\Policies\\\\Mo...', 'App\\\\Model')
#2 Command line code(1): array_map(Object(Closure), Array, Array)
#3 {main}
  thrown at Command line code:1)
[stacktrace]
#0 {main}
"} 
[2025-07-05 21:07:18] local.ERROR: Uncaught ReflectionException: Class "App\Policies\ModelPolicy" does not exist in Command line code:1
Stack trace:
#0 Command line code(1): ReflectionClass->__construct('App\\Policies\\Mo...')
#1 [internal function]: {closure}('App\\Policies\\Mo...', 'App\\Model')
#2 Command line code(1): array_map(Object(Closure), Array, Array)
#3 {main}
  thrown {"exception":"[object] (Symfony\\Component\\ErrorHandler\\Error\\FatalError(code: 0): Uncaught ReflectionException: Class \"App\\Policies\\ModelPolicy\" does not exist in Command line code:1
Stack trace:
#0 Command line code(1): ReflectionClass->__construct('App\\\\Policies\\\\Mo...')
#1 [internal function]: {closure}('App\\\\Policies\\\\Mo...', 'App\\\\Model')
#2 Command line code(1): array_map(Object(Closure), Array, Array)
#3 {main}
  thrown at Command line code:1)
[stacktrace]
#0 {main}
"} 
[2025-07-05 21:08:19] local.ERROR: Uncaught ReflectionException: Class "App\Policies\ModelPolicy" does not exist in Command line code:1
Stack trace:
#0 Command line code(1): ReflectionClass->__construct('App\\Policies\\Mo...')
#1 [internal function]: {closure}('App\\Policies\\Mo...', 'App\\Model')
#2 Command line code(1): array_map(Object(Closure), Array, Array)
#3 {main}
  thrown {"exception":"[object] (Symfony\\Component\\ErrorHandler\\Error\\FatalError(code: 0): Uncaught ReflectionException: Class \"App\\Policies\\ModelPolicy\" does not exist in Command line code:1
Stack trace:
#0 Command line code(1): ReflectionClass->__construct('App\\\\Policies\\\\Mo...')
#1 [internal function]: {closure}('App\\\\Policies\\\\Mo...', 'App\\\\Model')
#2 Command line code(1): array_map(Object(Closure), Array, Array)
#3 {main}
  thrown at Command line code:1)
[stacktrace]
#0 {main}
"} 
[2025-07-05 21:09:18] local.ERROR: Uncaught ReflectionException: Class "App\Policies\ModelPolicy" does not exist in Command line code:1
Stack trace:
#0 Command line code(1): ReflectionClass->__construct('App\\Policies\\Mo...')
#1 [internal function]: {closure}('App\\Policies\\Mo...', 'App\\Model')
#2 Command line code(1): array_map(Object(Closure), Array, Array)
#3 {main}
  thrown {"exception":"[object] (Symfony\\Component\\ErrorHandler\\Error\\FatalError(code: 0): Uncaught ReflectionException: Class \"App\\Policies\\ModelPolicy\" does not exist in Command line code:1
Stack trace:
#0 Command line code(1): ReflectionClass->__construct('App\\\\Policies\\\\Mo...')
#1 [internal function]: {closure}('App\\\\Policies\\\\Mo...', 'App\\\\Model')
#2 Command line code(1): array_map(Object(Closure), Array, Array)
#3 {main}
  thrown at Command line code:1)
[stacktrace]
#0 {main}
"} 
[2025-07-05 21:10:18] local.ERROR: Uncaught ReflectionException: Class "App\Policies\ModelPolicy" does not exist in Command line code:1
Stack trace:
#0 Command line code(1): ReflectionClass->__construct('App\\Policies\\Mo...')
#1 [internal function]: {closure}('App\\Policies\\Mo...', 'App\\Model')
#2 Command line code(1): array_map(Object(Closure), Array, Array)
#3 {main}
  thrown {"exception":"[object] (Symfony\\Component\\ErrorHandler\\Error\\FatalError(code: 0): Uncaught ReflectionException: Class \"App\\Policies\\ModelPolicy\" does not exist in Command line code:1
Stack trace:
#0 Command line code(1): ReflectionClass->__construct('App\\\\Policies\\\\Mo...')
#1 [internal function]: {closure}('App\\\\Policies\\\\Mo...', 'App\\\\Model')
#2 Command line code(1): array_map(Object(Closure), Array, Array)
#3 {main}
  thrown at Command line code:1)
[stacktrace]
#0 {main}
"} 
[2025-07-05 21:11:18] local.ERROR: Uncaught ReflectionException: Class "App\Policies\ModelPolicy" does not exist in Command line code:1
Stack trace:
#0 Command line code(1): ReflectionClass->__construct('App\\Policies\\Mo...')
#1 [internal function]: {closure}('App\\Policies\\Mo...', 'App\\Model')
#2 Command line code(1): array_map(Object(Closure), Array, Array)
#3 {main}
  thrown {"exception":"[object] (Symfony\\Component\\ErrorHandler\\Error\\FatalError(code: 0): Uncaught ReflectionException: Class \"App\\Policies\\ModelPolicy\" does not exist in Command line code:1
Stack trace:
#0 Command line code(1): ReflectionClass->__construct('App\\\\Policies\\\\Mo...')
#1 [internal function]: {closure}('App\\\\Policies\\\\Mo...', 'App\\\\Model')
#2 Command line code(1): array_map(Object(Closure), Array, Array)
#3 {main}
  thrown at Command line code:1)
[stacktrace]
#0 {main}
"} 
[2025-07-05 21:12:19] local.ERROR: Uncaught ReflectionException: Class "App\Policies\ModelPolicy" does not exist in Command line code:1
Stack trace:
#0 Command line code(1): ReflectionClass->__construct('App\\Policies\\Mo...')
#1 [internal function]: {closure}('App\\Policies\\Mo...', 'App\\Model')
#2 Command line code(1): array_map(Object(Closure), Array, Array)
#3 {main}
  thrown {"exception":"[object] (Symfony\\Component\\ErrorHandler\\Error\\FatalError(code: 0): Uncaught ReflectionException: Class \"App\\Policies\\ModelPolicy\" does not exist in Command line code:1
Stack trace:
#0 Command line code(1): ReflectionClass->__construct('App\\\\Policies\\\\Mo...')
#1 [internal function]: {closure}('App\\\\Policies\\\\Mo...', 'App\\\\Model')
#2 Command line code(1): array_map(Object(Closure), Array, Array)
#3 {main}
  thrown at Command line code:1)
[stacktrace]
#0 {main}
"} 
[2025-07-05 21:13:18] local.ERROR: Uncaught ReflectionException: Class "App\Policies\ModelPolicy" does not exist in Command line code:1
Stack trace:
#0 Command line code(1): ReflectionClass->__construct('App\\Policies\\Mo...')
#1 [internal function]: {closure}('App\\Policies\\Mo...', 'App\\Model')
#2 Command line code(1): array_map(Object(Closure), Array, Array)
#3 {main}
  thrown {"exception":"[object] (Symfony\\Component\\ErrorHandler\\Error\\FatalError(code: 0): Uncaught ReflectionException: Class \"App\\Policies\\ModelPolicy\" does not exist in Command line code:1
Stack trace:
#0 Command line code(1): ReflectionClass->__construct('App\\\\Policies\\\\Mo...')
#1 [internal function]: {closure}('App\\\\Policies\\\\Mo...', 'App\\\\Model')
#2 Command line code(1): array_map(Object(Closure), Array, Array)
#3 {main}
  thrown at Command line code:1)
[stacktrace]
#0 {main}
"} 
[2025-07-05 21:14:18] local.ERROR: Uncaught ReflectionException: Class "App\Policies\ModelPolicy" does not exist in Command line code:1
Stack trace:
#0 Command line code(1): ReflectionClass->__construct('App\\Policies\\Mo...')
#1 [internal function]: {closure}('App\\Policies\\Mo...', 'App\\Model')
#2 Command line code(1): array_map(Object(Closure), Array, Array)
#3 {main}
  thrown {"exception":"[object] (Symfony\\Component\\ErrorHandler\\Error\\FatalError(code: 0): Uncaught ReflectionException: Class \"App\\Policies\\ModelPolicy\" does not exist in Command line code:1
Stack trace:
#0 Command line code(1): ReflectionClass->__construct('App\\\\Policies\\\\Mo...')
#1 [internal function]: {closure}('App\\\\Policies\\\\Mo...', 'App\\\\Model')
#2 Command line code(1): array_map(Object(Closure), Array, Array)
#3 {main}
  thrown at Command line code:1)
[stacktrace]
#0 {main}
"} 
[2025-07-05 21:15:18] local.ERROR: Uncaught ReflectionException: Class "App\Policies\ModelPolicy" does not exist in Command line code:1
Stack trace:
#0 Command line code(1): ReflectionClass->__construct('App\\Policies\\Mo...')
#1 [internal function]: {closure}('App\\Policies\\Mo...', 'App\\Model')
#2 Command line code(1): array_map(Object(Closure), Array, Array)
#3 {main}
  thrown {"exception":"[object] (Symfony\\Component\\ErrorHandler\\Error\\FatalError(code: 0): Uncaught ReflectionException: Class \"App\\Policies\\ModelPolicy\" does not exist in Command line code:1
Stack trace:
#0 Command line code(1): ReflectionClass->__construct('App\\\\Policies\\\\Mo...')
#1 [internal function]: {closure}('App\\\\Policies\\\\Mo...', 'App\\\\Model')
#2 Command line code(1): array_map(Object(Closure), Array, Array)
#3 {main}
  thrown at Command line code:1)
[stacktrace]
#0 {main}
"} 
[2025-07-05 21:16:18] local.ERROR: Uncaught ReflectionException: Class "App\Policies\ModelPolicy" does not exist in Command line code:1
Stack trace:
#0 Command line code(1): ReflectionClass->__construct('App\\Policies\\Mo...')
#1 [internal function]: {closure}('App\\Policies\\Mo...', 'App\\Model')
#2 Command line code(1): array_map(Object(Closure), Array, Array)
#3 {main}
  thrown {"exception":"[object] (Symfony\\Component\\ErrorHandler\\Error\\FatalError(code: 0): Uncaught ReflectionException: Class \"App\\Policies\\ModelPolicy\" does not exist in Command line code:1
Stack trace:
#0 Command line code(1): ReflectionClass->__construct('App\\\\Policies\\\\Mo...')
#1 [internal function]: {closure}('App\\\\Policies\\\\Mo...', 'App\\\\Model')
#2 Command line code(1): array_map(Object(Closure), Array, Array)
#3 {main}
  thrown at Command line code:1)
[stacktrace]
#0 {main}
"} 
[2025-07-05 21:17:19] local.ERROR: Uncaught ReflectionException: Class "App\Policies\ModelPolicy" does not exist in Command line code:1
Stack trace:
#0 Command line code(1): ReflectionClass->__construct('App\\Policies\\Mo...')
#1 [internal function]: {closure}('App\\Policies\\Mo...', 'App\\Model')
#2 Command line code(1): array_map(Object(Closure), Array, Array)
#3 {main}
  thrown {"exception":"[object] (Symfony\\Component\\ErrorHandler\\Error\\FatalError(code: 0): Uncaught ReflectionException: Class \"App\\Policies\\ModelPolicy\" does not exist in Command line code:1
Stack trace:
#0 Command line code(1): ReflectionClass->__construct('App\\\\Policies\\\\Mo...')
#1 [internal function]: {closure}('App\\\\Policies\\\\Mo...', 'App\\\\Model')
#2 Command line code(1): array_map(Object(Closure), Array, Array)
#3 {main}
  thrown at Command line code:1)
[stacktrace]
#0 {main}
"} 
[2025-07-05 21:18:18] local.ERROR: Uncaught ReflectionException: Class "App\Policies\ModelPolicy" does not exist in Command line code:1
Stack trace:
#0 Command line code(1): ReflectionClass->__construct('App\\Policies\\Mo...')
#1 [internal function]: {closure}('App\\Policies\\Mo...', 'App\\Model')
#2 Command line code(1): array_map(Object(Closure), Array, Array)
#3 {main}
  thrown {"exception":"[object] (Symfony\\Component\\ErrorHandler\\Error\\FatalError(code: 0): Uncaught ReflectionException: Class \"App\\Policies\\ModelPolicy\" does not exist in Command line code:1
Stack trace:
#0 Command line code(1): ReflectionClass->__construct('App\\\\Policies\\\\Mo...')
#1 [internal function]: {closure}('App\\\\Policies\\\\Mo...', 'App\\\\Model')
#2 Command line code(1): array_map(Object(Closure), Array, Array)
#3 {main}
  thrown at Command line code:1)
[stacktrace]
#0 {main}
"} 
[2025-07-05 21:19:18] local.ERROR: Uncaught ReflectionException: Class "App\Policies\ModelPolicy" does not exist in Command line code:1
Stack trace:
#0 Command line code(1): ReflectionClass->__construct('App\\Policies\\Mo...')
#1 [internal function]: {closure}('App\\Policies\\Mo...', 'App\\Model')
#2 Command line code(1): array_map(Object(Closure), Array, Array)
#3 {main}
  thrown {"exception":"[object] (Symfony\\Component\\ErrorHandler\\Error\\FatalError(code: 0): Uncaught ReflectionException: Class \"App\\Policies\\ModelPolicy\" does not exist in Command line code:1
Stack trace:
#0 Command line code(1): ReflectionClass->__construct('App\\\\Policies\\\\Mo...')
#1 [internal function]: {closure}('App\\\\Policies\\\\Mo...', 'App\\\\Model')
#2 Command line code(1): array_map(Object(Closure), Array, Array)
#3 {main}
  thrown at Command line code:1)
[stacktrace]
#0 {main}
"} 
[2025-07-05 21:20:18] local.ERROR: Uncaught ReflectionException: Class "App\Policies\ModelPolicy" does not exist in Command line code:1
Stack trace:
#0 Command line code(1): ReflectionClass->__construct('App\\Policies\\Mo...')
#1 [internal function]: {closure}('App\\Policies\\Mo...', 'App\\Model')
#2 Command line code(1): array_map(Object(Closure), Array, Array)
#3 {main}
  thrown {"exception":"[object] (Symfony\\Component\\ErrorHandler\\Error\\FatalError(code: 0): Uncaught ReflectionException: Class \"App\\Policies\\ModelPolicy\" does not exist in Command line code:1
Stack trace:
#0 Command line code(1): ReflectionClass->__construct('App\\\\Policies\\\\Mo...')
#1 [internal function]: {closure}('App\\\\Policies\\\\Mo...', 'App\\\\Model')
#2 Command line code(1): array_map(Object(Closure), Array, Array)
#3 {main}
  thrown at Command line code:1)
[stacktrace]
#0 {main}
"} 
[2025-07-05 21:21:18] local.ERROR: Uncaught ReflectionException: Class "App\Policies\ModelPolicy" does not exist in Command line code:1
Stack trace:
#0 Command line code(1): ReflectionClass->__construct('App\\Policies\\Mo...')
#1 [internal function]: {closure}('App\\Policies\\Mo...', 'App\\Model')
#2 Command line code(1): array_map(Object(Closure), Array, Array)
#3 {main}
  thrown {"exception":"[object] (Symfony\\Component\\ErrorHandler\\Error\\FatalError(code: 0): Uncaught ReflectionException: Class \"App\\Policies\\ModelPolicy\" does not exist in Command line code:1
Stack trace:
#0 Command line code(1): ReflectionClass->__construct('App\\\\Policies\\\\Mo...')
#1 [internal function]: {closure}('App\\\\Policies\\\\Mo...', 'App\\\\Model')
#2 Command line code(1): array_map(Object(Closure), Array, Array)
#3 {main}
  thrown at Command line code:1)
[stacktrace]
#0 {main}
"} 
[2025-07-05 21:22:18] local.ERROR: Uncaught ReflectionException: Class "App\Policies\ModelPolicy" does not exist in Command line code:1
Stack trace:
#0 Command line code(1): ReflectionClass->__construct('App\\Policies\\Mo...')
#1 [internal function]: {closure}('App\\Policies\\Mo...', 'App\\Model')
#2 Command line code(1): array_map(Object(Closure), Array, Array)
#3 {main}
  thrown {"exception":"[object] (Symfony\\Component\\ErrorHandler\\Error\\FatalError(code: 0): Uncaught ReflectionException: Class \"App\\Policies\\ModelPolicy\" does not exist in Command line code:1
Stack trace:
#0 Command line code(1): ReflectionClass->__construct('App\\\\Policies\\\\Mo...')
#1 [internal function]: {closure}('App\\\\Policies\\\\Mo...', 'App\\\\Model')
#2 Command line code(1): array_map(Object(Closure), Array, Array)
#3 {main}
  thrown at Command line code:1)
[stacktrace]
#0 {main}
"} 
[2025-07-05 21:23:18] local.ERROR: Uncaught ReflectionException: Class "App\Policies\ModelPolicy" does not exist in Command line code:1
Stack trace:
#0 Command line code(1): ReflectionClass->__construct('App\\Policies\\Mo...')
#1 [internal function]: {closure}('App\\Policies\\Mo...', 'App\\Model')
#2 Command line code(1): array_map(Object(Closure), Array, Array)
#3 {main}
  thrown {"exception":"[object] (Symfony\\Component\\ErrorHandler\\Error\\FatalError(code: 0): Uncaught ReflectionException: Class \"App\\Policies\\ModelPolicy\" does not exist in Command line code:1
Stack trace:
#0 Command line code(1): ReflectionClass->__construct('App\\\\Policies\\\\Mo...')
#1 [internal function]: {closure}('App\\\\Policies\\\\Mo...', 'App\\\\Model')
#2 Command line code(1): array_map(Object(Closure), Array, Array)
#3 {main}
  thrown at Command line code:1)
[stacktrace]
#0 {main}
"} 
[2025-07-05 21:24:19] local.ERROR: Uncaught ReflectionException: Class "App\Policies\ModelPolicy" does not exist in Command line code:1
Stack trace:
#0 Command line code(1): ReflectionClass->__construct('App\\Policies\\Mo...')
#1 [internal function]: {closure}('App\\Policies\\Mo...', 'App\\Model')
#2 Command line code(1): array_map(Object(Closure), Array, Array)
#3 {main}
  thrown {"exception":"[object] (Symfony\\Component\\ErrorHandler\\Error\\FatalError(code: 0): Uncaught ReflectionException: Class \"App\\Policies\\ModelPolicy\" does not exist in Command line code:1
Stack trace:
#0 Command line code(1): ReflectionClass->__construct('App\\\\Policies\\\\Mo...')
#1 [internal function]: {closure}('App\\\\Policies\\\\Mo...', 'App\\\\Model')
#2 Command line code(1): array_map(Object(Closure), Array, Array)
#3 {main}
  thrown at Command line code:1)
[stacktrace]
#0 {main}
"} 
[2025-07-05 21:25:18] local.ERROR: Uncaught ReflectionException: Class "App\Policies\ModelPolicy" does not exist in Command line code:1
Stack trace:
#0 Command line code(1): ReflectionClass->__construct('App\\Policies\\Mo...')
#1 [internal function]: {closure}('App\\Policies\\Mo...', 'App\\Model')
#2 Command line code(1): array_map(Object(Closure), Array, Array)
#3 {main}
  thrown {"exception":"[object] (Symfony\\Component\\ErrorHandler\\Error\\FatalError(code: 0): Uncaught ReflectionException: Class \"App\\Policies\\ModelPolicy\" does not exist in Command line code:1
Stack trace:
#0 Command line code(1): ReflectionClass->__construct('App\\\\Policies\\\\Mo...')
#1 [internal function]: {closure}('App\\\\Policies\\\\Mo...', 'App\\\\Model')
#2 Command line code(1): array_map(Object(Closure), Array, Array)
#3 {main}
  thrown at Command line code:1)
[stacktrace]
#0 {main}
"} 
[2025-07-05 21:26:18] local.ERROR: Uncaught ReflectionException: Class "App\Policies\ModelPolicy" does not exist in Command line code:1
Stack trace:
#0 Command line code(1): ReflectionClass->__construct('App\\Policies\\Mo...')
#1 [internal function]: {closure}('App\\Policies\\Mo...', 'App\\Model')
#2 Command line code(1): array_map(Object(Closure), Array, Array)
#3 {main}
  thrown {"exception":"[object] (Symfony\\Component\\ErrorHandler\\Error\\FatalError(code: 0): Uncaught ReflectionException: Class \"App\\Policies\\ModelPolicy\" does not exist in Command line code:1
Stack trace:
#0 Command line code(1): ReflectionClass->__construct('App\\\\Policies\\\\Mo...')
#1 [internal function]: {closure}('App\\\\Policies\\\\Mo...', 'App\\\\Model')
#2 Command line code(1): array_map(Object(Closure), Array, Array)
#3 {main}
  thrown at Command line code:1)
[stacktrace]
#0 {main}
"} 
[2025-07-05 21:27:18] local.ERROR: Uncaught ReflectionException: Class "App\Policies\ModelPolicy" does not exist in Command line code:1
Stack trace:
#0 Command line code(1): ReflectionClass->__construct('App\\Policies\\Mo...')
#1 [internal function]: {closure}('App\\Policies\\Mo...', 'App\\Model')
#2 Command line code(1): array_map(Object(Closure), Array, Array)
#3 {main}
  thrown {"exception":"[object] (Symfony\\Component\\ErrorHandler\\Error\\FatalError(code: 0): Uncaught ReflectionException: Class \"App\\Policies\\ModelPolicy\" does not exist in Command line code:1
Stack trace:
#0 Command line code(1): ReflectionClass->__construct('App\\\\Policies\\\\Mo...')
#1 [internal function]: {closure}('App\\\\Policies\\\\Mo...', 'App\\\\Model')
#2 Command line code(1): array_map(Object(Closure), Array, Array)
#3 {main}
  thrown at Command line code:1)
[stacktrace]
#0 {main}
"} 
[2025-07-05 21:28:18] local.ERROR: Uncaught ReflectionException: Class "App\Policies\ModelPolicy" does not exist in Command line code:1
Stack trace:
#0 Command line code(1): ReflectionClass->__construct('App\\Policies\\Mo...')
#1 [internal function]: {closure}('App\\Policies\\Mo...', 'App\\Model')
#2 Command line code(1): array_map(Object(Closure), Array, Array)
#3 {main}
  thrown {"exception":"[object] (Symfony\\Component\\ErrorHandler\\Error\\FatalError(code: 0): Uncaught ReflectionException: Class \"App\\Policies\\ModelPolicy\" does not exist in Command line code:1
Stack trace:
#0 Command line code(1): ReflectionClass->__construct('App\\\\Policies\\\\Mo...')
#1 [internal function]: {closure}('App\\\\Policies\\\\Mo...', 'App\\\\Model')
#2 Command line code(1): array_map(Object(Closure), Array, Array)
#3 {main}
  thrown at Command line code:1)
[stacktrace]
#0 {main}
"} 
[2025-07-05 21:29:19] local.ERROR: Uncaught ReflectionException: Class "App\Policies\ModelPolicy" does not exist in Command line code:1
Stack trace:
#0 Command line code(1): ReflectionClass->__construct('App\\Policies\\Mo...')
#1 [internal function]: {closure}('App\\Policies\\Mo...', 'App\\Model')
#2 Command line code(1): array_map(Object(Closure), Array, Array)
#3 {main}
  thrown {"exception":"[object] (Symfony\\Component\\ErrorHandler\\Error\\FatalError(code: 0): Uncaught ReflectionException: Class \"App\\Policies\\ModelPolicy\" does not exist in Command line code:1
Stack trace:
#0 Command line code(1): ReflectionClass->__construct('App\\\\Policies\\\\Mo...')
#1 [internal function]: {closure}('App\\\\Policies\\\\Mo...', 'App\\\\Model')
#2 Command line code(1): array_map(Object(Closure), Array, Array)
#3 {main}
  thrown at Command line code:1)
[stacktrace]
#0 {main}
"} 
[2025-07-05 21:30:18] local.ERROR: Uncaught ReflectionException: Class "App\Policies\ModelPolicy" does not exist in Command line code:1
Stack trace:
#0 Command line code(1): ReflectionClass->__construct('App\\Policies\\Mo...')
#1 [internal function]: {closure}('App\\Policies\\Mo...', 'App\\Model')
#2 Command line code(1): array_map(Object(Closure), Array, Array)
#3 {main}
  thrown {"exception":"[object] (Symfony\\Component\\ErrorHandler\\Error\\FatalError(code: 0): Uncaught ReflectionException: Class \"App\\Policies\\ModelPolicy\" does not exist in Command line code:1
Stack trace:
#0 Command line code(1): ReflectionClass->__construct('App\\\\Policies\\\\Mo...')
#1 [internal function]: {closure}('App\\\\Policies\\\\Mo...', 'App\\\\Model')
#2 Command line code(1): array_map(Object(Closure), Array, Array)
#3 {main}
  thrown at Command line code:1)
[stacktrace]
#0 {main}
"} 
[2025-07-05 21:31:18] local.ERROR: Uncaught ReflectionException: Class "App\Policies\ModelPolicy" does not exist in Command line code:1
Stack trace:
#0 Command line code(1): ReflectionClass->__construct('App\\Policies\\Mo...')
#1 [internal function]: {closure}('App\\Policies\\Mo...', 'App\\Model')
#2 Command line code(1): array_map(Object(Closure), Array, Array)
#3 {main}
  thrown {"exception":"[object] (Symfony\\Component\\ErrorHandler\\Error\\FatalError(code: 0): Uncaught ReflectionException: Class \"App\\Policies\\ModelPolicy\" does not exist in Command line code:1
Stack trace:
#0 Command line code(1): ReflectionClass->__construct('App\\\\Policies\\\\Mo...')
#1 [internal function]: {closure}('App\\\\Policies\\\\Mo...', 'App\\\\Model')
#2 Command line code(1): array_map(Object(Closure), Array, Array)
#3 {main}
  thrown at Command line code:1)
[stacktrace]
#0 {main}
"} 
[2025-07-05 21:32:18] local.ERROR: Uncaught ReflectionException: Class "App\Policies\ModelPolicy" does not exist in Command line code:1
Stack trace:
#0 Command line code(1): ReflectionClass->__construct('App\\Policies\\Mo...')
#1 [internal function]: {closure}('App\\Policies\\Mo...', 'App\\Model')
#2 Command line code(1): array_map(Object(Closure), Array, Array)
#3 {main}
  thrown {"exception":"[object] (Symfony\\Component\\ErrorHandler\\Error\\FatalError(code: 0): Uncaught ReflectionException: Class \"App\\Policies\\ModelPolicy\" does not exist in Command line code:1
Stack trace:
#0 Command line code(1): ReflectionClass->__construct('App\\\\Policies\\\\Mo...')
#1 [internal function]: {closure}('App\\\\Policies\\\\Mo...', 'App\\\\Model')
#2 Command line code(1): array_map(Object(Closure), Array, Array)
#3 {main}
  thrown at Command line code:1)
[stacktrace]
#0 {main}
"} 
[2025-07-05 21:33:18] local.ERROR: Uncaught ReflectionException: Class "App\Policies\ModelPolicy" does not exist in Command line code:1
Stack trace:
#0 Command line code(1): ReflectionClass->__construct('App\\Policies\\Mo...')
#1 [internal function]: {closure}('App\\Policies\\Mo...', 'App\\Model')
#2 Command line code(1): array_map(Object(Closure), Array, Array)
#3 {main}
  thrown {"exception":"[object] (Symfony\\Component\\ErrorHandler\\Error\\FatalError(code: 0): Uncaught ReflectionException: Class \"App\\Policies\\ModelPolicy\" does not exist in Command line code:1
Stack trace:
#0 Command line code(1): ReflectionClass->__construct('App\\\\Policies\\\\Mo...')
#1 [internal function]: {closure}('App\\\\Policies\\\\Mo...', 'App\\\\Model')
#2 Command line code(1): array_map(Object(Closure), Array, Array)
#3 {main}
  thrown at Command line code:1)
[stacktrace]
#0 {main}
"} 
[2025-07-05 21:34:22] local.ERROR: Uncaught ReflectionException: Class "App\Policies\ModelPolicy" does not exist in Command line code:1
Stack trace:
#0 Command line code(1): ReflectionClass->__construct('App\\Policies\\Mo...')
#1 [internal function]: {closure}('App\\Policies\\Mo...', 'App\\Model')
#2 Command line code(1): array_map(Object(Closure), Array, Array)
#3 {main}
  thrown {"exception":"[object] (Symfony\\Component\\ErrorHandler\\Error\\FatalError(code: 0): Uncaught ReflectionException: Class \"App\\Policies\\ModelPolicy\" does not exist in Command line code:1
Stack trace:
#0 Command line code(1): ReflectionClass->__construct('App\\\\Policies\\\\Mo...')
#1 [internal function]: {closure}('App\\\\Policies\\\\Mo...', 'App\\\\Model')
#2 Command line code(1): array_map(Object(Closure), Array, Array)
#3 {main}
  thrown at Command line code:1)
[stacktrace]
#0 {main}
"} 
[2025-07-05 21:35:18] local.ERROR: Uncaught ReflectionException: Class "App\Policies\ModelPolicy" does not exist in Command line code:1
Stack trace:
#0 Command line code(1): ReflectionClass->__construct('App\\Policies\\Mo...')
#1 [internal function]: {closure}('App\\Policies\\Mo...', 'App\\Model')
#2 Command line code(1): array_map(Object(Closure), Array, Array)
#3 {main}
  thrown {"exception":"[object] (Symfony\\Component\\ErrorHandler\\Error\\FatalError(code: 0): Uncaught ReflectionException: Class \"App\\Policies\\ModelPolicy\" does not exist in Command line code:1
Stack trace:
#0 Command line code(1): ReflectionClass->__construct('App\\\\Policies\\\\Mo...')
#1 [internal function]: {closure}('App\\\\Policies\\\\Mo...', 'App\\\\Model')
#2 Command line code(1): array_map(Object(Closure), Array, Array)
#3 {main}
  thrown at Command line code:1)
[stacktrace]
#0 {main}
"} 
[2025-07-05 21:36:19] local.ERROR: Uncaught ReflectionException: Class "App\Policies\ModelPolicy" does not exist in Command line code:1
Stack trace:
#0 Command line code(1): ReflectionClass->__construct('App\\Policies\\Mo...')
#1 [internal function]: {closure}('App\\Policies\\Mo...', 'App\\Model')
#2 Command line code(1): array_map(Object(Closure), Array, Array)
#3 {main}
  thrown {"exception":"[object] (Symfony\\Component\\ErrorHandler\\Error\\FatalError(code: 0): Uncaught ReflectionException: Class \"App\\Policies\\ModelPolicy\" does not exist in Command line code:1
Stack trace:
#0 Command line code(1): ReflectionClass->__construct('App\\\\Policies\\\\Mo...')
#1 [internal function]: {closure}('App\\\\Policies\\\\Mo...', 'App\\\\Model')
#2 Command line code(1): array_map(Object(Closure), Array, Array)
#3 {main}
  thrown at Command line code:1)
[stacktrace]
#0 {main}
"} 
[2025-07-05 21:37:18] local.ERROR: Uncaught ReflectionException: Class "App\Policies\ModelPolicy" does not exist in Command line code:1
Stack trace:
#0 Command line code(1): ReflectionClass->__construct('App\\Policies\\Mo...')
#1 [internal function]: {closure}('App\\Policies\\Mo...', 'App\\Model')
#2 Command line code(1): array_map(Object(Closure), Array, Array)
#3 {main}
  thrown {"exception":"[object] (Symfony\\Component\\ErrorHandler\\Error\\FatalError(code: 0): Uncaught ReflectionException: Class \"App\\Policies\\ModelPolicy\" does not exist in Command line code:1
Stack trace:
#0 Command line code(1): ReflectionClass->__construct('App\\\\Policies\\\\Mo...')
#1 [internal function]: {closure}('App\\\\Policies\\\\Mo...', 'App\\\\Model')
#2 Command line code(1): array_map(Object(Closure), Array, Array)
#3 {main}
  thrown at Command line code:1)
[stacktrace]
#0 {main}
"} 
[2025-07-05 21:38:18] local.ERROR: Uncaught ReflectionException: Class "App\Policies\ModelPolicy" does not exist in Command line code:1
Stack trace:
#0 Command line code(1): ReflectionClass->__construct('App\\Policies\\Mo...')
#1 [internal function]: {closure}('App\\Policies\\Mo...', 'App\\Model')
#2 Command line code(1): array_map(Object(Closure), Array, Array)
#3 {main}
  thrown {"exception":"[object] (Symfony\\Component\\ErrorHandler\\Error\\FatalError(code: 0): Uncaught ReflectionException: Class \"App\\Policies\\ModelPolicy\" does not exist in Command line code:1
Stack trace:
#0 Command line code(1): ReflectionClass->__construct('App\\\\Policies\\\\Mo...')
#1 [internal function]: {closure}('App\\\\Policies\\\\Mo...', 'App\\\\Model')
#2 Command line code(1): array_map(Object(Closure), Array, Array)
#3 {main}
  thrown at Command line code:1)
[stacktrace]
#0 {main}
"} 
[2025-07-05 21:39:18] local.ERROR: Uncaught ReflectionException: Class "App\Policies\ModelPolicy" does not exist in Command line code:1
Stack trace:
#0 Command line code(1): ReflectionClass->__construct('App\\Policies\\Mo...')
#1 [internal function]: {closure}('App\\Policies\\Mo...', 'App\\Model')
#2 Command line code(1): array_map(Object(Closure), Array, Array)
#3 {main}
  thrown {"exception":"[object] (Symfony\\Component\\ErrorHandler\\Error\\FatalError(code: 0): Uncaught ReflectionException: Class \"App\\Policies\\ModelPolicy\" does not exist in Command line code:1
Stack trace:
#0 Command line code(1): ReflectionClass->__construct('App\\\\Policies\\\\Mo...')
#1 [internal function]: {closure}('App\\\\Policies\\\\Mo...', 'App\\\\Model')
#2 Command line code(1): array_map(Object(Closure), Array, Array)
#3 {main}
  thrown at Command line code:1)
[stacktrace]
#0 {main}
"} 
[2025-07-05 21:40:18] local.ERROR: Uncaught ReflectionException: Class "App\Policies\ModelPolicy" does not exist in Command line code:1
Stack trace:
#0 Command line code(1): ReflectionClass->__construct('App\\Policies\\Mo...')
#1 [internal function]: {closure}('App\\Policies\\Mo...', 'App\\Model')
#2 Command line code(1): array_map(Object(Closure), Array, Array)
#3 {main}
  thrown {"exception":"[object] (Symfony\\Component\\ErrorHandler\\Error\\FatalError(code: 0): Uncaught ReflectionException: Class \"App\\Policies\\ModelPolicy\" does not exist in Command line code:1
Stack trace:
#0 Command line code(1): ReflectionClass->__construct('App\\\\Policies\\\\Mo...')
#1 [internal function]: {closure}('App\\\\Policies\\\\Mo...', 'App\\\\Model')
#2 Command line code(1): array_map(Object(Closure), Array, Array)
#3 {main}
  thrown at Command line code:1)
[stacktrace]
#0 {main}
"} 
[2025-07-05 21:41:19] local.ERROR: Uncaught ReflectionException: Class "App\Policies\ModelPolicy" does not exist in Command line code:1
Stack trace:
#0 Command line code(1): ReflectionClass->__construct('App\\Policies\\Mo...')
#1 [internal function]: {closure}('App\\Policies\\Mo...', 'App\\Model')
#2 Command line code(1): array_map(Object(Closure), Array, Array)
#3 {main}
  thrown {"exception":"[object] (Symfony\\Component\\ErrorHandler\\Error\\FatalError(code: 0): Uncaught ReflectionException: Class \"App\\Policies\\ModelPolicy\" does not exist in Command line code:1
Stack trace:
#0 Command line code(1): ReflectionClass->__construct('App\\\\Policies\\\\Mo...')
#1 [internal function]: {closure}('App\\\\Policies\\\\Mo...', 'App\\\\Model')
#2 Command line code(1): array_map(Object(Closure), Array, Array)
#3 {main}
  thrown at Command line code:1)
[stacktrace]
#0 {main}
"} 
[2025-07-05 21:42:18] local.ERROR: Uncaught ReflectionException: Class "App\Policies\ModelPolicy" does not exist in Command line code:1
Stack trace:
#0 Command line code(1): ReflectionClass->__construct('App\\Policies\\Mo...')
#1 [internal function]: {closure}('App\\Policies\\Mo...', 'App\\Model')
#2 Command line code(1): array_map(Object(Closure), Array, Array)
#3 {main}
  thrown {"exception":"[object] (Symfony\\Component\\ErrorHandler\\Error\\FatalError(code: 0): Uncaught ReflectionException: Class \"App\\Policies\\ModelPolicy\" does not exist in Command line code:1
Stack trace:
#0 Command line code(1): ReflectionClass->__construct('App\\\\Policies\\\\Mo...')
#1 [internal function]: {closure}('App\\\\Policies\\\\Mo...', 'App\\\\Model')
#2 Command line code(1): array_map(Object(Closure), Array, Array)
#3 {main}
  thrown at Command line code:1)
[stacktrace]
#0 {main}
"} 
[2025-07-05 21:43:18] local.ERROR: Uncaught ReflectionException: Class "App\Policies\ModelPolicy" does not exist in Command line code:1
Stack trace:
#0 Command line code(1): ReflectionClass->__construct('App\\Policies\\Mo...')
#1 [internal function]: {closure}('App\\Policies\\Mo...', 'App\\Model')
#2 Command line code(1): array_map(Object(Closure), Array, Array)
#3 {main}
  thrown {"exception":"[object] (Symfony\\Component\\ErrorHandler\\Error\\FatalError(code: 0): Uncaught ReflectionException: Class \"App\\Policies\\ModelPolicy\" does not exist in Command line code:1
Stack trace:
#0 Command line code(1): ReflectionClass->__construct('App\\\\Policies\\\\Mo...')
#1 [internal function]: {closure}('App\\\\Policies\\\\Mo...', 'App\\\\Model')
#2 Command line code(1): array_map(Object(Closure), Array, Array)
#3 {main}
  thrown at Command line code:1)
[stacktrace]
#0 {main}
"} 
[2025-07-05 21:44:19] local.ERROR: Uncaught ReflectionException: Class "App\Policies\ModelPolicy" does not exist in Command line code:1
Stack trace:
#0 Command line code(1): ReflectionClass->__construct('App\\Policies\\Mo...')
#1 [internal function]: {closure}('App\\Policies\\Mo...', 'App\\Model')
#2 Command line code(1): array_map(Object(Closure), Array, Array)
#3 {main}
  thrown {"exception":"[object] (Symfony\\Component\\ErrorHandler\\Error\\FatalError(code: 0): Uncaught ReflectionException: Class \"App\\Policies\\ModelPolicy\" does not exist in Command line code:1
Stack trace:
#0 Command line code(1): ReflectionClass->__construct('App\\\\Policies\\\\Mo...')
#1 [internal function]: {closure}('App\\\\Policies\\\\Mo...', 'App\\\\Model')
#2 Command line code(1): array_map(Object(Closure), Array, Array)
#3 {main}
  thrown at Command line code:1)
[stacktrace]
#0 {main}
"} 
[2025-07-05 21:45:19] local.ERROR: Uncaught ReflectionException: Class "App\Policies\ModelPolicy" does not exist in Command line code:1
Stack trace:
#0 Command line code(1): ReflectionClass->__construct('App\\Policies\\Mo...')
#1 [internal function]: {closure}('App\\Policies\\Mo...', 'App\\Model')
#2 Command line code(1): array_map(Object(Closure), Array, Array)
#3 {main}
  thrown {"exception":"[object] (Symfony\\Component\\ErrorHandler\\Error\\FatalError(code: 0): Uncaught ReflectionException: Class \"App\\Policies\\ModelPolicy\" does not exist in Command line code:1
Stack trace:
#0 Command line code(1): ReflectionClass->__construct('App\\\\Policies\\\\Mo...')
#1 [internal function]: {closure}('App\\\\Policies\\\\Mo...', 'App\\\\Model')
#2 Command line code(1): array_map(Object(Closure), Array, Array)
#3 {main}
  thrown at Command line code:1)
[stacktrace]
#0 {main}
"} 
[2025-07-05 21:46:19] local.ERROR: Uncaught ReflectionException: Class "App\Policies\ModelPolicy" does not exist in Command line code:1
Stack trace:
#0 Command line code(1): ReflectionClass->__construct('App\\Policies\\Mo...')
#1 [internal function]: {closure}('App\\Policies\\Mo...', 'App\\Model')
#2 Command line code(1): array_map(Object(Closure), Array, Array)
#3 {main}
  thrown {"exception":"[object] (Symfony\\Component\\ErrorHandler\\Error\\FatalError(code: 0): Uncaught ReflectionException: Class \"App\\Policies\\ModelPolicy\" does not exist in Command line code:1
Stack trace:
#0 Command line code(1): ReflectionClass->__construct('App\\\\Policies\\\\Mo...')
#1 [internal function]: {closure}('App\\\\Policies\\\\Mo...', 'App\\\\Model')
#2 Command line code(1): array_map(Object(Closure), Array, Array)
#3 {main}
  thrown at Command line code:1)
[stacktrace]
#0 {main}
"} 
[2025-07-05 21:47:19] local.ERROR: Uncaught ReflectionException: Class "App\Policies\ModelPolicy" does not exist in Command line code:1
Stack trace:
#0 Command line code(1): ReflectionClass->__construct('App\\Policies\\Mo...')
#1 [internal function]: {closure}('App\\Policies\\Mo...', 'App\\Model')
#2 Command line code(1): array_map(Object(Closure), Array, Array)
#3 {main}
  thrown {"exception":"[object] (Symfony\\Component\\ErrorHandler\\Error\\FatalError(code: 0): Uncaught ReflectionException: Class \"App\\Policies\\ModelPolicy\" does not exist in Command line code:1
Stack trace:
#0 Command line code(1): ReflectionClass->__construct('App\\\\Policies\\\\Mo...')
#1 [internal function]: {closure}('App\\\\Policies\\\\Mo...', 'App\\\\Model')
#2 Command line code(1): array_map(Object(Closure), Array, Array)
#3 {main}
  thrown at Command line code:1)
[stacktrace]
#0 {main}
"} 
[2025-07-05 21:48:19] local.ERROR: Uncaught ReflectionException: Class "App\Policies\ModelPolicy" does not exist in Command line code:1
Stack trace:
#0 Command line code(1): ReflectionClass->__construct('App\\Policies\\Mo...')
#1 [internal function]: {closure}('App\\Policies\\Mo...', 'App\\Model')
#2 Command line code(1): array_map(Object(Closure), Array, Array)
#3 {main}
  thrown {"exception":"[object] (Symfony\\Component\\ErrorHandler\\Error\\FatalError(code: 0): Uncaught ReflectionException: Class \"App\\Policies\\ModelPolicy\" does not exist in Command line code:1
Stack trace:
#0 Command line code(1): ReflectionClass->__construct('App\\\\Policies\\\\Mo...')
#1 [internal function]: {closure}('App\\\\Policies\\\\Mo...', 'App\\\\Model')
#2 Command line code(1): array_map(Object(Closure), Array, Array)
#3 {main}
  thrown at Command line code:1)
[stacktrace]
#0 {main}
"} 
[2025-07-05 21:49:19] local.ERROR: Uncaught ReflectionException: Class "App\Policies\ModelPolicy" does not exist in Command line code:1
Stack trace:
#0 Command line code(1): ReflectionClass->__construct('App\\Policies\\Mo...')
#1 [internal function]: {closure}('App\\Policies\\Mo...', 'App\\Model')
#2 Command line code(1): array_map(Object(Closure), Array, Array)
#3 {main}
  thrown {"exception":"[object] (Symfony\\Component\\ErrorHandler\\Error\\FatalError(code: 0): Uncaught ReflectionException: Class \"App\\Policies\\ModelPolicy\" does not exist in Command line code:1
Stack trace:
#0 Command line code(1): ReflectionClass->__construct('App\\\\Policies\\\\Mo...')
#1 [internal function]: {closure}('App\\\\Policies\\\\Mo...', 'App\\\\Model')
#2 Command line code(1): array_map(Object(Closure), Array, Array)
#3 {main}
  thrown at Command line code:1)
[stacktrace]
#0 {main}
"} 
[2025-07-05 21:50:19] local.ERROR: Uncaught ReflectionException: Class "App\Policies\ModelPolicy" does not exist in Command line code:1
Stack trace:
#0 Command line code(1): ReflectionClass->__construct('App\\Policies\\Mo...')
#1 [internal function]: {closure}('App\\Policies\\Mo...', 'App\\Model')
#2 Command line code(1): array_map(Object(Closure), Array, Array)
#3 {main}
  thrown {"exception":"[object] (Symfony\\Component\\ErrorHandler\\Error\\FatalError(code: 0): Uncaught ReflectionException: Class \"App\\Policies\\ModelPolicy\" does not exist in Command line code:1
Stack trace:
#0 Command line code(1): ReflectionClass->__construct('App\\\\Policies\\\\Mo...')
#1 [internal function]: {closure}('App\\\\Policies\\\\Mo...', 'App\\\\Model')
#2 Command line code(1): array_map(Object(Closure), Array, Array)
#3 {main}
  thrown at Command line code:1)
[stacktrace]
#0 {main}
"} 
[2025-07-05 21:51:19] local.ERROR: Uncaught ReflectionException: Class "App\Policies\ModelPolicy" does not exist in Command line code:1
Stack trace:
#0 Command line code(1): ReflectionClass->__construct('App\\Policies\\Mo...')
#1 [internal function]: {closure}('App\\Policies\\Mo...', 'App\\Model')
#2 Command line code(1): array_map(Object(Closure), Array, Array)
#3 {main}
  thrown {"exception":"[object] (Symfony\\Component\\ErrorHandler\\Error\\FatalError(code: 0): Uncaught ReflectionException: Class \"App\\Policies\\ModelPolicy\" does not exist in Command line code:1
Stack trace:
#0 Command line code(1): ReflectionClass->__construct('App\\\\Policies\\\\Mo...')
#1 [internal function]: {closure}('App\\\\Policies\\\\Mo...', 'App\\\\Model')
#2 Command line code(1): array_map(Object(Closure), Array, Array)
#3 {main}
  thrown at Command line code:1)
[stacktrace]
#0 {main}
"} 
[2025-07-05 21:52:19] local.ERROR: Uncaught ReflectionException: Class "App\Policies\ModelPolicy" does not exist in Command line code:1
Stack trace:
#0 Command line code(1): ReflectionClass->__construct('App\\Policies\\Mo...')
#1 [internal function]: {closure}('App\\Policies\\Mo...', 'App\\Model')
#2 Command line code(1): array_map(Object(Closure), Array, Array)
#3 {main}
  thrown {"exception":"[object] (Symfony\\Component\\ErrorHandler\\Error\\FatalError(code: 0): Uncaught ReflectionException: Class \"App\\Policies\\ModelPolicy\" does not exist in Command line code:1
Stack trace:
#0 Command line code(1): ReflectionClass->__construct('App\\\\Policies\\\\Mo...')
#1 [internal function]: {closure}('App\\\\Policies\\\\Mo...', 'App\\\\Model')
#2 Command line code(1): array_map(Object(Closure), Array, Array)
#3 {main}
  thrown at Command line code:1)
[stacktrace]
#0 {main}
"} 
[2025-07-05 21:53:19] local.ERROR: Uncaught ReflectionException: Class "App\Policies\ModelPolicy" does not exist in Command line code:1
Stack trace:
#0 Command line code(1): ReflectionClass->__construct('App\\Policies\\Mo...')
#1 [internal function]: {closure}('App\\Policies\\Mo...', 'App\\Model')
#2 Command line code(1): array_map(Object(Closure), Array, Array)
#3 {main}
  thrown {"exception":"[object] (Symfony\\Component\\ErrorHandler\\Error\\FatalError(code: 0): Uncaught ReflectionException: Class \"App\\Policies\\ModelPolicy\" does not exist in Command line code:1
Stack trace:
#0 Command line code(1): ReflectionClass->__construct('App\\\\Policies\\\\Mo...')
#1 [internal function]: {closure}('App\\\\Policies\\\\Mo...', 'App\\\\Model')
#2 Command line code(1): array_map(Object(Closure), Array, Array)
#3 {main}
  thrown at Command line code:1)
[stacktrace]
#0 {main}
"} 
[2025-07-05 21:54:19] local.ERROR: Uncaught ReflectionException: Class "App\Policies\ModelPolicy" does not exist in Command line code:1
Stack trace:
#0 Command line code(1): ReflectionClass->__construct('App\\Policies\\Mo...')
#1 [internal function]: {closure}('App\\Policies\\Mo...', 'App\\Model')
#2 Command line code(1): array_map(Object(Closure), Array, Array)
#3 {main}
  thrown {"exception":"[object] (Symfony\\Component\\ErrorHandler\\Error\\FatalError(code: 0): Uncaught ReflectionException: Class \"App\\Policies\\ModelPolicy\" does not exist in Command line code:1
Stack trace:
#0 Command line code(1): ReflectionClass->__construct('App\\\\Policies\\\\Mo...')
#1 [internal function]: {closure}('App\\\\Policies\\\\Mo...', 'App\\\\Model')
#2 Command line code(1): array_map(Object(Closure), Array, Array)
#3 {main}
  thrown at Command line code:1)
[stacktrace]
#0 {main}
"} 
[2025-07-05 21:55:19] local.ERROR: Uncaught ReflectionException: Class "App\Policies\ModelPolicy" does not exist in Command line code:1
Stack trace:
#0 Command line code(1): ReflectionClass->__construct('App\\Policies\\Mo...')
#1 [internal function]: {closure}('App\\Policies\\Mo...', 'App\\Model')
#2 Command line code(1): array_map(Object(Closure), Array, Array)
#3 {main}
  thrown {"exception":"[object] (Symfony\\Component\\ErrorHandler\\Error\\FatalError(code: 0): Uncaught ReflectionException: Class \"App\\Policies\\ModelPolicy\" does not exist in Command line code:1
Stack trace:
#0 Command line code(1): ReflectionClass->__construct('App\\\\Policies\\\\Mo...')
#1 [internal function]: {closure}('App\\\\Policies\\\\Mo...', 'App\\\\Model')
#2 Command line code(1): array_map(Object(Closure), Array, Array)
#3 {main}
  thrown at Command line code:1)
[stacktrace]
#0 {main}
"} 
[2025-07-05 21:56:19] local.ERROR: Uncaught ReflectionException: Class "App\Policies\ModelPolicy" does not exist in Command line code:1
Stack trace:
#0 Command line code(1): ReflectionClass->__construct('App\\Policies\\Mo...')
#1 [internal function]: {closure}('App\\Policies\\Mo...', 'App\\Model')
#2 Command line code(1): array_map(Object(Closure), Array, Array)
#3 {main}
  thrown {"exception":"[object] (Symfony\\Component\\ErrorHandler\\Error\\FatalError(code: 0): Uncaught ReflectionException: Class \"App\\Policies\\ModelPolicy\" does not exist in Command line code:1
Stack trace:
#0 Command line code(1): ReflectionClass->__construct('App\\\\Policies\\\\Mo...')
#1 [internal function]: {closure}('App\\\\Policies\\\\Mo...', 'App\\\\Model')
#2 Command line code(1): array_map(Object(Closure), Array, Array)
#3 {main}
  thrown at Command line code:1)
[stacktrace]
#0 {main}
"} 
[2025-07-05 21:57:19] local.ERROR: Uncaught ReflectionException: Class "App\Policies\ModelPolicy" does not exist in Command line code:1
Stack trace:
#0 Command line code(1): ReflectionClass->__construct('App\\Policies\\Mo...')
#1 [internal function]: {closure}('App\\Policies\\Mo...', 'App\\Model')
#2 Command line code(1): array_map(Object(Closure), Array, Array)
#3 {main}
  thrown {"exception":"[object] (Symfony\\Component\\ErrorHandler\\Error\\FatalError(code: 0): Uncaught ReflectionException: Class \"App\\Policies\\ModelPolicy\" does not exist in Command line code:1
Stack trace:
#0 Command line code(1): ReflectionClass->__construct('App\\\\Policies\\\\Mo...')
#1 [internal function]: {closure}('App\\\\Policies\\\\Mo...', 'App\\\\Model')
#2 Command line code(1): array_map(Object(Closure), Array, Array)
#3 {main}
  thrown at Command line code:1)
[stacktrace]
#0 {main}
"} 
[2025-07-05 21:58:19] local.ERROR: Uncaught ReflectionException: Class "App\Policies\ModelPolicy" does not exist in Command line code:1
Stack trace:
#0 Command line code(1): ReflectionClass->__construct('App\\Policies\\Mo...')
#1 [internal function]: {closure}('App\\Policies\\Mo...', 'App\\Model')
#2 Command line code(1): array_map(Object(Closure), Array, Array)
#3 {main}
  thrown {"exception":"[object] (Symfony\\Component\\ErrorHandler\\Error\\FatalError(code: 0): Uncaught ReflectionException: Class \"App\\Policies\\ModelPolicy\" does not exist in Command line code:1
Stack trace:
#0 Command line code(1): ReflectionClass->__construct('App\\\\Policies\\\\Mo...')
#1 [internal function]: {closure}('App\\\\Policies\\\\Mo...', 'App\\\\Model')
#2 Command line code(1): array_map(Object(Closure), Array, Array)
#3 {main}
  thrown at Command line code:1)
[stacktrace]
#0 {main}
"} 
[2025-07-05 21:59:19] local.ERROR: Uncaught ReflectionException: Class "App\Policies\ModelPolicy" does not exist in Command line code:1
Stack trace:
#0 Command line code(1): ReflectionClass->__construct('App\\Policies\\Mo...')
#1 [internal function]: {closure}('App\\Policies\\Mo...', 'App\\Model')
#2 Command line code(1): array_map(Object(Closure), Array, Array)
#3 {main}
  thrown {"exception":"[object] (Symfony\\Component\\ErrorHandler\\Error\\FatalError(code: 0): Uncaught ReflectionException: Class \"App\\Policies\\ModelPolicy\" does not exist in Command line code:1
Stack trace:
#0 Command line code(1): ReflectionClass->__construct('App\\\\Policies\\\\Mo...')
#1 [internal function]: {closure}('App\\\\Policies\\\\Mo...', 'App\\\\Model')
#2 Command line code(1): array_map(Object(Closure), Array, Array)
#3 {main}
  thrown at Command line code:1)
[stacktrace]
#0 {main}
"} 
[2025-07-05 22:00:19] local.ERROR: Uncaught ReflectionException: Class "App\Policies\ModelPolicy" does not exist in Command line code:1
Stack trace:
#0 Command line code(1): ReflectionClass->__construct('App\\Policies\\Mo...')
#1 [internal function]: {closure}('App\\Policies\\Mo...', 'App\\Model')
#2 Command line code(1): array_map(Object(Closure), Array, Array)
#3 {main}
  thrown {"exception":"[object] (Symfony\\Component\\ErrorHandler\\Error\\FatalError(code: 0): Uncaught ReflectionException: Class \"App\\Policies\\ModelPolicy\" does not exist in Command line code:1
Stack trace:
#0 Command line code(1): ReflectionClass->__construct('App\\\\Policies\\\\Mo...')
#1 [internal function]: {closure}('App\\\\Policies\\\\Mo...', 'App\\\\Model')
#2 Command line code(1): array_map(Object(Closure), Array, Array)
#3 {main}
  thrown at Command line code:1)
[stacktrace]
#0 {main}
"} 
[2025-07-05 22:01:19] local.ERROR: Uncaught ReflectionException: Class "App\Policies\ModelPolicy" does not exist in Command line code:1
Stack trace:
#0 Command line code(1): ReflectionClass->__construct('App\\Policies\\Mo...')
#1 [internal function]: {closure}('App\\Policies\\Mo...', 'App\\Model')
#2 Command line code(1): array_map(Object(Closure), Array, Array)
#3 {main}
  thrown {"exception":"[object] (Symfony\\Component\\ErrorHandler\\Error\\FatalError(code: 0): Uncaught ReflectionException: Class \"App\\Policies\\ModelPolicy\" does not exist in Command line code:1
Stack trace:
#0 Command line code(1): ReflectionClass->__construct('App\\\\Policies\\\\Mo...')
#1 [internal function]: {closure}('App\\\\Policies\\\\Mo...', 'App\\\\Model')
#2 Command line code(1): array_map(Object(Closure), Array, Array)
#3 {main}
  thrown at Command line code:1)
[stacktrace]
#0 {main}
"} 
[2025-07-05 22:02:19] local.ERROR: Uncaught ReflectionException: Class "App\Policies\ModelPolicy" does not exist in Command line code:1
Stack trace:
#0 Command line code(1): ReflectionClass->__construct('App\\Policies\\Mo...')
#1 [internal function]: {closure}('App\\Policies\\Mo...', 'App\\Model')
#2 Command line code(1): array_map(Object(Closure), Array, Array)
#3 {main}
  thrown {"exception":"[object] (Symfony\\Component\\ErrorHandler\\Error\\FatalError(code: 0): Uncaught ReflectionException: Class \"App\\Policies\\ModelPolicy\" does not exist in Command line code:1
Stack trace:
#0 Command line code(1): ReflectionClass->__construct('App\\\\Policies\\\\Mo...')
#1 [internal function]: {closure}('App\\\\Policies\\\\Mo...', 'App\\\\Model')
#2 Command line code(1): array_map(Object(Closure), Array, Array)
#3 {main}
  thrown at Command line code:1)
[stacktrace]
#0 {main}
"} 
[2025-07-05 22:03:19] local.ERROR: Uncaught ReflectionException: Class "App\Policies\ModelPolicy" does not exist in Command line code:1
Stack trace:
#0 Command line code(1): ReflectionClass->__construct('App\\Policies\\Mo...')
#1 [internal function]: {closure}('App\\Policies\\Mo...', 'App\\Model')
#2 Command line code(1): array_map(Object(Closure), Array, Array)
#3 {main}
  thrown {"exception":"[object] (Symfony\\Component\\ErrorHandler\\Error\\FatalError(code: 0): Uncaught ReflectionException: Class \"App\\Policies\\ModelPolicy\" does not exist in Command line code:1
Stack trace:
#0 Command line code(1): ReflectionClass->__construct('App\\\\Policies\\\\Mo...')
#1 [internal function]: {closure}('App\\\\Policies\\\\Mo...', 'App\\\\Model')
#2 Command line code(1): array_map(Object(Closure), Array, Array)
#3 {main}
  thrown at Command line code:1)
[stacktrace]
#0 {main}
"} 
[2025-07-05 22:04:19] local.ERROR: Uncaught ReflectionException: Class "App\Policies\ModelPolicy" does not exist in Command line code:1
Stack trace:
#0 Command line code(1): ReflectionClass->__construct('App\\Policies\\Mo...')
#1 [internal function]: {closure}('App\\Policies\\Mo...', 'App\\Model')
#2 Command line code(1): array_map(Object(Closure), Array, Array)
#3 {main}
  thrown {"exception":"[object] (Symfony\\Component\\ErrorHandler\\Error\\FatalError(code: 0): Uncaught ReflectionException: Class \"App\\Policies\\ModelPolicy\" does not exist in Command line code:1
Stack trace:
#0 Command line code(1): ReflectionClass->__construct('App\\\\Policies\\\\Mo...')
#1 [internal function]: {closure}('App\\\\Policies\\\\Mo...', 'App\\\\Model')
#2 Command line code(1): array_map(Object(Closure), Array, Array)
#3 {main}
  thrown at Command line code:1)
[stacktrace]
#0 {main}
"} 
[2025-07-05 22:05:19] local.ERROR: Uncaught ReflectionException: Class "App\Policies\ModelPolicy" does not exist in Command line code:1
Stack trace:
#0 Command line code(1): ReflectionClass->__construct('App\\Policies\\Mo...')
#1 [internal function]: {closure}('App\\Policies\\Mo...', 'App\\Model')
#2 Command line code(1): array_map(Object(Closure), Array, Array)
#3 {main}
  thrown {"exception":"[object] (Symfony\\Component\\ErrorHandler\\Error\\FatalError(code: 0): Uncaught ReflectionException: Class \"App\\Policies\\ModelPolicy\" does not exist in Command line code:1
Stack trace:
#0 Command line code(1): ReflectionClass->__construct('App\\\\Policies\\\\Mo...')
#1 [internal function]: {closure}('App\\\\Policies\\\\Mo...', 'App\\\\Model')
#2 Command line code(1): array_map(Object(Closure), Array, Array)
#3 {main}
  thrown at Command line code:1)
[stacktrace]
#0 {main}
"} 
[2025-07-05 22:06:19] local.ERROR: Uncaught ReflectionException: Class "App\Policies\ModelPolicy" does not exist in Command line code:1
Stack trace:
#0 Command line code(1): ReflectionClass->__construct('App\\Policies\\Mo...')
#1 [internal function]: {closure}('App\\Policies\\Mo...', 'App\\Model')
#2 Command line code(1): array_map(Object(Closure), Array, Array)
#3 {main}
  thrown {"exception":"[object] (Symfony\\Component\\ErrorHandler\\Error\\FatalError(code: 0): Uncaught ReflectionException: Class \"App\\Policies\\ModelPolicy\" does not exist in Command line code:1
Stack trace:
#0 Command line code(1): ReflectionClass->__construct('App\\\\Policies\\\\Mo...')
#1 [internal function]: {closure}('App\\\\Policies\\\\Mo...', 'App\\\\Model')
#2 Command line code(1): array_map(Object(Closure), Array, Array)
#3 {main}
  thrown at Command line code:1)
[stacktrace]
#0 {main}
"} 
[2025-07-05 22:07:19] local.ERROR: Uncaught ReflectionException: Class "App\Policies\ModelPolicy" does not exist in Command line code:1
Stack trace:
#0 Command line code(1): ReflectionClass->__construct('App\\Policies\\Mo...')
#1 [internal function]: {closure}('App\\Policies\\Mo...', 'App\\Model')
#2 Command line code(1): array_map(Object(Closure), Array, Array)
#3 {main}
  thrown {"exception":"[object] (Symfony\\Component\\ErrorHandler\\Error\\FatalError(code: 0): Uncaught ReflectionException: Class \"App\\Policies\\ModelPolicy\" does not exist in Command line code:1
Stack trace:
#0 Command line code(1): ReflectionClass->__construct('App\\\\Policies\\\\Mo...')
#1 [internal function]: {closure}('App\\\\Policies\\\\Mo...', 'App\\\\Model')
#2 Command line code(1): array_map(Object(Closure), Array, Array)
#3 {main}
  thrown at Command line code:1)
[stacktrace]
#0 {main}
"} 
[2025-07-05 22:08:19] local.ERROR: Uncaught ReflectionException: Class "App\Policies\ModelPolicy" does not exist in Command line code:1
Stack trace:
#0 Command line code(1): ReflectionClass->__construct('App\\Policies\\Mo...')
#1 [internal function]: {closure}('App\\Policies\\Mo...', 'App\\Model')
#2 Command line code(1): array_map(Object(Closure), Array, Array)
#3 {main}
  thrown {"exception":"[object] (Symfony\\Component\\ErrorHandler\\Error\\FatalError(code: 0): Uncaught ReflectionException: Class \"App\\Policies\\ModelPolicy\" does not exist in Command line code:1
Stack trace:
#0 Command line code(1): ReflectionClass->__construct('App\\\\Policies\\\\Mo...')
#1 [internal function]: {closure}('App\\\\Policies\\\\Mo...', 'App\\\\Model')
#2 Command line code(1): array_map(Object(Closure), Array, Array)
#3 {main}
  thrown at Command line code:1)
[stacktrace]
#0 {main}
"} 
[2025-07-05 22:09:19] local.ERROR: Uncaught ReflectionException: Class "App\Policies\ModelPolicy" does not exist in Command line code:1
Stack trace:
#0 Command line code(1): ReflectionClass->__construct('App\\Policies\\Mo...')
#1 [internal function]: {closure}('App\\Policies\\Mo...', 'App\\Model')
#2 Command line code(1): array_map(Object(Closure), Array, Array)
#3 {main}
  thrown {"exception":"[object] (Symfony\\Component\\ErrorHandler\\Error\\FatalError(code: 0): Uncaught ReflectionException: Class \"App\\Policies\\ModelPolicy\" does not exist in Command line code:1
Stack trace:
#0 Command line code(1): ReflectionClass->__construct('App\\\\Policies\\\\Mo...')
#1 [internal function]: {closure}('App\\\\Policies\\\\Mo...', 'App\\\\Model')
#2 Command line code(1): array_map(Object(Closure), Array, Array)
#3 {main}
  thrown at Command line code:1)
[stacktrace]
#0 {main}
"} 
[2025-07-05 22:10:19] local.ERROR: Uncaught ReflectionException: Class "App\Policies\ModelPolicy" does not exist in Command line code:1
Stack trace:
#0 Command line code(1): ReflectionClass->__construct('App\\Policies\\Mo...')
#1 [internal function]: {closure}('App\\Policies\\Mo...', 'App\\Model')
#2 Command line code(1): array_map(Object(Closure), Array, Array)
#3 {main}
  thrown {"exception":"[object] (Symfony\\Component\\ErrorHandler\\Error\\FatalError(code: 0): Uncaught ReflectionException: Class \"App\\Policies\\ModelPolicy\" does not exist in Command line code:1
Stack trace:
#0 Command line code(1): ReflectionClass->__construct('App\\\\Policies\\\\Mo...')
#1 [internal function]: {closure}('App\\\\Policies\\\\Mo...', 'App\\\\Model')
#2 Command line code(1): array_map(Object(Closure), Array, Array)
#3 {main}
  thrown at Command line code:1)
[stacktrace]
#0 {main}
"} 
[2025-07-05 22:11:19] local.ERROR: Uncaught ReflectionException: Class "App\Policies\ModelPolicy" does not exist in Command line code:1
Stack trace:
#0 Command line code(1): ReflectionClass->__construct('App\\Policies\\Mo...')
#1 [internal function]: {closure}('App\\Policies\\Mo...', 'App\\Model')
#2 Command line code(1): array_map(Object(Closure), Array, Array)
#3 {main}
  thrown {"exception":"[object] (Symfony\\Component\\ErrorHandler\\Error\\FatalError(code: 0): Uncaught ReflectionException: Class \"App\\Policies\\ModelPolicy\" does not exist in Command line code:1
Stack trace:
#0 Command line code(1): ReflectionClass->__construct('App\\\\Policies\\\\Mo...')
#1 [internal function]: {closure}('App\\\\Policies\\\\Mo...', 'App\\\\Model')
#2 Command line code(1): array_map(Object(Closure), Array, Array)
#3 {main}
  thrown at Command line code:1)
[stacktrace]
#0 {main}
"} 
[2025-07-05 22:12:19] local.ERROR: Uncaught ReflectionException: Class "App\Policies\ModelPolicy" does not exist in Command line code:1
Stack trace:
#0 Command line code(1): ReflectionClass->__construct('App\\Policies\\Mo...')
#1 [internal function]: {closure}('App\\Policies\\Mo...', 'App\\Model')
#2 Command line code(1): array_map(Object(Closure), Array, Array)
#3 {main}
  thrown {"exception":"[object] (Symfony\\Component\\ErrorHandler\\Error\\FatalError(code: 0): Uncaught ReflectionException: Class \"App\\Policies\\ModelPolicy\" does not exist in Command line code:1
Stack trace:
#0 Command line code(1): ReflectionClass->__construct('App\\\\Policies\\\\Mo...')
#1 [internal function]: {closure}('App\\\\Policies\\\\Mo...', 'App\\\\Model')
#2 Command line code(1): array_map(Object(Closure), Array, Array)
#3 {main}
  thrown at Command line code:1)
[stacktrace]
#0 {main}
"} 
[2025-07-05 22:13:19] local.ERROR: Uncaught ReflectionException: Class "App\Policies\ModelPolicy" does not exist in Command line code:1
Stack trace:
#0 Command line code(1): ReflectionClass->__construct('App\\Policies\\Mo...')
#1 [internal function]: {closure}('App\\Policies\\Mo...', 'App\\Model')
#2 Command line code(1): array_map(Object(Closure), Array, Array)
#3 {main}
  thrown {"exception":"[object] (Symfony\\Component\\ErrorHandler\\Error\\FatalError(code: 0): Uncaught ReflectionException: Class \"App\\Policies\\ModelPolicy\" does not exist in Command line code:1
Stack trace:
#0 Command line code(1): ReflectionClass->__construct('App\\\\Policies\\\\Mo...')
#1 [internal function]: {closure}('App\\\\Policies\\\\Mo...', 'App\\\\Model')
#2 Command line code(1): array_map(Object(Closure), Array, Array)
#3 {main}
  thrown at Command line code:1)
[stacktrace]
#0 {main}
"} 
[2025-07-05 22:14:19] local.ERROR: Uncaught ReflectionException: Class "App\Policies\ModelPolicy" does not exist in Command line code:1
Stack trace:
#0 Command line code(1): ReflectionClass->__construct('App\\Policies\\Mo...')
#1 [internal function]: {closure}('App\\Policies\\Mo...', 'App\\Model')
#2 Command line code(1): array_map(Object(Closure), Array, Array)
#3 {main}
  thrown {"exception":"[object] (Symfony\\Component\\ErrorHandler\\Error\\FatalError(code: 0): Uncaught ReflectionException: Class \"App\\Policies\\ModelPolicy\" does not exist in Command line code:1
Stack trace:
#0 Command line code(1): ReflectionClass->__construct('App\\\\Policies\\\\Mo...')
#1 [internal function]: {closure}('App\\\\Policies\\\\Mo...', 'App\\\\Model')
#2 Command line code(1): array_map(Object(Closure), Array, Array)
#3 {main}
  thrown at Command line code:1)
[stacktrace]
#0 {main}
"} 
[2025-07-05 22:15:19] local.ERROR: Uncaught ReflectionException: Class "App\Policies\ModelPolicy" does not exist in Command line code:1
Stack trace:
#0 Command line code(1): ReflectionClass->__construct('App\\Policies\\Mo...')
#1 [internal function]: {closure}('App\\Policies\\Mo...', 'App\\Model')
#2 Command line code(1): array_map(Object(Closure), Array, Array)
#3 {main}
  thrown {"exception":"[object] (Symfony\\Component\\ErrorHandler\\Error\\FatalError(code: 0): Uncaught ReflectionException: Class \"App\\Policies\\ModelPolicy\" does not exist in Command line code:1
Stack trace:
#0 Command line code(1): ReflectionClass->__construct('App\\\\Policies\\\\Mo...')
#1 [internal function]: {closure}('App\\\\Policies\\\\Mo...', 'App\\\\Model')
#2 Command line code(1): array_map(Object(Closure), Array, Array)
#3 {main}
  thrown at Command line code:1)
[stacktrace]
#0 {main}
"} 
[2025-07-05 22:16:19] local.ERROR: Uncaught ReflectionException: Class "App\Policies\ModelPolicy" does not exist in Command line code:1
Stack trace:
#0 Command line code(1): ReflectionClass->__construct('App\\Policies\\Mo...')
#1 [internal function]: {closure}('App\\Policies\\Mo...', 'App\\Model')
#2 Command line code(1): array_map(Object(Closure), Array, Array)
#3 {main}
  thrown {"exception":"[object] (Symfony\\Component\\ErrorHandler\\Error\\FatalError(code: 0): Uncaught ReflectionException: Class \"App\\Policies\\ModelPolicy\" does not exist in Command line code:1
Stack trace:
#0 Command line code(1): ReflectionClass->__construct('App\\\\Policies\\\\Mo...')
#1 [internal function]: {closure}('App\\\\Policies\\\\Mo...', 'App\\\\Model')
#2 Command line code(1): array_map(Object(Closure), Array, Array)
#3 {main}
  thrown at Command line code:1)
[stacktrace]
#0 {main}
"} 
[2025-07-05 22:17:19] local.ERROR: Uncaught ReflectionException: Class "App\Policies\ModelPolicy" does not exist in Command line code:1
Stack trace:
#0 Command line code(1): ReflectionClass->__construct('App\\Policies\\Mo...')
#1 [internal function]: {closure}('App\\Policies\\Mo...', 'App\\Model')
#2 Command line code(1): array_map(Object(Closure), Array, Array)
#3 {main}
  thrown {"exception":"[object] (Symfony\\Component\\ErrorHandler\\Error\\FatalError(code: 0): Uncaught ReflectionException: Class \"App\\Policies\\ModelPolicy\" does not exist in Command line code:1
Stack trace:
#0 Command line code(1): ReflectionClass->__construct('App\\\\Policies\\\\Mo...')
#1 [internal function]: {closure}('App\\\\Policies\\\\Mo...', 'App\\\\Model')
#2 Command line code(1): array_map(Object(Closure), Array, Array)
#3 {main}
  thrown at Command line code:1)
[stacktrace]
#0 {main}
"} 
[2025-07-05 22:18:19] local.ERROR: Uncaught ReflectionException: Class "App\Policies\ModelPolicy" does not exist in Command line code:1
Stack trace:
#0 Command line code(1): ReflectionClass->__construct('App\\Policies\\Mo...')
#1 [internal function]: {closure}('App\\Policies\\Mo...', 'App\\Model')
#2 Command line code(1): array_map(Object(Closure), Array, Array)
#3 {main}
  thrown {"exception":"[object] (Symfony\\Component\\ErrorHandler\\Error\\FatalError(code: 0): Uncaught ReflectionException: Class \"App\\Policies\\ModelPolicy\" does not exist in Command line code:1
Stack trace:
#0 Command line code(1): ReflectionClass->__construct('App\\\\Policies\\\\Mo...')
#1 [internal function]: {closure}('App\\\\Policies\\\\Mo...', 'App\\\\Model')
#2 Command line code(1): array_map(Object(Closure), Array, Array)
#3 {main}
  thrown at Command line code:1)
[stacktrace]
#0 {main}
"} 
[2025-07-05 22:19:19] local.ERROR: Uncaught ReflectionException: Class "App\Policies\ModelPolicy" does not exist in Command line code:1
Stack trace:
#0 Command line code(1): ReflectionClass->__construct('App\\Policies\\Mo...')
#1 [internal function]: {closure}('App\\Policies\\Mo...', 'App\\Model')
#2 Command line code(1): array_map(Object(Closure), Array, Array)
#3 {main}
  thrown {"exception":"[object] (Symfony\\Component\\ErrorHandler\\Error\\FatalError(code: 0): Uncaught ReflectionException: Class \"App\\Policies\\ModelPolicy\" does not exist in Command line code:1
Stack trace:
#0 Command line code(1): ReflectionClass->__construct('App\\\\Policies\\\\Mo...')
#1 [internal function]: {closure}('App\\\\Policies\\\\Mo...', 'App\\\\Model')
#2 Command line code(1): array_map(Object(Closure), Array, Array)
#3 {main}
  thrown at Command line code:1)
[stacktrace]
#0 {main}
"} 
[2025-07-05 22:20:19] local.ERROR: Uncaught ReflectionException: Class "App\Policies\ModelPolicy" does not exist in Command line code:1
Stack trace:
#0 Command line code(1): ReflectionClass->__construct('App\\Policies\\Mo...')
#1 [internal function]: {closure}('App\\Policies\\Mo...', 'App\\Model')
#2 Command line code(1): array_map(Object(Closure), Array, Array)
#3 {main}
  thrown {"exception":"[object] (Symfony\\Component\\ErrorHandler\\Error\\FatalError(code: 0): Uncaught ReflectionException: Class \"App\\Policies\\ModelPolicy\" does not exist in Command line code:1
Stack trace:
#0 Command line code(1): ReflectionClass->__construct('App\\\\Policies\\\\Mo...')
#1 [internal function]: {closure}('App\\\\Policies\\\\Mo...', 'App\\\\Model')
#2 Command line code(1): array_map(Object(Closure), Array, Array)
#3 {main}
  thrown at Command line code:1)
[stacktrace]
#0 {main}
"} 
[2025-07-05 22:21:19] local.ERROR: Uncaught ReflectionException: Class "App\Policies\ModelPolicy" does not exist in Command line code:1
Stack trace:
#0 Command line code(1): ReflectionClass->__construct('App\\Policies\\Mo...')
#1 [internal function]: {closure}('App\\Policies\\Mo...', 'App\\Model')
#2 Command line code(1): array_map(Object(Closure), Array, Array)
#3 {main}
  thrown {"exception":"[object] (Symfony\\Component\\ErrorHandler\\Error\\FatalError(code: 0): Uncaught ReflectionException: Class \"App\\Policies\\ModelPolicy\" does not exist in Command line code:1
Stack trace:
#0 Command line code(1): ReflectionClass->__construct('App\\\\Policies\\\\Mo...')
#1 [internal function]: {closure}('App\\\\Policies\\\\Mo...', 'App\\\\Model')
#2 Command line code(1): array_map(Object(Closure), Array, Array)
#3 {main}
  thrown at Command line code:1)
[stacktrace]
#0 {main}
"} 
[2025-07-05 22:22:19] local.ERROR: Uncaught ReflectionException: Class "App\Policies\ModelPolicy" does not exist in Command line code:1
Stack trace:
#0 Command line code(1): ReflectionClass->__construct('App\\Policies\\Mo...')
#1 [internal function]: {closure}('App\\Policies\\Mo...', 'App\\Model')
#2 Command line code(1): array_map(Object(Closure), Array, Array)
#3 {main}
  thrown {"exception":"[object] (Symfony\\Component\\ErrorHandler\\Error\\FatalError(code: 0): Uncaught ReflectionException: Class \"App\\Policies\\ModelPolicy\" does not exist in Command line code:1
Stack trace:
#0 Command line code(1): ReflectionClass->__construct('App\\\\Policies\\\\Mo...')
#1 [internal function]: {closure}('App\\\\Policies\\\\Mo...', 'App\\\\Model')
#2 Command line code(1): array_map(Object(Closure), Array, Array)
#3 {main}
  thrown at Command line code:1)
[stacktrace]
#0 {main}
"} 
[2025-07-05 22:23:19] local.ERROR: Uncaught ReflectionException: Class "App\Policies\ModelPolicy" does not exist in Command line code:1
Stack trace:
#0 Command line code(1): ReflectionClass->__construct('App\\Policies\\Mo...')
#1 [internal function]: {closure}('App\\Policies\\Mo...', 'App\\Model')
#2 Command line code(1): array_map(Object(Closure), Array, Array)
#3 {main}
  thrown {"exception":"[object] (Symfony\\Component\\ErrorHandler\\Error\\FatalError(code: 0): Uncaught ReflectionException: Class \"App\\Policies\\ModelPolicy\" does not exist in Command line code:1
Stack trace:
#0 Command line code(1): ReflectionClass->__construct('App\\\\Policies\\\\Mo...')
#1 [internal function]: {closure}('App\\\\Policies\\\\Mo...', 'App\\\\Model')
#2 Command line code(1): array_map(Object(Closure), Array, Array)
#3 {main}
  thrown at Command line code:1)
[stacktrace]
#0 {main}
"} 
[2025-07-05 22:24:19] local.ERROR: Uncaught ReflectionException: Class "App\Policies\ModelPolicy" does not exist in Command line code:1
Stack trace:
#0 Command line code(1): ReflectionClass->__construct('App\\Policies\\Mo...')
#1 [internal function]: {closure}('App\\Policies\\Mo...', 'App\\Model')
#2 Command line code(1): array_map(Object(Closure), Array, Array)
#3 {main}
  thrown {"exception":"[object] (Symfony\\Component\\ErrorHandler\\Error\\FatalError(code: 0): Uncaught ReflectionException: Class \"App\\Policies\\ModelPolicy\" does not exist in Command line code:1
Stack trace:
#0 Command line code(1): ReflectionClass->__construct('App\\\\Policies\\\\Mo...')
#1 [internal function]: {closure}('App\\\\Policies\\\\Mo...', 'App\\\\Model')
#2 Command line code(1): array_map(Object(Closure), Array, Array)
#3 {main}
  thrown at Command line code:1)
[stacktrace]
#0 {main}
"} 
[2025-07-05 22:25:19] local.ERROR: Uncaught ReflectionException: Class "App\Policies\ModelPolicy" does not exist in Command line code:1
Stack trace:
#0 Command line code(1): ReflectionClass->__construct('App\\Policies\\Mo...')
#1 [internal function]: {closure}('App\\Policies\\Mo...', 'App\\Model')
#2 Command line code(1): array_map(Object(Closure), Array, Array)
#3 {main}
  thrown {"exception":"[object] (Symfony\\Component\\ErrorHandler\\Error\\FatalError(code: 0): Uncaught ReflectionException: Class \"App\\Policies\\ModelPolicy\" does not exist in Command line code:1
Stack trace:
#0 Command line code(1): ReflectionClass->__construct('App\\\\Policies\\\\Mo...')
#1 [internal function]: {closure}('App\\\\Policies\\\\Mo...', 'App\\\\Model')
#2 Command line code(1): array_map(Object(Closure), Array, Array)
#3 {main}
  thrown at Command line code:1)
[stacktrace]
#0 {main}
"} 
[2025-07-05 22:26:19] local.ERROR: Uncaught ReflectionException: Class "App\Policies\ModelPolicy" does not exist in Command line code:1
Stack trace:
#0 Command line code(1): ReflectionClass->__construct('App\\Policies\\Mo...')
#1 [internal function]: {closure}('App\\Policies\\Mo...', 'App\\Model')
#2 Command line code(1): array_map(Object(Closure), Array, Array)
#3 {main}
  thrown {"exception":"[object] (Symfony\\Component\\ErrorHandler\\Error\\FatalError(code: 0): Uncaught ReflectionException: Class \"App\\Policies\\ModelPolicy\" does not exist in Command line code:1
Stack trace:
#0 Command line code(1): ReflectionClass->__construct('App\\\\Policies\\\\Mo...')
#1 [internal function]: {closure}('App\\\\Policies\\\\Mo...', 'App\\\\Model')
#2 Command line code(1): array_map(Object(Closure), Array, Array)
#3 {main}
  thrown at Command line code:1)
[stacktrace]
#0 {main}
"} 
[2025-07-05 22:27:19] local.ERROR: Uncaught ReflectionException: Class "App\Policies\ModelPolicy" does not exist in Command line code:1
Stack trace:
#0 Command line code(1): ReflectionClass->__construct('App\\Policies\\Mo...')
#1 [internal function]: {closure}('App\\Policies\\Mo...', 'App\\Model')
#2 Command line code(1): array_map(Object(Closure), Array, Array)
#3 {main}
  thrown {"exception":"[object] (Symfony\\Component\\ErrorHandler\\Error\\FatalError(code: 0): Uncaught ReflectionException: Class \"App\\Policies\\ModelPolicy\" does not exist in Command line code:1
Stack trace:
#0 Command line code(1): ReflectionClass->__construct('App\\\\Policies\\\\Mo...')
#1 [internal function]: {closure}('App\\\\Policies\\\\Mo...', 'App\\\\Model')
#2 Command line code(1): array_map(Object(Closure), Array, Array)
#3 {main}
  thrown at Command line code:1)
[stacktrace]
#0 {main}
"} 
[2025-07-05 22:28:19] local.ERROR: Uncaught ReflectionException: Class "App\Policies\ModelPolicy" does not exist in Command line code:1
Stack trace:
#0 Command line code(1): ReflectionClass->__construct('App\\Policies\\Mo...')
#1 [internal function]: {closure}('App\\Policies\\Mo...', 'App\\Model')
#2 Command line code(1): array_map(Object(Closure), Array, Array)
#3 {main}
  thrown {"exception":"[object] (Symfony\\Component\\ErrorHandler\\Error\\FatalError(code: 0): Uncaught ReflectionException: Class \"App\\Policies\\ModelPolicy\" does not exist in Command line code:1
Stack trace:
#0 Command line code(1): ReflectionClass->__construct('App\\\\Policies\\\\Mo...')
#1 [internal function]: {closure}('App\\\\Policies\\\\Mo...', 'App\\\\Model')
#2 Command line code(1): array_map(Object(Closure), Array, Array)
#3 {main}
  thrown at Command line code:1)
[stacktrace]
#0 {main}
"} 
[2025-07-05 22:29:19] local.ERROR: Uncaught ReflectionException: Class "App\Policies\ModelPolicy" does not exist in Command line code:1
Stack trace:
#0 Command line code(1): ReflectionClass->__construct('App\\Policies\\Mo...')
#1 [internal function]: {closure}('App\\Policies\\Mo...', 'App\\Model')
#2 Command line code(1): array_map(Object(Closure), Array, Array)
#3 {main}
  thrown {"exception":"[object] (Symfony\\Component\\ErrorHandler\\Error\\FatalError(code: 0): Uncaught ReflectionException: Class \"App\\Policies\\ModelPolicy\" does not exist in Command line code:1
Stack trace:
#0 Command line code(1): ReflectionClass->__construct('App\\\\Policies\\\\Mo...')
#1 [internal function]: {closure}('App\\\\Policies\\\\Mo...', 'App\\\\Model')
#2 Command line code(1): array_map(Object(Closure), Array, Array)
#3 {main}
  thrown at Command line code:1)
[stacktrace]
#0 {main}
"} 
[2025-07-05 22:30:19] local.ERROR: Uncaught ReflectionException: Class "App\Policies\ModelPolicy" does not exist in Command line code:1
Stack trace:
#0 Command line code(1): ReflectionClass->__construct('App\\Policies\\Mo...')
#1 [internal function]: {closure}('App\\Policies\\Mo...', 'App\\Model')
#2 Command line code(1): array_map(Object(Closure), Array, Array)
#3 {main}
  thrown {"exception":"[object] (Symfony\\Component\\ErrorHandler\\Error\\FatalError(code: 0): Uncaught ReflectionException: Class \"App\\Policies\\ModelPolicy\" does not exist in Command line code:1
Stack trace:
#0 Command line code(1): ReflectionClass->__construct('App\\\\Policies\\\\Mo...')
#1 [internal function]: {closure}('App\\\\Policies\\\\Mo...', 'App\\\\Model')
#2 Command line code(1): array_map(Object(Closure), Array, Array)
#3 {main}
  thrown at Command line code:1)
[stacktrace]
#0 {main}
"} 
[2025-07-05 22:31:19] local.ERROR: Uncaught ReflectionException: Class "App\Policies\ModelPolicy" does not exist in Command line code:1
Stack trace:
#0 Command line code(1): ReflectionClass->__construct('App\\Policies\\Mo...')
#1 [internal function]: {closure}('App\\Policies\\Mo...', 'App\\Model')
#2 Command line code(1): array_map(Object(Closure), Array, Array)
#3 {main}
  thrown {"exception":"[object] (Symfony\\Component\\ErrorHandler\\Error\\FatalError(code: 0): Uncaught ReflectionException: Class \"App\\Policies\\ModelPolicy\" does not exist in Command line code:1
Stack trace:
#0 Command line code(1): ReflectionClass->__construct('App\\\\Policies\\\\Mo...')
#1 [internal function]: {closure}('App\\\\Policies\\\\Mo...', 'App\\\\Model')
#2 Command line code(1): array_map(Object(Closure), Array, Array)
#3 {main}
  thrown at Command line code:1)
[stacktrace]
#0 {main}
"} 
[2025-07-05 22:32:19] local.ERROR: Uncaught ReflectionException: Class "App\Policies\ModelPolicy" does not exist in Command line code:1
Stack trace:
#0 Command line code(1): ReflectionClass->__construct('App\\Policies\\Mo...')
#1 [internal function]: {closure}('App\\Policies\\Mo...', 'App\\Model')
#2 Command line code(1): array_map(Object(Closure), Array, Array)
#3 {main}
  thrown {"exception":"[object] (Symfony\\Component\\ErrorHandler\\Error\\FatalError(code: 0): Uncaught ReflectionException: Class \"App\\Policies\\ModelPolicy\" does not exist in Command line code:1
Stack trace:
#0 Command line code(1): ReflectionClass->__construct('App\\\\Policies\\\\Mo...')
#1 [internal function]: {closure}('App\\\\Policies\\\\Mo...', 'App\\\\Model')
#2 Command line code(1): array_map(Object(Closure), Array, Array)
#3 {main}
  thrown at Command line code:1)
[stacktrace]
#0 {main}
"} 
[2025-07-05 22:33:19] local.ERROR: Uncaught ReflectionException: Class "App\Policies\ModelPolicy" does not exist in Command line code:1
Stack trace:
#0 Command line code(1): ReflectionClass->__construct('App\\Policies\\Mo...')
#1 [internal function]: {closure}('App\\Policies\\Mo...', 'App\\Model')
#2 Command line code(1): array_map(Object(Closure), Array, Array)
#3 {main}
  thrown {"exception":"[object] (Symfony\\Component\\ErrorHandler\\Error\\FatalError(code: 0): Uncaught ReflectionException: Class \"App\\Policies\\ModelPolicy\" does not exist in Command line code:1
Stack trace:
#0 Command line code(1): ReflectionClass->__construct('App\\\\Policies\\\\Mo...')
#1 [internal function]: {closure}('App\\\\Policies\\\\Mo...', 'App\\\\Model')
#2 Command line code(1): array_map(Object(Closure), Array, Array)
#3 {main}
  thrown at Command line code:1)
[stacktrace]
#0 {main}
"} 
[2025-07-05 22:34:19] local.ERROR: Uncaught ReflectionException: Class "App\Policies\ModelPolicy" does not exist in Command line code:1
Stack trace:
#0 Command line code(1): ReflectionClass->__construct('App\\Policies\\Mo...')
#1 [internal function]: {closure}('App\\Policies\\Mo...', 'App\\Model')
#2 Command line code(1): array_map(Object(Closure), Array, Array)
#3 {main}
  thrown {"exception":"[object] (Symfony\\Component\\ErrorHandler\\Error\\FatalError(code: 0): Uncaught ReflectionException: Class \"App\\Policies\\ModelPolicy\" does not exist in Command line code:1
Stack trace:
#0 Command line code(1): ReflectionClass->__construct('App\\\\Policies\\\\Mo...')
#1 [internal function]: {closure}('App\\\\Policies\\\\Mo...', 'App\\\\Model')
#2 Command line code(1): array_map(Object(Closure), Array, Array)
#3 {main}
  thrown at Command line code:1)
[stacktrace]
#0 {main}
"} 
[2025-07-05 22:35:19] local.ERROR: Uncaught ReflectionException: Class "App\Policies\ModelPolicy" does not exist in Command line code:1
Stack trace:
#0 Command line code(1): ReflectionClass->__construct('App\\Policies\\Mo...')
#1 [internal function]: {closure}('App\\Policies\\Mo...', 'App\\Model')
#2 Command line code(1): array_map(Object(Closure), Array, Array)
#3 {main}
  thrown {"exception":"[object] (Symfony\\Component\\ErrorHandler\\Error\\FatalError(code: 0): Uncaught ReflectionException: Class \"App\\Policies\\ModelPolicy\" does not exist in Command line code:1
Stack trace:
#0 Command line code(1): ReflectionClass->__construct('App\\\\Policies\\\\Mo...')
#1 [internal function]: {closure}('App\\\\Policies\\\\Mo...', 'App\\\\Model')
#2 Command line code(1): array_map(Object(Closure), Array, Array)
#3 {main}
  thrown at Command line code:1)
[stacktrace]
#0 {main}
"} 
[2025-07-05 22:36:19] local.ERROR: Uncaught ReflectionException: Class "App\Policies\ModelPolicy" does not exist in Command line code:1
Stack trace:
#0 Command line code(1): ReflectionClass->__construct('App\\Policies\\Mo...')
#1 [internal function]: {closure}('App\\Policies\\Mo...', 'App\\Model')
#2 Command line code(1): array_map(Object(Closure), Array, Array)
#3 {main}
  thrown {"exception":"[object] (Symfony\\Component\\ErrorHandler\\Error\\FatalError(code: 0): Uncaught ReflectionException: Class \"App\\Policies\\ModelPolicy\" does not exist in Command line code:1
Stack trace:
#0 Command line code(1): ReflectionClass->__construct('App\\\\Policies\\\\Mo...')
#1 [internal function]: {closure}('App\\\\Policies\\\\Mo...', 'App\\\\Model')
#2 Command line code(1): array_map(Object(Closure), Array, Array)
#3 {main}
  thrown at Command line code:1)
[stacktrace]
#0 {main}
"} 
[2025-07-05 22:37:19] local.ERROR: Uncaught ReflectionException: Class "App\Policies\ModelPolicy" does not exist in Command line code:1
Stack trace:
#0 Command line code(1): ReflectionClass->__construct('App\\Policies\\Mo...')
#1 [internal function]: {closure}('App\\Policies\\Mo...', 'App\\Model')
#2 Command line code(1): array_map(Object(Closure), Array, Array)
#3 {main}
  thrown {"exception":"[object] (Symfony\\Component\\ErrorHandler\\Error\\FatalError(code: 0): Uncaught ReflectionException: Class \"App\\Policies\\ModelPolicy\" does not exist in Command line code:1
Stack trace:
#0 Command line code(1): ReflectionClass->__construct('App\\\\Policies\\\\Mo...')
#1 [internal function]: {closure}('App\\\\Policies\\\\Mo...', 'App\\\\Model')
#2 Command line code(1): array_map(Object(Closure), Array, Array)
#3 {main}
  thrown at Command line code:1)
[stacktrace]
#0 {main}
"} 
[2025-07-05 22:38:19] local.ERROR: Uncaught ReflectionException: Class "App\Policies\ModelPolicy" does not exist in Command line code:1
Stack trace:
#0 Command line code(1): ReflectionClass->__construct('App\\Policies\\Mo...')
#1 [internal function]: {closure}('App\\Policies\\Mo...', 'App\\Model')
#2 Command line code(1): array_map(Object(Closure), Array, Array)
#3 {main}
  thrown {"exception":"[object] (Symfony\\Component\\ErrorHandler\\Error\\FatalError(code: 0): Uncaught ReflectionException: Class \"App\\Policies\\ModelPolicy\" does not exist in Command line code:1
Stack trace:
#0 Command line code(1): ReflectionClass->__construct('App\\\\Policies\\\\Mo...')
#1 [internal function]: {closure}('App\\\\Policies\\\\Mo...', 'App\\\\Model')
#2 Command line code(1): array_map(Object(Closure), Array, Array)
#3 {main}
  thrown at Command line code:1)
[stacktrace]
#0 {main}
"} 
[2025-07-05 22:39:19] local.ERROR: Uncaught ReflectionException: Class "App\Policies\ModelPolicy" does not exist in Command line code:1
Stack trace:
#0 Command line code(1): ReflectionClass->__construct('App\\Policies\\Mo...')
#1 [internal function]: {closure}('App\\Policies\\Mo...', 'App\\Model')
#2 Command line code(1): array_map(Object(Closure), Array, Array)
#3 {main}
  thrown {"exception":"[object] (Symfony\\Component\\ErrorHandler\\Error\\FatalError(code: 0): Uncaught ReflectionException: Class \"App\\Policies\\ModelPolicy\" does not exist in Command line code:1
Stack trace:
#0 Command line code(1): ReflectionClass->__construct('App\\\\Policies\\\\Mo...')
#1 [internal function]: {closure}('App\\\\Policies\\\\Mo...', 'App\\\\Model')
#2 Command line code(1): array_map(Object(Closure), Array, Array)
#3 {main}
  thrown at Command line code:1)
[stacktrace]
#0 {main}
"} 
[2025-07-05 22:40:19] local.ERROR: Uncaught ReflectionException: Class "App\Policies\ModelPolicy" does not exist in Command line code:1
Stack trace:
#0 Command line code(1): ReflectionClass->__construct('App\\Policies\\Mo...')
#1 [internal function]: {closure}('App\\Policies\\Mo...', 'App\\Model')
#2 Command line code(1): array_map(Object(Closure), Array, Array)
#3 {main}
  thrown {"exception":"[object] (Symfony\\Component\\ErrorHandler\\Error\\FatalError(code: 0): Uncaught ReflectionException: Class \"App\\Policies\\ModelPolicy\" does not exist in Command line code:1
Stack trace:
#0 Command line code(1): ReflectionClass->__construct('App\\\\Policies\\\\Mo...')
#1 [internal function]: {closure}('App\\\\Policies\\\\Mo...', 'App\\\\Model')
#2 Command line code(1): array_map(Object(Closure), Array, Array)
#3 {main}
  thrown at Command line code:1)
[stacktrace]
#0 {main}
"} 
[2025-07-05 22:41:19] local.ERROR: Uncaught ReflectionException: Class "App\Policies\ModelPolicy" does not exist in Command line code:1
Stack trace:
#0 Command line code(1): ReflectionClass->__construct('App\\Policies\\Mo...')
#1 [internal function]: {closure}('App\\Policies\\Mo...', 'App\\Model')
#2 Command line code(1): array_map(Object(Closure), Array, Array)
#3 {main}
  thrown {"exception":"[object] (Symfony\\Component\\ErrorHandler\\Error\\FatalError(code: 0): Uncaught ReflectionException: Class \"App\\Policies\\ModelPolicy\" does not exist in Command line code:1
Stack trace:
#0 Command line code(1): ReflectionClass->__construct('App\\\\Policies\\\\Mo...')
#1 [internal function]: {closure}('App\\\\Policies\\\\Mo...', 'App\\\\Model')
#2 Command line code(1): array_map(Object(Closure), Array, Array)
#3 {main}
  thrown at Command line code:1)
[stacktrace]
#0 {main}
"} 
[2025-07-05 22:42:19] local.ERROR: Uncaught ReflectionException: Class "App\Policies\ModelPolicy" does not exist in Command line code:1
Stack trace:
#0 Command line code(1): ReflectionClass->__construct('App\\Policies\\Mo...')
#1 [internal function]: {closure}('App\\Policies\\Mo...', 'App\\Model')
#2 Command line code(1): array_map(Object(Closure), Array, Array)
#3 {main}
  thrown {"exception":"[object] (Symfony\\Component\\ErrorHandler\\Error\\FatalError(code: 0): Uncaught ReflectionException: Class \"App\\Policies\\ModelPolicy\" does not exist in Command line code:1
Stack trace:
#0 Command line code(1): ReflectionClass->__construct('App\\\\Policies\\\\Mo...')
#1 [internal function]: {closure}('App\\\\Policies\\\\Mo...', 'App\\\\Model')
#2 Command line code(1): array_map(Object(Closure), Array, Array)
#3 {main}
  thrown at Command line code:1)
[stacktrace]
#0 {main}
"} 
[2025-07-05 22:43:19] local.ERROR: Uncaught ReflectionException: Class "App\Policies\ModelPolicy" does not exist in Command line code:1
Stack trace:
#0 Command line code(1): ReflectionClass->__construct('App\\Policies\\Mo...')
#1 [internal function]: {closure}('App\\Policies\\Mo...', 'App\\Model')
#2 Command line code(1): array_map(Object(Closure), Array, Array)
#3 {main}
  thrown {"exception":"[object] (Symfony\\Component\\ErrorHandler\\Error\\FatalError(code: 0): Uncaught ReflectionException: Class \"App\\Policies\\ModelPolicy\" does not exist in Command line code:1
Stack trace:
#0 Command line code(1): ReflectionClass->__construct('App\\\\Policies\\\\Mo...')
#1 [internal function]: {closure}('App\\\\Policies\\\\Mo...', 'App\\\\Model')
#2 Command line code(1): array_map(Object(Closure), Array, Array)
#3 {main}
  thrown at Command line code:1)
[stacktrace]
#0 {main}
"} 
[2025-07-05 22:44:20] local.ERROR: Uncaught ReflectionException: Class "App\Policies\ModelPolicy" does not exist in Command line code:1
Stack trace:
#0 Command line code(1): ReflectionClass->__construct('App\\Policies\\Mo...')
#1 [internal function]: {closure}('App\\Policies\\Mo...', 'App\\Model')
#2 Command line code(1): array_map(Object(Closure), Array, Array)
#3 {main}
  thrown {"exception":"[object] (Symfony\\Component\\ErrorHandler\\Error\\FatalError(code: 0): Uncaught ReflectionException: Class \"App\\Policies\\ModelPolicy\" does not exist in Command line code:1
Stack trace:
#0 Command line code(1): ReflectionClass->__construct('App\\\\Policies\\\\Mo...')
#1 [internal function]: {closure}('App\\\\Policies\\\\Mo...', 'App\\\\Model')
#2 Command line code(1): array_map(Object(Closure), Array, Array)
#3 {main}
  thrown at Command line code:1)
[stacktrace]
#0 {main}
"} 
[2025-07-05 22:45:19] local.ERROR: Uncaught ReflectionException: Class "App\Policies\ModelPolicy" does not exist in Command line code:1
Stack trace:
#0 Command line code(1): ReflectionClass->__construct('App\\Policies\\Mo...')
#1 [internal function]: {closure}('App\\Policies\\Mo...', 'App\\Model')
#2 Command line code(1): array_map(Object(Closure), Array, Array)
#3 {main}
  thrown {"exception":"[object] (Symfony\\Component\\ErrorHandler\\Error\\FatalError(code: 0): Uncaught ReflectionException: Class \"App\\Policies\\ModelPolicy\" does not exist in Command line code:1
Stack trace:
#0 Command line code(1): ReflectionClass->__construct('App\\\\Policies\\\\Mo...')
#1 [internal function]: {closure}('App\\\\Policies\\\\Mo...', 'App\\\\Model')
#2 Command line code(1): array_map(Object(Closure), Array, Array)
#3 {main}
  thrown at Command line code:1)
[stacktrace]
#0 {main}
"} 
[2025-07-05 22:46:19] local.ERROR: Uncaught ReflectionException: Class "App\Policies\ModelPolicy" does not exist in Command line code:1
Stack trace:
#0 Command line code(1): ReflectionClass->__construct('App\\Policies\\Mo...')
#1 [internal function]: {closure}('App\\Policies\\Mo...', 'App\\Model')
#2 Command line code(1): array_map(Object(Closure), Array, Array)
#3 {main}
  thrown {"exception":"[object] (Symfony\\Component\\ErrorHandler\\Error\\FatalError(code: 0): Uncaught ReflectionException: Class \"App\\Policies\\ModelPolicy\" does not exist in Command line code:1
Stack trace:
#0 Command line code(1): ReflectionClass->__construct('App\\\\Policies\\\\Mo...')
#1 [internal function]: {closure}('App\\\\Policies\\\\Mo...', 'App\\\\Model')
#2 Command line code(1): array_map(Object(Closure), Array, Array)
#3 {main}
  thrown at Command line code:1)
[stacktrace]
#0 {main}
"} 
[2025-07-05 22:47:19] local.ERROR: Uncaught ReflectionException: Class "App\Policies\ModelPolicy" does not exist in Command line code:1
Stack trace:
#0 Command line code(1): ReflectionClass->__construct('App\\Policies\\Mo...')
#1 [internal function]: {closure}('App\\Policies\\Mo...', 'App\\Model')
#2 Command line code(1): array_map(Object(Closure), Array, Array)
#3 {main}
  thrown {"exception":"[object] (Symfony\\Component\\ErrorHandler\\Error\\FatalError(code: 0): Uncaught ReflectionException: Class \"App\\Policies\\ModelPolicy\" does not exist in Command line code:1
Stack trace:
#0 Command line code(1): ReflectionClass->__construct('App\\\\Policies\\\\Mo...')
#1 [internal function]: {closure}('App\\\\Policies\\\\Mo...', 'App\\\\Model')
#2 Command line code(1): array_map(Object(Closure), Array, Array)
#3 {main}
  thrown at Command line code:1)
[stacktrace]
#0 {main}
"} 
[2025-07-05 22:48:19] local.ERROR: Uncaught ReflectionException: Class "App\Policies\ModelPolicy" does not exist in Command line code:1
Stack trace:
#0 Command line code(1): ReflectionClass->__construct('App\\Policies\\Mo...')
#1 [internal function]: {closure}('App\\Policies\\Mo...', 'App\\Model')
#2 Command line code(1): array_map(Object(Closure), Array, Array)
#3 {main}
  thrown {"exception":"[object] (Symfony\\Component\\ErrorHandler\\Error\\FatalError(code: 0): Uncaught ReflectionException: Class \"App\\Policies\\ModelPolicy\" does not exist in Command line code:1
Stack trace:
#0 Command line code(1): ReflectionClass->__construct('App\\\\Policies\\\\Mo...')
#1 [internal function]: {closure}('App\\\\Policies\\\\Mo...', 'App\\\\Model')
#2 Command line code(1): array_map(Object(Closure), Array, Array)
#3 {main}
  thrown at Command line code:1)
[stacktrace]
#0 {main}
"} 
[2025-07-05 22:49:19] local.ERROR: Uncaught ReflectionException: Class "App\Policies\ModelPolicy" does not exist in Command line code:1
Stack trace:
#0 Command line code(1): ReflectionClass->__construct('App\\Policies\\Mo...')
#1 [internal function]: {closure}('App\\Policies\\Mo...', 'App\\Model')
#2 Command line code(1): array_map(Object(Closure), Array, Array)
#3 {main}
  thrown {"exception":"[object] (Symfony\\Component\\ErrorHandler\\Error\\FatalError(code: 0): Uncaught ReflectionException: Class \"App\\Policies\\ModelPolicy\" does not exist in Command line code:1
Stack trace:
#0 Command line code(1): ReflectionClass->__construct('App\\\\Policies\\\\Mo...')
#1 [internal function]: {closure}('App\\\\Policies\\\\Mo...', 'App\\\\Model')
#2 Command line code(1): array_map(Object(Closure), Array, Array)
#3 {main}
  thrown at Command line code:1)
[stacktrace]
#0 {main}
"} 
[2025-07-05 22:50:19] local.ERROR: Uncaught ReflectionException: Class "App\Policies\ModelPolicy" does not exist in Command line code:1
Stack trace:
#0 Command line code(1): ReflectionClass->__construct('App\\Policies\\Mo...')
#1 [internal function]: {closure}('App\\Policies\\Mo...', 'App\\Model')
#2 Command line code(1): array_map(Object(Closure), Array, Array)
#3 {main}
  thrown {"exception":"[object] (Symfony\\Component\\ErrorHandler\\Error\\FatalError(code: 0): Uncaught ReflectionException: Class \"App\\Policies\\ModelPolicy\" does not exist in Command line code:1
Stack trace:
#0 Command line code(1): ReflectionClass->__construct('App\\\\Policies\\\\Mo...')
#1 [internal function]: {closure}('App\\\\Policies\\\\Mo...', 'App\\\\Model')
#2 Command line code(1): array_map(Object(Closure), Array, Array)
#3 {main}
  thrown at Command line code:1)
[stacktrace]
#0 {main}
"} 
[2025-07-05 22:51:19] local.ERROR: Uncaught ReflectionException: Class "App\Policies\ModelPolicy" does not exist in Command line code:1
Stack trace:
#0 Command line code(1): ReflectionClass->__construct('App\\Policies\\Mo...')
#1 [internal function]: {closure}('App\\Policies\\Mo...', 'App\\Model')
#2 Command line code(1): array_map(Object(Closure), Array, Array)
#3 {main}
  thrown {"exception":"[object] (Symfony\\Component\\ErrorHandler\\Error\\FatalError(code: 0): Uncaught ReflectionException: Class \"App\\Policies\\ModelPolicy\" does not exist in Command line code:1
Stack trace:
#0 Command line code(1): ReflectionClass->__construct('App\\\\Policies\\\\Mo...')
#1 [internal function]: {closure}('App\\\\Policies\\\\Mo...', 'App\\\\Model')
#2 Command line code(1): array_map(Object(Closure), Array, Array)
#3 {main}
  thrown at Command line code:1)
[stacktrace]
#0 {main}
"} 
[2025-07-05 22:52:20] local.ERROR: Uncaught ReflectionException: Class "App\Policies\ModelPolicy" does not exist in Command line code:1
Stack trace:
#0 Command line code(1): ReflectionClass->__construct('App\\Policies\\Mo...')
#1 [internal function]: {closure}('App\\Policies\\Mo...', 'App\\Model')
#2 Command line code(1): array_map(Object(Closure), Array, Array)
#3 {main}
  thrown {"exception":"[object] (Symfony\\Component\\ErrorHandler\\Error\\FatalError(code: 0): Uncaught ReflectionException: Class \"App\\Policies\\ModelPolicy\" does not exist in Command line code:1
Stack trace:
#0 Command line code(1): ReflectionClass->__construct('App\\\\Policies\\\\Mo...')
#1 [internal function]: {closure}('App\\\\Policies\\\\Mo...', 'App\\\\Model')
#2 Command line code(1): array_map(Object(Closure), Array, Array)
#3 {main}
  thrown at Command line code:1)
[stacktrace]
#0 {main}
"} 
[2025-07-05 22:53:19] local.ERROR: Uncaught ReflectionException: Class "App\Policies\ModelPolicy" does not exist in Command line code:1
Stack trace:
#0 Command line code(1): ReflectionClass->__construct('App\\Policies\\Mo...')
#1 [internal function]: {closure}('App\\Policies\\Mo...', 'App\\Model')
#2 Command line code(1): array_map(Object(Closure), Array, Array)
#3 {main}
  thrown {"exception":"[object] (Symfony\\Component\\ErrorHandler\\Error\\FatalError(code: 0): Uncaught ReflectionException: Class \"App\\Policies\\ModelPolicy\" does not exist in Command line code:1
Stack trace:
#0 Command line code(1): ReflectionClass->__construct('App\\\\Policies\\\\Mo...')
#1 [internal function]: {closure}('App\\\\Policies\\\\Mo...', 'App\\\\Model')
#2 Command line code(1): array_map(Object(Closure), Array, Array)
#3 {main}
  thrown at Command line code:1)
[stacktrace]
#0 {main}
"} 
[2025-07-05 22:54:20] local.ERROR: Uncaught ReflectionException: Class "App\Policies\ModelPolicy" does not exist in Command line code:1
Stack trace:
#0 Command line code(1): ReflectionClass->__construct('App\\Policies\\Mo...')
#1 [internal function]: {closure}('App\\Policies\\Mo...', 'App\\Model')
#2 Command line code(1): array_map(Object(Closure), Array, Array)
#3 {main}
  thrown {"exception":"[object] (Symfony\\Component\\ErrorHandler\\Error\\FatalError(code: 0): Uncaught ReflectionException: Class \"App\\Policies\\ModelPolicy\" does not exist in Command line code:1
Stack trace:
#0 Command line code(1): ReflectionClass->__construct('App\\\\Policies\\\\Mo...')
#1 [internal function]: {closure}('App\\\\Policies\\\\Mo...', 'App\\\\Model')
#2 Command line code(1): array_map(Object(Closure), Array, Array)
#3 {main}
  thrown at Command line code:1)
[stacktrace]
#0 {main}
"} 
[2025-07-05 22:55:19] local.ERROR: Uncaught ReflectionException: Class "App\Policies\ModelPolicy" does not exist in Command line code:1
Stack trace:
#0 Command line code(1): ReflectionClass->__construct('App\\Policies\\Mo...')
#1 [internal function]: {closure}('App\\Policies\\Mo...', 'App\\Model')
#2 Command line code(1): array_map(Object(Closure), Array, Array)
#3 {main}
  thrown {"exception":"[object] (Symfony\\Component\\ErrorHandler\\Error\\FatalError(code: 0): Uncaught ReflectionException: Class \"App\\Policies\\ModelPolicy\" does not exist in Command line code:1
Stack trace:
#0 Command line code(1): ReflectionClass->__construct('App\\\\Policies\\\\Mo...')
#1 [internal function]: {closure}('App\\\\Policies\\\\Mo...', 'App\\\\Model')
#2 Command line code(1): array_map(Object(Closure), Array, Array)
#3 {main}
  thrown at Command line code:1)
[stacktrace]
#0 {main}
"} 
[2025-07-05 22:56:19] local.ERROR: Uncaught ReflectionException: Class "App\Policies\ModelPolicy" does not exist in Command line code:1
Stack trace:
#0 Command line code(1): ReflectionClass->__construct('App\\Policies\\Mo...')
#1 [internal function]: {closure}('App\\Policies\\Mo...', 'App\\Model')
#2 Command line code(1): array_map(Object(Closure), Array, Array)
#3 {main}
  thrown {"exception":"[object] (Symfony\\Component\\ErrorHandler\\Error\\FatalError(code: 0): Uncaught ReflectionException: Class \"App\\Policies\\ModelPolicy\" does not exist in Command line code:1
Stack trace:
#0 Command line code(1): ReflectionClass->__construct('App\\\\Policies\\\\Mo...')
#1 [internal function]: {closure}('App\\\\Policies\\\\Mo...', 'App\\\\Model')
#2 Command line code(1): array_map(Object(Closure), Array, Array)
#3 {main}
  thrown at Command line code:1)
[stacktrace]
#0 {main}
"} 
[2025-07-05 22:57:19] local.ERROR: Uncaught ReflectionException: Class "App\Policies\ModelPolicy" does not exist in Command line code:1
Stack trace:
#0 Command line code(1): ReflectionClass->__construct('App\\Policies\\Mo...')
#1 [internal function]: {closure}('App\\Policies\\Mo...', 'App\\Model')
#2 Command line code(1): array_map(Object(Closure), Array, Array)
#3 {main}
  thrown {"exception":"[object] (Symfony\\Component\\ErrorHandler\\Error\\FatalError(code: 0): Uncaught ReflectionException: Class \"App\\Policies\\ModelPolicy\" does not exist in Command line code:1
Stack trace:
#0 Command line code(1): ReflectionClass->__construct('App\\\\Policies\\\\Mo...')
#1 [internal function]: {closure}('App\\\\Policies\\\\Mo...', 'App\\\\Model')
#2 Command line code(1): array_map(Object(Closure), Array, Array)
#3 {main}
  thrown at Command line code:1)
[stacktrace]
#0 {main}
"} 
[2025-07-05 22:58:19] local.ERROR: Uncaught ReflectionException: Class "App\Policies\ModelPolicy" does not exist in Command line code:1
Stack trace:
#0 Command line code(1): ReflectionClass->__construct('App\\Policies\\Mo...')
#1 [internal function]: {closure}('App\\Policies\\Mo...', 'App\\Model')
#2 Command line code(1): array_map(Object(Closure), Array, Array)
#3 {main}
  thrown {"exception":"[object] (Symfony\\Component\\ErrorHandler\\Error\\FatalError(code: 0): Uncaught ReflectionException: Class \"App\\Policies\\ModelPolicy\" does not exist in Command line code:1
Stack trace:
#0 Command line code(1): ReflectionClass->__construct('App\\\\Policies\\\\Mo...')
#1 [internal function]: {closure}('App\\\\Policies\\\\Mo...', 'App\\\\Model')
#2 Command line code(1): array_map(Object(Closure), Array, Array)
#3 {main}
  thrown at Command line code:1)
[stacktrace]
#0 {main}
"} 
[2025-07-05 22:59:19] local.ERROR: Uncaught ReflectionException: Class "App\Policies\ModelPolicy" does not exist in Command line code:1
Stack trace:
#0 Command line code(1): ReflectionClass->__construct('App\\Policies\\Mo...')
#1 [internal function]: {closure}('App\\Policies\\Mo...', 'App\\Model')
#2 Command line code(1): array_map(Object(Closure), Array, Array)
#3 {main}
  thrown {"exception":"[object] (Symfony\\Component\\ErrorHandler\\Error\\FatalError(code: 0): Uncaught ReflectionException: Class \"App\\Policies\\ModelPolicy\" does not exist in Command line code:1
Stack trace:
#0 Command line code(1): ReflectionClass->__construct('App\\\\Policies\\\\Mo...')
#1 [internal function]: {closure}('App\\\\Policies\\\\Mo...', 'App\\\\Model')
#2 Command line code(1): array_map(Object(Closure), Array, Array)
#3 {main}
  thrown at Command line code:1)
[stacktrace]
#0 {main}
"} 
[2025-07-05 23:00:19] local.ERROR: Uncaught ReflectionException: Class "App\Policies\ModelPolicy" does not exist in Command line code:1
Stack trace:
#0 Command line code(1): ReflectionClass->__construct('App\\Policies\\Mo...')
#1 [internal function]: {closure}('App\\Policies\\Mo...', 'App\\Model')
#2 Command line code(1): array_map(Object(Closure), Array, Array)
#3 {main}
  thrown {"exception":"[object] (Symfony\\Component\\ErrorHandler\\Error\\FatalError(code: 0): Uncaught ReflectionException: Class \"App\\Policies\\ModelPolicy\" does not exist in Command line code:1
Stack trace:
#0 Command line code(1): ReflectionClass->__construct('App\\\\Policies\\\\Mo...')
#1 [internal function]: {closure}('App\\\\Policies\\\\Mo...', 'App\\\\Model')
#2 Command line code(1): array_map(Object(Closure), Array, Array)
#3 {main}
  thrown at Command line code:1)
[stacktrace]
#0 {main}
"} 
[2025-07-05 23:01:19] local.ERROR: Uncaught ReflectionException: Class "App\Policies\ModelPolicy" does not exist in Command line code:1
Stack trace:
#0 Command line code(1): ReflectionClass->__construct('App\\Policies\\Mo...')
#1 [internal function]: {closure}('App\\Policies\\Mo...', 'App\\Model')
#2 Command line code(1): array_map(Object(Closure), Array, Array)
#3 {main}
  thrown {"exception":"[object] (Symfony\\Component\\ErrorHandler\\Error\\FatalError(code: 0): Uncaught ReflectionException: Class \"App\\Policies\\ModelPolicy\" does not exist in Command line code:1
Stack trace:
#0 Command line code(1): ReflectionClass->__construct('App\\\\Policies\\\\Mo...')
#1 [internal function]: {closure}('App\\\\Policies\\\\Mo...', 'App\\\\Model')
#2 Command line code(1): array_map(Object(Closure), Array, Array)
#3 {main}
  thrown at Command line code:1)
[stacktrace]
#0 {main}
"} 
[2025-07-05 23:02:19] local.ERROR: Uncaught ReflectionException: Class "App\Policies\ModelPolicy" does not exist in Command line code:1
Stack trace:
#0 Command line code(1): ReflectionClass->__construct('App\\Policies\\Mo...')
#1 [internal function]: {closure}('App\\Policies\\Mo...', 'App\\Model')
#2 Command line code(1): array_map(Object(Closure), Array, Array)
#3 {main}
  thrown {"exception":"[object] (Symfony\\Component\\ErrorHandler\\Error\\FatalError(code: 0): Uncaught ReflectionException: Class \"App\\Policies\\ModelPolicy\" does not exist in Command line code:1
Stack trace:
#0 Command line code(1): ReflectionClass->__construct('App\\\\Policies\\\\Mo...')
#1 [internal function]: {closure}('App\\\\Policies\\\\Mo...', 'App\\\\Model')
#2 Command line code(1): array_map(Object(Closure), Array, Array)
#3 {main}
  thrown at Command line code:1)
[stacktrace]
#0 {main}
"} 
[2025-07-05 23:03:19] local.ERROR: Uncaught ReflectionException: Class "App\Policies\ModelPolicy" does not exist in Command line code:1
Stack trace:
#0 Command line code(1): ReflectionClass->__construct('App\\Policies\\Mo...')
#1 [internal function]: {closure}('App\\Policies\\Mo...', 'App\\Model')
#2 Command line code(1): array_map(Object(Closure), Array, Array)
#3 {main}
  thrown {"exception":"[object] (Symfony\\Component\\ErrorHandler\\Error\\FatalError(code: 0): Uncaught ReflectionException: Class \"App\\Policies\\ModelPolicy\" does not exist in Command line code:1
Stack trace:
#0 Command line code(1): ReflectionClass->__construct('App\\\\Policies\\\\Mo...')
#1 [internal function]: {closure}('App\\\\Policies\\\\Mo...', 'App\\\\Model')
#2 Command line code(1): array_map(Object(Closure), Array, Array)
#3 {main}
  thrown at Command line code:1)
[stacktrace]
#0 {main}
"} 
[2025-07-05 23:04:19] local.ERROR: Uncaught ReflectionException: Class "App\Policies\ModelPolicy" does not exist in Command line code:1
Stack trace:
#0 Command line code(1): ReflectionClass->__construct('App\\Policies\\Mo...')
#1 [internal function]: {closure}('App\\Policies\\Mo...', 'App\\Model')
#2 Command line code(1): array_map(Object(Closure), Array, Array)
#3 {main}
  thrown {"exception":"[object] (Symfony\\Component\\ErrorHandler\\Error\\FatalError(code: 0): Uncaught ReflectionException: Class \"App\\Policies\\ModelPolicy\" does not exist in Command line code:1
Stack trace:
#0 Command line code(1): ReflectionClass->__construct('App\\\\Policies\\\\Mo...')
#1 [internal function]: {closure}('App\\\\Policies\\\\Mo...', 'App\\\\Model')
#2 Command line code(1): array_map(Object(Closure), Array, Array)
#3 {main}
  thrown at Command line code:1)
[stacktrace]
#0 {main}
"} 
[2025-07-05 23:05:19] local.ERROR: Uncaught ReflectionException: Class "App\Policies\ModelPolicy" does not exist in Command line code:1
Stack trace:
#0 Command line code(1): ReflectionClass->__construct('App\\Policies\\Mo...')
#1 [internal function]: {closure}('App\\Policies\\Mo...', 'App\\Model')
#2 Command line code(1): array_map(Object(Closure), Array, Array)
#3 {main}
  thrown {"exception":"[object] (Symfony\\Component\\ErrorHandler\\Error\\FatalError(code: 0): Uncaught ReflectionException: Class \"App\\Policies\\ModelPolicy\" does not exist in Command line code:1
Stack trace:
#0 Command line code(1): ReflectionClass->__construct('App\\\\Policies\\\\Mo...')
#1 [internal function]: {closure}('App\\\\Policies\\\\Mo...', 'App\\\\Model')
#2 Command line code(1): array_map(Object(Closure), Array, Array)
#3 {main}
  thrown at Command line code:1)
[stacktrace]
#0 {main}
"} 
[2025-07-05 23:06:19] local.ERROR: Uncaught ReflectionException: Class "App\Policies\ModelPolicy" does not exist in Command line code:1
Stack trace:
#0 Command line code(1): ReflectionClass->__construct('App\\Policies\\Mo...')
#1 [internal function]: {closure}('App\\Policies\\Mo...', 'App\\Model')
#2 Command line code(1): array_map(Object(Closure), Array, Array)
#3 {main}
  thrown {"exception":"[object] (Symfony\\Component\\ErrorHandler\\Error\\FatalError(code: 0): Uncaught ReflectionException: Class \"App\\Policies\\ModelPolicy\" does not exist in Command line code:1
Stack trace:
#0 Command line code(1): ReflectionClass->__construct('App\\\\Policies\\\\Mo...')
#1 [internal function]: {closure}('App\\\\Policies\\\\Mo...', 'App\\\\Model')
#2 Command line code(1): array_map(Object(Closure), Array, Array)
#3 {main}
  thrown at Command line code:1)
[stacktrace]
#0 {main}
"} 
[2025-07-05 23:07:19] local.ERROR: Uncaught ReflectionException: Class "App\Policies\ModelPolicy" does not exist in Command line code:1
Stack trace:
#0 Command line code(1): ReflectionClass->__construct('App\\Policies\\Mo...')
#1 [internal function]: {closure}('App\\Policies\\Mo...', 'App\\Model')
#2 Command line code(1): array_map(Object(Closure), Array, Array)
#3 {main}
  thrown {"exception":"[object] (Symfony\\Component\\ErrorHandler\\Error\\FatalError(code: 0): Uncaught ReflectionException: Class \"App\\Policies\\ModelPolicy\" does not exist in Command line code:1
Stack trace:
#0 Command line code(1): ReflectionClass->__construct('App\\\\Policies\\\\Mo...')
#1 [internal function]: {closure}('App\\\\Policies\\\\Mo...', 'App\\\\Model')
#2 Command line code(1): array_map(Object(Closure), Array, Array)
#3 {main}
  thrown at Command line code:1)
[stacktrace]
#0 {main}
"} 
[2025-07-05 23:08:19] local.ERROR: Uncaught ReflectionException: Class "App\Policies\ModelPolicy" does not exist in Command line code:1
Stack trace:
#0 Command line code(1): ReflectionClass->__construct('App\\Policies\\Mo...')
#1 [internal function]: {closure}('App\\Policies\\Mo...', 'App\\Model')
#2 Command line code(1): array_map(Object(Closure), Array, Array)
#3 {main}
  thrown {"exception":"[object] (Symfony\\Component\\ErrorHandler\\Error\\FatalError(code: 0): Uncaught ReflectionException: Class \"App\\Policies\\ModelPolicy\" does not exist in Command line code:1
Stack trace:
#0 Command line code(1): ReflectionClass->__construct('App\\\\Policies\\\\Mo...')
#1 [internal function]: {closure}('App\\\\Policies\\\\Mo...', 'App\\\\Model')
#2 Command line code(1): array_map(Object(Closure), Array, Array)
#3 {main}
  thrown at Command line code:1)
[stacktrace]
#0 {main}
"} 
[2025-07-05 23:09:19] local.ERROR: Uncaught ReflectionException: Class "App\Policies\ModelPolicy" does not exist in Command line code:1
Stack trace:
#0 Command line code(1): ReflectionClass->__construct('App\\Policies\\Mo...')
#1 [internal function]: {closure}('App\\Policies\\Mo...', 'App\\Model')
#2 Command line code(1): array_map(Object(Closure), Array, Array)
#3 {main}
  thrown {"exception":"[object] (Symfony\\Component\\ErrorHandler\\Error\\FatalError(code: 0): Uncaught ReflectionException: Class \"App\\Policies\\ModelPolicy\" does not exist in Command line code:1
Stack trace:
#0 Command line code(1): ReflectionClass->__construct('App\\\\Policies\\\\Mo...')
#1 [internal function]: {closure}('App\\\\Policies\\\\Mo...', 'App\\\\Model')
#2 Command line code(1): array_map(Object(Closure), Array, Array)
#3 {main}
  thrown at Command line code:1)
[stacktrace]
#0 {main}
"} 
[2025-07-05 23:10:19] local.ERROR: Uncaught ReflectionException: Class "App\Policies\ModelPolicy" does not exist in Command line code:1
Stack trace:
#0 Command line code(1): ReflectionClass->__construct('App\\Policies\\Mo...')
#1 [internal function]: {closure}('App\\Policies\\Mo...', 'App\\Model')
#2 Command line code(1): array_map(Object(Closure), Array, Array)
#3 {main}
  thrown {"exception":"[object] (Symfony\\Component\\ErrorHandler\\Error\\FatalError(code: 0): Uncaught ReflectionException: Class \"App\\Policies\\ModelPolicy\" does not exist in Command line code:1
Stack trace:
#0 Command line code(1): ReflectionClass->__construct('App\\\\Policies\\\\Mo...')
#1 [internal function]: {closure}('App\\\\Policies\\\\Mo...', 'App\\\\Model')
#2 Command line code(1): array_map(Object(Closure), Array, Array)
#3 {main}
  thrown at Command line code:1)
[stacktrace]
#0 {main}
"} 
[2025-07-05 23:11:19] local.ERROR: Uncaught ReflectionException: Class "App\Policies\ModelPolicy" does not exist in Command line code:1
Stack trace:
#0 Command line code(1): ReflectionClass->__construct('App\\Policies\\Mo...')
#1 [internal function]: {closure}('App\\Policies\\Mo...', 'App\\Model')
#2 Command line code(1): array_map(Object(Closure), Array, Array)
#3 {main}
  thrown {"exception":"[object] (Symfony\\Component\\ErrorHandler\\Error\\FatalError(code: 0): Uncaught ReflectionException: Class \"App\\Policies\\ModelPolicy\" does not exist in Command line code:1
Stack trace:
#0 Command line code(1): ReflectionClass->__construct('App\\\\Policies\\\\Mo...')
#1 [internal function]: {closure}('App\\\\Policies\\\\Mo...', 'App\\\\Model')
#2 Command line code(1): array_map(Object(Closure), Array, Array)
#3 {main}
  thrown at Command line code:1)
[stacktrace]
#0 {main}
"} 
[2025-07-05 23:12:19] local.ERROR: Uncaught ReflectionException: Class "App\Policies\ModelPolicy" does not exist in Command line code:1
Stack trace:
#0 Command line code(1): ReflectionClass->__construct('App\\Policies\\Mo...')
#1 [internal function]: {closure}('App\\Policies\\Mo...', 'App\\Model')
#2 Command line code(1): array_map(Object(Closure), Array, Array)
#3 {main}
  thrown {"exception":"[object] (Symfony\\Component\\ErrorHandler\\Error\\FatalError(code: 0): Uncaught ReflectionException: Class \"App\\Policies\\ModelPolicy\" does not exist in Command line code:1
Stack trace:
#0 Command line code(1): ReflectionClass->__construct('App\\\\Policies\\\\Mo...')
#1 [internal function]: {closure}('App\\\\Policies\\\\Mo...', 'App\\\\Model')
#2 Command line code(1): array_map(Object(Closure), Array, Array)
#3 {main}
  thrown at Command line code:1)
[stacktrace]
#0 {main}
"} 
[2025-07-05 23:13:19] local.ERROR: Uncaught ReflectionException: Class "App\Policies\ModelPolicy" does not exist in Command line code:1
Stack trace:
#0 Command line code(1): ReflectionClass->__construct('App\\Policies\\Mo...')
#1 [internal function]: {closure}('App\\Policies\\Mo...', 'App\\Model')
#2 Command line code(1): array_map(Object(Closure), Array, Array)
#3 {main}
  thrown {"exception":"[object] (Symfony\\Component\\ErrorHandler\\Error\\FatalError(code: 0): Uncaught ReflectionException: Class \"App\\Policies\\ModelPolicy\" does not exist in Command line code:1
Stack trace:
#0 Command line code(1): ReflectionClass->__construct('App\\\\Policies\\\\Mo...')
#1 [internal function]: {closure}('App\\\\Policies\\\\Mo...', 'App\\\\Model')
#2 Command line code(1): array_map(Object(Closure), Array, Array)
#3 {main}
  thrown at Command line code:1)
[stacktrace]
#0 {main}
"} 
[2025-07-05 23:14:20] local.ERROR: Uncaught ReflectionException: Class "App\Policies\ModelPolicy" does not exist in Command line code:1
Stack trace:
#0 Command line code(1): ReflectionClass->__construct('App\\Policies\\Mo...')
#1 [internal function]: {closure}('App\\Policies\\Mo...', 'App\\Model')
#2 Command line code(1): array_map(Object(Closure), Array, Array)
#3 {main}
  thrown {"exception":"[object] (Symfony\\Component\\ErrorHandler\\Error\\FatalError(code: 0): Uncaught ReflectionException: Class \"App\\Policies\\ModelPolicy\" does not exist in Command line code:1
Stack trace:
#0 Command line code(1): ReflectionClass->__construct('App\\\\Policies\\\\Mo...')
#1 [internal function]: {closure}('App\\\\Policies\\\\Mo...', 'App\\\\Model')
#2 Command line code(1): array_map(Object(Closure), Array, Array)
#3 {main}
  thrown at Command line code:1)
[stacktrace]
#0 {main}
"} 
[2025-07-05 23:15:19] local.ERROR: Uncaught ReflectionException: Class "App\Policies\ModelPolicy" does not exist in Command line code:1
Stack trace:
#0 Command line code(1): ReflectionClass->__construct('App\\Policies\\Mo...')
#1 [internal function]: {closure}('App\\Policies\\Mo...', 'App\\Model')
#2 Command line code(1): array_map(Object(Closure), Array, Array)
#3 {main}
  thrown {"exception":"[object] (Symfony\\Component\\ErrorHandler\\Error\\FatalError(code: 0): Uncaught ReflectionException: Class \"App\\Policies\\ModelPolicy\" does not exist in Command line code:1
Stack trace:
#0 Command line code(1): ReflectionClass->__construct('App\\\\Policies\\\\Mo...')
#1 [internal function]: {closure}('App\\\\Policies\\\\Mo...', 'App\\\\Model')
#2 Command line code(1): array_map(Object(Closure), Array, Array)
#3 {main}
  thrown at Command line code:1)
[stacktrace]
#0 {main}
"} 
[2025-07-05 23:16:19] local.ERROR: Uncaught ReflectionException: Class "App\Policies\ModelPolicy" does not exist in Command line code:1
Stack trace:
#0 Command line code(1): ReflectionClass->__construct('App\\Policies\\Mo...')
#1 [internal function]: {closure}('App\\Policies\\Mo...', 'App\\Model')
#2 Command line code(1): array_map(Object(Closure), Array, Array)
#3 {main}
  thrown {"exception":"[object] (Symfony\\Component\\ErrorHandler\\Error\\FatalError(code: 0): Uncaught ReflectionException: Class \"App\\Policies\\ModelPolicy\" does not exist in Command line code:1
Stack trace:
#0 Command line code(1): ReflectionClass->__construct('App\\\\Policies\\\\Mo...')
#1 [internal function]: {closure}('App\\\\Policies\\\\Mo...', 'App\\\\Model')
#2 Command line code(1): array_map(Object(Closure), Array, Array)
#3 {main}
  thrown at Command line code:1)
[stacktrace]
#0 {main}
"} 
[2025-07-05 23:17:19] local.ERROR: Uncaught ReflectionException: Class "App\Policies\ModelPolicy" does not exist in Command line code:1
Stack trace:
#0 Command line code(1): ReflectionClass->__construct('App\\Policies\\Mo...')
#1 [internal function]: {closure}('App\\Policies\\Mo...', 'App\\Model')
#2 Command line code(1): array_map(Object(Closure), Array, Array)
#3 {main}
  thrown {"exception":"[object] (Symfony\\Component\\ErrorHandler\\Error\\FatalError(code: 0): Uncaught ReflectionException: Class \"App\\Policies\\ModelPolicy\" does not exist in Command line code:1
Stack trace:
#0 Command line code(1): ReflectionClass->__construct('App\\\\Policies\\\\Mo...')
#1 [internal function]: {closure}('App\\\\Policies\\\\Mo...', 'App\\\\Model')
#2 Command line code(1): array_map(Object(Closure), Array, Array)
#3 {main}
  thrown at Command line code:1)
[stacktrace]
#0 {main}
"} 
[2025-07-05 23:18:19] local.ERROR: Uncaught ReflectionException: Class "App\Policies\ModelPolicy" does not exist in Command line code:1
Stack trace:
#0 Command line code(1): ReflectionClass->__construct('App\\Policies\\Mo...')
#1 [internal function]: {closure}('App\\Policies\\Mo...', 'App\\Model')
#2 Command line code(1): array_map(Object(Closure), Array, Array)
#3 {main}
  thrown {"exception":"[object] (Symfony\\Component\\ErrorHandler\\Error\\FatalError(code: 0): Uncaught ReflectionException: Class \"App\\Policies\\ModelPolicy\" does not exist in Command line code:1
Stack trace:
#0 Command line code(1): ReflectionClass->__construct('App\\\\Policies\\\\Mo...')
#1 [internal function]: {closure}('App\\\\Policies\\\\Mo...', 'App\\\\Model')
#2 Command line code(1): array_map(Object(Closure), Array, Array)
#3 {main}
  thrown at Command line code:1)
[stacktrace]
#0 {main}
"} 
[2025-07-05 23:19:20] local.ERROR: Uncaught ReflectionException: Class "App\Policies\ModelPolicy" does not exist in Command line code:1
Stack trace:
#0 Command line code(1): ReflectionClass->__construct('App\\Policies\\Mo...')
#1 [internal function]: {closure}('App\\Policies\\Mo...', 'App\\Model')
#2 Command line code(1): array_map(Object(Closure), Array, Array)
#3 {main}
  thrown {"exception":"[object] (Symfony\\Component\\ErrorHandler\\Error\\FatalError(code: 0): Uncaught ReflectionException: Class \"App\\Policies\\ModelPolicy\" does not exist in Command line code:1
Stack trace:
#0 Command line code(1): ReflectionClass->__construct('App\\\\Policies\\\\Mo...')
#1 [internal function]: {closure}('App\\\\Policies\\\\Mo...', 'App\\\\Model')
#2 Command line code(1): array_map(Object(Closure), Array, Array)
#3 {main}
  thrown at Command line code:1)
[stacktrace]
#0 {main}
"} 
[2025-07-05 23:20:19] local.ERROR: Uncaught ReflectionException: Class "App\Policies\ModelPolicy" does not exist in Command line code:1
Stack trace:
#0 Command line code(1): ReflectionClass->__construct('App\\Policies\\Mo...')
#1 [internal function]: {closure}('App\\Policies\\Mo...', 'App\\Model')
#2 Command line code(1): array_map(Object(Closure), Array, Array)
#3 {main}
  thrown {"exception":"[object] (Symfony\\Component\\ErrorHandler\\Error\\FatalError(code: 0): Uncaught ReflectionException: Class \"App\\Policies\\ModelPolicy\" does not exist in Command line code:1
Stack trace:
#0 Command line code(1): ReflectionClass->__construct('App\\\\Policies\\\\Mo...')
#1 [internal function]: {closure}('App\\\\Policies\\\\Mo...', 'App\\\\Model')
#2 Command line code(1): array_map(Object(Closure), Array, Array)
#3 {main}
  thrown at Command line code:1)
[stacktrace]
#0 {main}
"} 
[2025-07-05 23:21:19] local.ERROR: Uncaught ReflectionException: Class "App\Policies\ModelPolicy" does not exist in Command line code:1
Stack trace:
#0 Command line code(1): ReflectionClass->__construct('App\\Policies\\Mo...')
#1 [internal function]: {closure}('App\\Policies\\Mo...', 'App\\Model')
#2 Command line code(1): array_map(Object(Closure), Array, Array)
#3 {main}
  thrown {"exception":"[object] (Symfony\\Component\\ErrorHandler\\Error\\FatalError(code: 0): Uncaught ReflectionException: Class \"App\\Policies\\ModelPolicy\" does not exist in Command line code:1
Stack trace:
#0 Command line code(1): ReflectionClass->__construct('App\\\\Policies\\\\Mo...')
#1 [internal function]: {closure}('App\\\\Policies\\\\Mo...', 'App\\\\Model')
#2 Command line code(1): array_map(Object(Closure), Array, Array)
#3 {main}
  thrown at Command line code:1)
[stacktrace]
#0 {main}
"} 
[2025-07-05 23:22:19] local.ERROR: Uncaught ReflectionException: Class "App\Policies\ModelPolicy" does not exist in Command line code:1
Stack trace:
#0 Command line code(1): ReflectionClass->__construct('App\\Policies\\Mo...')
#1 [internal function]: {closure}('App\\Policies\\Mo...', 'App\\Model')
#2 Command line code(1): array_map(Object(Closure), Array, Array)
#3 {main}
  thrown {"exception":"[object] (Symfony\\Component\\ErrorHandler\\Error\\FatalError(code: 0): Uncaught ReflectionException: Class \"App\\Policies\\ModelPolicy\" does not exist in Command line code:1
Stack trace:
#0 Command line code(1): ReflectionClass->__construct('App\\\\Policies\\\\Mo...')
#1 [internal function]: {closure}('App\\\\Policies\\\\Mo...', 'App\\\\Model')
#2 Command line code(1): array_map(Object(Closure), Array, Array)
#3 {main}
  thrown at Command line code:1)
[stacktrace]
#0 {main}
"} 
[2025-07-05 23:23:19] local.ERROR: Uncaught ReflectionException: Class "App\Policies\ModelPolicy" does not exist in Command line code:1
Stack trace:
#0 Command line code(1): ReflectionClass->__construct('App\\Policies\\Mo...')
#1 [internal function]: {closure}('App\\Policies\\Mo...', 'App\\Model')
#2 Command line code(1): array_map(Object(Closure), Array, Array)
#3 {main}
  thrown {"exception":"[object] (Symfony\\Component\\ErrorHandler\\Error\\FatalError(code: 0): Uncaught ReflectionException: Class \"App\\Policies\\ModelPolicy\" does not exist in Command line code:1
Stack trace:
#0 Command line code(1): ReflectionClass->__construct('App\\\\Policies\\\\Mo...')
#1 [internal function]: {closure}('App\\\\Policies\\\\Mo...', 'App\\\\Model')
#2 Command line code(1): array_map(Object(Closure), Array, Array)
#3 {main}
  thrown at Command line code:1)
[stacktrace]
#0 {main}
"} 
[2025-07-05 23:24:19] local.ERROR: Uncaught ReflectionException: Class "App\Policies\ModelPolicy" does not exist in Command line code:1
Stack trace:
#0 Command line code(1): ReflectionClass->__construct('App\\Policies\\Mo...')
#1 [internal function]: {closure}('App\\Policies\\Mo...', 'App\\Model')
#2 Command line code(1): array_map(Object(Closure), Array, Array)
#3 {main}
  thrown {"exception":"[object] (Symfony\\Component\\ErrorHandler\\Error\\FatalError(code: 0): Uncaught ReflectionException: Class \"App\\Policies\\ModelPolicy\" does not exist in Command line code:1
Stack trace:
#0 Command line code(1): ReflectionClass->__construct('App\\\\Policies\\\\Mo...')
#1 [internal function]: {closure}('App\\\\Policies\\\\Mo...', 'App\\\\Model')
#2 Command line code(1): array_map(Object(Closure), Array, Array)
#3 {main}
  thrown at Command line code:1)
[stacktrace]
#0 {main}
"} 
[2025-07-05 23:25:19] local.ERROR: Uncaught ReflectionException: Class "App\Policies\ModelPolicy" does not exist in Command line code:1
Stack trace:
#0 Command line code(1): ReflectionClass->__construct('App\\Policies\\Mo...')
#1 [internal function]: {closure}('App\\Policies\\Mo...', 'App\\Model')
#2 Command line code(1): array_map(Object(Closure), Array, Array)
#3 {main}
  thrown {"exception":"[object] (Symfony\\Component\\ErrorHandler\\Error\\FatalError(code: 0): Uncaught ReflectionException: Class \"App\\Policies\\ModelPolicy\" does not exist in Command line code:1
Stack trace:
#0 Command line code(1): ReflectionClass->__construct('App\\\\Policies\\\\Mo...')
#1 [internal function]: {closure}('App\\\\Policies\\\\Mo...', 'App\\\\Model')
#2 Command line code(1): array_map(Object(Closure), Array, Array)
#3 {main}
  thrown at Command line code:1)
[stacktrace]
#0 {main}
"} 
[2025-07-05 23:26:19] local.ERROR: Uncaught ReflectionException: Class "App\Policies\ModelPolicy" does not exist in Command line code:1
Stack trace:
#0 Command line code(1): ReflectionClass->__construct('App\\Policies\\Mo...')
#1 [internal function]: {closure}('App\\Policies\\Mo...', 'App\\Model')
#2 Command line code(1): array_map(Object(Closure), Array, Array)
#3 {main}
  thrown {"exception":"[object] (Symfony\\Component\\ErrorHandler\\Error\\FatalError(code: 0): Uncaught ReflectionException: Class \"App\\Policies\\ModelPolicy\" does not exist in Command line code:1
Stack trace:
#0 Command line code(1): ReflectionClass->__construct('App\\\\Policies\\\\Mo...')
#1 [internal function]: {closure}('App\\\\Policies\\\\Mo...', 'App\\\\Model')
#2 Command line code(1): array_map(Object(Closure), Array, Array)
#3 {main}
  thrown at Command line code:1)
[stacktrace]
#0 {main}
"} 
[2025-07-05 23:27:19] local.ERROR: Uncaught ReflectionException: Class "App\Policies\ModelPolicy" does not exist in Command line code:1
Stack trace:
#0 Command line code(1): ReflectionClass->__construct('App\\Policies\\Mo...')
#1 [internal function]: {closure}('App\\Policies\\Mo...', 'App\\Model')
#2 Command line code(1): array_map(Object(Closure), Array, Array)
#3 {main}
  thrown {"exception":"[object] (Symfony\\Component\\ErrorHandler\\Error\\FatalError(code: 0): Uncaught ReflectionException: Class \"App\\Policies\\ModelPolicy\" does not exist in Command line code:1
Stack trace:
#0 Command line code(1): ReflectionClass->__construct('App\\\\Policies\\\\Mo...')
#1 [internal function]: {closure}('App\\\\Policies\\\\Mo...', 'App\\\\Model')
#2 Command line code(1): array_map(Object(Closure), Array, Array)
#3 {main}
  thrown at Command line code:1)
[stacktrace]
#0 {main}
"} 
[2025-07-05 23:28:19] local.ERROR: Uncaught ReflectionException: Class "App\Policies\ModelPolicy" does not exist in Command line code:1
Stack trace:
#0 Command line code(1): ReflectionClass->__construct('App\\Policies\\Mo...')
#1 [internal function]: {closure}('App\\Policies\\Mo...', 'App\\Model')
#2 Command line code(1): array_map(Object(Closure), Array, Array)
#3 {main}
  thrown {"exception":"[object] (Symfony\\Component\\ErrorHandler\\Error\\FatalError(code: 0): Uncaught ReflectionException: Class \"App\\Policies\\ModelPolicy\" does not exist in Command line code:1
Stack trace:
#0 Command line code(1): ReflectionClass->__construct('App\\\\Policies\\\\Mo...')
#1 [internal function]: {closure}('App\\\\Policies\\\\Mo...', 'App\\\\Model')
#2 Command line code(1): array_map(Object(Closure), Array, Array)
#3 {main}
  thrown at Command line code:1)
[stacktrace]
#0 {main}
"} 
[2025-07-05 23:29:19] local.ERROR: Uncaught ReflectionException: Class "App\Policies\ModelPolicy" does not exist in Command line code:1
Stack trace:
#0 Command line code(1): ReflectionClass->__construct('App\\Policies\\Mo...')
#1 [internal function]: {closure}('App\\Policies\\Mo...', 'App\\Model')
#2 Command line code(1): array_map(Object(Closure), Array, Array)
#3 {main}
  thrown {"exception":"[object] (Symfony\\Component\\ErrorHandler\\Error\\FatalError(code: 0): Uncaught ReflectionException: Class \"App\\Policies\\ModelPolicy\" does not exist in Command line code:1
Stack trace:
#0 Command line code(1): ReflectionClass->__construct('App\\\\Policies\\\\Mo...')
#1 [internal function]: {closure}('App\\\\Policies\\\\Mo...', 'App\\\\Model')
#2 Command line code(1): array_map(Object(Closure), Array, Array)
#3 {main}
  thrown at Command line code:1)
[stacktrace]
#0 {main}
"} 
[2025-07-05 23:30:20] local.ERROR: Uncaught ReflectionException: Class "App\Policies\ModelPolicy" does not exist in Command line code:1
Stack trace:
#0 Command line code(1): ReflectionClass->__construct('App\\Policies\\Mo...')
#1 [internal function]: {closure}('App\\Policies\\Mo...', 'App\\Model')
#2 Command line code(1): array_map(Object(Closure), Array, Array)
#3 {main}
  thrown {"exception":"[object] (Symfony\\Component\\ErrorHandler\\Error\\FatalError(code: 0): Uncaught ReflectionException: Class \"App\\Policies\\ModelPolicy\" does not exist in Command line code:1
Stack trace:
#0 Command line code(1): ReflectionClass->__construct('App\\\\Policies\\\\Mo...')
#1 [internal function]: {closure}('App\\\\Policies\\\\Mo...', 'App\\\\Model')
#2 Command line code(1): array_map(Object(Closure), Array, Array)
#3 {main}
  thrown at Command line code:1)
[stacktrace]
#0 {main}
"} 
[2025-07-05 23:31:19] local.ERROR: Uncaught ReflectionException: Class "App\Policies\ModelPolicy" does not exist in Command line code:1
Stack trace:
#0 Command line code(1): ReflectionClass->__construct('App\\Policies\\Mo...')
#1 [internal function]: {closure}('App\\Policies\\Mo...', 'App\\Model')
#2 Command line code(1): array_map(Object(Closure), Array, Array)
#3 {main}
  thrown {"exception":"[object] (Symfony\\Component\\ErrorHandler\\Error\\FatalError(code: 0): Uncaught ReflectionException: Class \"App\\Policies\\ModelPolicy\" does not exist in Command line code:1
Stack trace:
#0 Command line code(1): ReflectionClass->__construct('App\\\\Policies\\\\Mo...')
#1 [internal function]: {closure}('App\\\\Policies\\\\Mo...', 'App\\\\Model')
#2 Command line code(1): array_map(Object(Closure), Array, Array)
#3 {main}
  thrown at Command line code:1)
[stacktrace]
#0 {main}
"} 
[2025-07-05 23:32:19] local.ERROR: Uncaught ReflectionException: Class "App\Policies\ModelPolicy" does not exist in Command line code:1
Stack trace:
#0 Command line code(1): ReflectionClass->__construct('App\\Policies\\Mo...')
#1 [internal function]: {closure}('App\\Policies\\Mo...', 'App\\Model')
#2 Command line code(1): array_map(Object(Closure), Array, Array)
#3 {main}
  thrown {"exception":"[object] (Symfony\\Component\\ErrorHandler\\Error\\FatalError(code: 0): Uncaught ReflectionException: Class \"App\\Policies\\ModelPolicy\" does not exist in Command line code:1
Stack trace:
#0 Command line code(1): ReflectionClass->__construct('App\\\\Policies\\\\Mo...')
#1 [internal function]: {closure}('App\\\\Policies\\\\Mo...', 'App\\\\Model')
#2 Command line code(1): array_map(Object(Closure), Array, Array)
#3 {main}
  thrown at Command line code:1)
[stacktrace]
#0 {main}
"} 
[2025-07-05 23:33:19] local.ERROR: Uncaught ReflectionException: Class "App\Policies\ModelPolicy" does not exist in Command line code:1
Stack trace:
#0 Command line code(1): ReflectionClass->__construct('App\\Policies\\Mo...')
#1 [internal function]: {closure}('App\\Policies\\Mo...', 'App\\Model')
#2 Command line code(1): array_map(Object(Closure), Array, Array)
#3 {main}
  thrown {"exception":"[object] (Symfony\\Component\\ErrorHandler\\Error\\FatalError(code: 0): Uncaught ReflectionException: Class \"App\\Policies\\ModelPolicy\" does not exist in Command line code:1
Stack trace:
#0 Command line code(1): ReflectionClass->__construct('App\\\\Policies\\\\Mo...')
#1 [internal function]: {closure}('App\\\\Policies\\\\Mo...', 'App\\\\Model')
#2 Command line code(1): array_map(Object(Closure), Array, Array)
#3 {main}
  thrown at Command line code:1)
[stacktrace]
#0 {main}
"} 
[2025-07-05 23:34:20] local.ERROR: Uncaught ReflectionException: Class "App\Policies\ModelPolicy" does not exist in Command line code:1
Stack trace:
#0 Command line code(1): ReflectionClass->__construct('App\\Policies\\Mo...')
#1 [internal function]: {closure}('App\\Policies\\Mo...', 'App\\Model')
#2 Command line code(1): array_map(Object(Closure), Array, Array)
#3 {main}
  thrown {"exception":"[object] (Symfony\\Component\\ErrorHandler\\Error\\FatalError(code: 0): Uncaught ReflectionException: Class \"App\\Policies\\ModelPolicy\" does not exist in Command line code:1
Stack trace:
#0 Command line code(1): ReflectionClass->__construct('App\\\\Policies\\\\Mo...')
#1 [internal function]: {closure}('App\\\\Policies\\\\Mo...', 'App\\\\Model')
#2 Command line code(1): array_map(Object(Closure), Array, Array)
#3 {main}
  thrown at Command line code:1)
[stacktrace]
#0 {main}
"} 
[2025-07-05 23:35:19] local.ERROR: Uncaught ReflectionException: Class "App\Policies\ModelPolicy" does not exist in Command line code:1
Stack trace:
#0 Command line code(1): ReflectionClass->__construct('App\\Policies\\Mo...')
#1 [internal function]: {closure}('App\\Policies\\Mo...', 'App\\Model')
#2 Command line code(1): array_map(Object(Closure), Array, Array)
#3 {main}
  thrown {"exception":"[object] (Symfony\\Component\\ErrorHandler\\Error\\FatalError(code: 0): Uncaught ReflectionException: Class \"App\\Policies\\ModelPolicy\" does not exist in Command line code:1
Stack trace:
#0 Command line code(1): ReflectionClass->__construct('App\\\\Policies\\\\Mo...')
#1 [internal function]: {closure}('App\\\\Policies\\\\Mo...', 'App\\\\Model')
#2 Command line code(1): array_map(Object(Closure), Array, Array)
#3 {main}
  thrown at Command line code:1)
[stacktrace]
#0 {main}
"} 
[2025-07-05 23:36:19] local.ERROR: Uncaught ReflectionException: Class "App\Policies\ModelPolicy" does not exist in Command line code:1
Stack trace:
#0 Command line code(1): ReflectionClass->__construct('App\\Policies\\Mo...')
#1 [internal function]: {closure}('App\\Policies\\Mo...', 'App\\Model')
#2 Command line code(1): array_map(Object(Closure), Array, Array)
#3 {main}
  thrown {"exception":"[object] (Symfony\\Component\\ErrorHandler\\Error\\FatalError(code: 0): Uncaught ReflectionException: Class \"App\\Policies\\ModelPolicy\" does not exist in Command line code:1
Stack trace:
#0 Command line code(1): ReflectionClass->__construct('App\\\\Policies\\\\Mo...')
#1 [internal function]: {closure}('App\\\\Policies\\\\Mo...', 'App\\\\Model')
#2 Command line code(1): array_map(Object(Closure), Array, Array)
#3 {main}
  thrown at Command line code:1)
[stacktrace]
#0 {main}
"} 
[2025-07-05 23:37:19] local.ERROR: Uncaught ReflectionException: Class "App\Policies\ModelPolicy" does not exist in Command line code:1
Stack trace:
#0 Command line code(1): ReflectionClass->__construct('App\\Policies\\Mo...')
#1 [internal function]: {closure}('App\\Policies\\Mo...', 'App\\Model')
#2 Command line code(1): array_map(Object(Closure), Array, Array)
#3 {main}
  thrown {"exception":"[object] (Symfony\\Component\\ErrorHandler\\Error\\FatalError(code: 0): Uncaught ReflectionException: Class \"App\\Policies\\ModelPolicy\" does not exist in Command line code:1
Stack trace:
#0 Command line code(1): ReflectionClass->__construct('App\\\\Policies\\\\Mo...')
#1 [internal function]: {closure}('App\\\\Policies\\\\Mo...', 'App\\\\Model')
#2 Command line code(1): array_map(Object(Closure), Array, Array)
#3 {main}
  thrown at Command line code:1)
[stacktrace]
#0 {main}
"} 
[2025-07-05 23:38:19] local.ERROR: Uncaught ReflectionException: Class "App\Policies\ModelPolicy" does not exist in Command line code:1
Stack trace:
#0 Command line code(1): ReflectionClass->__construct('App\\Policies\\Mo...')
#1 [internal function]: {closure}('App\\Policies\\Mo...', 'App\\Model')
#2 Command line code(1): array_map(Object(Closure), Array, Array)
#3 {main}
  thrown {"exception":"[object] (Symfony\\Component\\ErrorHandler\\Error\\FatalError(code: 0): Uncaught ReflectionException: Class \"App\\Policies\\ModelPolicy\" does not exist in Command line code:1
Stack trace:
#0 Command line code(1): ReflectionClass->__construct('App\\\\Policies\\\\Mo...')
#1 [internal function]: {closure}('App\\\\Policies\\\\Mo...', 'App\\\\Model')
#2 Command line code(1): array_map(Object(Closure), Array, Array)
#3 {main}
  thrown at Command line code:1)
[stacktrace]
#0 {main}
"} 
[2025-07-05 23:39:20] local.ERROR: Uncaught ReflectionException: Class "App\Policies\ModelPolicy" does not exist in Command line code:1
Stack trace:
#0 Command line code(1): ReflectionClass->__construct('App\\Policies\\Mo...')
#1 [internal function]: {closure}('App\\Policies\\Mo...', 'App\\Model')
#2 Command line code(1): array_map(Object(Closure), Array, Array)
#3 {main}
  thrown {"exception":"[object] (Symfony\\Component\\ErrorHandler\\Error\\FatalError(code: 0): Uncaught ReflectionException: Class \"App\\Policies\\ModelPolicy\" does not exist in Command line code:1
Stack trace:
#0 Command line code(1): ReflectionClass->__construct('App\\\\Policies\\\\Mo...')
#1 [internal function]: {closure}('App\\\\Policies\\\\Mo...', 'App\\\\Model')
#2 Command line code(1): array_map(Object(Closure), Array, Array)
#3 {main}
  thrown at Command line code:1)
[stacktrace]
#0 {main}
"} 
[2025-07-05 23:40:19] local.ERROR: Uncaught ReflectionException: Class "App\Policies\ModelPolicy" does not exist in Command line code:1
Stack trace:
#0 Command line code(1): ReflectionClass->__construct('App\\Policies\\Mo...')
#1 [internal function]: {closure}('App\\Policies\\Mo...', 'App\\Model')
#2 Command line code(1): array_map(Object(Closure), Array, Array)
#3 {main}
  thrown {"exception":"[object] (Symfony\\Component\\ErrorHandler\\Error\\FatalError(code: 0): Uncaught ReflectionException: Class \"App\\Policies\\ModelPolicy\" does not exist in Command line code:1
Stack trace:
#0 Command line code(1): ReflectionClass->__construct('App\\\\Policies\\\\Mo...')
#1 [internal function]: {closure}('App\\\\Policies\\\\Mo...', 'App\\\\Model')
#2 Command line code(1): array_map(Object(Closure), Array, Array)
#3 {main}
  thrown at Command line code:1)
[stacktrace]
#0 {main}
"} 
[2025-07-05 23:41:19] local.ERROR: Uncaught ReflectionException: Class "App\Policies\ModelPolicy" does not exist in Command line code:1
Stack trace:
#0 Command line code(1): ReflectionClass->__construct('App\\Policies\\Mo...')
#1 [internal function]: {closure}('App\\Policies\\Mo...', 'App\\Model')
#2 Command line code(1): array_map(Object(Closure), Array, Array)
#3 {main}
  thrown {"exception":"[object] (Symfony\\Component\\ErrorHandler\\Error\\FatalError(code: 0): Uncaught ReflectionException: Class \"App\\Policies\\ModelPolicy\" does not exist in Command line code:1
Stack trace:
#0 Command line code(1): ReflectionClass->__construct('App\\\\Policies\\\\Mo...')
#1 [internal function]: {closure}('App\\\\Policies\\\\Mo...', 'App\\\\Model')
#2 Command line code(1): array_map(Object(Closure), Array, Array)
#3 {main}
  thrown at Command line code:1)
[stacktrace]
#0 {main}
"} 
[2025-07-05 23:42:19] local.ERROR: Uncaught ReflectionException: Class "App\Policies\ModelPolicy" does not exist in Command line code:1
Stack trace:
#0 Command line code(1): ReflectionClass->__construct('App\\Policies\\Mo...')
#1 [internal function]: {closure}('App\\Policies\\Mo...', 'App\\Model')
#2 Command line code(1): array_map(Object(Closure), Array, Array)
#3 {main}
  thrown {"exception":"[object] (Symfony\\Component\\ErrorHandler\\Error\\FatalError(code: 0): Uncaught ReflectionException: Class \"App\\Policies\\ModelPolicy\" does not exist in Command line code:1
Stack trace:
#0 Command line code(1): ReflectionClass->__construct('App\\\\Policies\\\\Mo...')
#1 [internal function]: {closure}('App\\\\Policies\\\\Mo...', 'App\\\\Model')
#2 Command line code(1): array_map(Object(Closure), Array, Array)
#3 {main}
  thrown at Command line code:1)
[stacktrace]
#0 {main}
"} 
[2025-07-05 23:43:19] local.ERROR: Uncaught ReflectionException: Class "App\Policies\ModelPolicy" does not exist in Command line code:1
Stack trace:
#0 Command line code(1): ReflectionClass->__construct('App\\Policies\\Mo...')
#1 [internal function]: {closure}('App\\Policies\\Mo...', 'App\\Model')
#2 Command line code(1): array_map(Object(Closure), Array, Array)
#3 {main}
  thrown {"exception":"[object] (Symfony\\Component\\ErrorHandler\\Error\\FatalError(code: 0): Uncaught ReflectionException: Class \"App\\Policies\\ModelPolicy\" does not exist in Command line code:1
Stack trace:
#0 Command line code(1): ReflectionClass->__construct('App\\\\Policies\\\\Mo...')
#1 [internal function]: {closure}('App\\\\Policies\\\\Mo...', 'App\\\\Model')
#2 Command line code(1): array_map(Object(Closure), Array, Array)
#3 {main}
  thrown at Command line code:1)
[stacktrace]
#0 {main}
"} 
[2025-07-05 23:44:20] local.ERROR: Uncaught ReflectionException: Class "App\Policies\ModelPolicy" does not exist in Command line code:1
Stack trace:
#0 Command line code(1): ReflectionClass->__construct('App\\Policies\\Mo...')
#1 [internal function]: {closure}('App\\Policies\\Mo...', 'App\\Model')
#2 Command line code(1): array_map(Object(Closure), Array, Array)
#3 {main}
  thrown {"exception":"[object] (Symfony\\Component\\ErrorHandler\\Error\\FatalError(code: 0): Uncaught ReflectionException: Class \"App\\Policies\\ModelPolicy\" does not exist in Command line code:1
Stack trace:
#0 Command line code(1): ReflectionClass->__construct('App\\\\Policies\\\\Mo...')
#1 [internal function]: {closure}('App\\\\Policies\\\\Mo...', 'App\\\\Model')
#2 Command line code(1): array_map(Object(Closure), Array, Array)
#3 {main}
  thrown at Command line code:1)
[stacktrace]
#0 {main}
"} 
[2025-07-05 23:45:19] local.ERROR: Uncaught ReflectionException: Class "App\Policies\ModelPolicy" does not exist in Command line code:1
Stack trace:
#0 Command line code(1): ReflectionClass->__construct('App\\Policies\\Mo...')
#1 [internal function]: {closure}('App\\Policies\\Mo...', 'App\\Model')
#2 Command line code(1): array_map(Object(Closure), Array, Array)
#3 {main}
  thrown {"exception":"[object] (Symfony\\Component\\ErrorHandler\\Error\\FatalError(code: 0): Uncaught ReflectionException: Class \"App\\Policies\\ModelPolicy\" does not exist in Command line code:1
Stack trace:
#0 Command line code(1): ReflectionClass->__construct('App\\\\Policies\\\\Mo...')
#1 [internal function]: {closure}('App\\\\Policies\\\\Mo...', 'App\\\\Model')
#2 Command line code(1): array_map(Object(Closure), Array, Array)
#3 {main}
  thrown at Command line code:1)
[stacktrace]
#0 {main}
"} 
[2025-07-05 23:46:19] local.ERROR: Uncaught ReflectionException: Class "App\Policies\ModelPolicy" does not exist in Command line code:1
Stack trace:
#0 Command line code(1): ReflectionClass->__construct('App\\Policies\\Mo...')
#1 [internal function]: {closure}('App\\Policies\\Mo...', 'App\\Model')
#2 Command line code(1): array_map(Object(Closure), Array, Array)
#3 {main}
  thrown {"exception":"[object] (Symfony\\Component\\ErrorHandler\\Error\\FatalError(code: 0): Uncaught ReflectionException: Class \"App\\Policies\\ModelPolicy\" does not exist in Command line code:1
Stack trace:
#0 Command line code(1): ReflectionClass->__construct('App\\\\Policies\\\\Mo...')
#1 [internal function]: {closure}('App\\\\Policies\\\\Mo...', 'App\\\\Model')
#2 Command line code(1): array_map(Object(Closure), Array, Array)
#3 {main}
  thrown at Command line code:1)
[stacktrace]
#0 {main}
"} 
[2025-07-05 23:47:19] local.ERROR: Uncaught ReflectionException: Class "App\Policies\ModelPolicy" does not exist in Command line code:1
Stack trace:
#0 Command line code(1): ReflectionClass->__construct('App\\Policies\\Mo...')
#1 [internal function]: {closure}('App\\Policies\\Mo...', 'App\\Model')
#2 Command line code(1): array_map(Object(Closure), Array, Array)
#3 {main}
  thrown {"exception":"[object] (Symfony\\Component\\ErrorHandler\\Error\\FatalError(code: 0): Uncaught ReflectionException: Class \"App\\Policies\\ModelPolicy\" does not exist in Command line code:1
Stack trace:
#0 Command line code(1): ReflectionClass->__construct('App\\\\Policies\\\\Mo...')
#1 [internal function]: {closure}('App\\\\Policies\\\\Mo...', 'App\\\\Model')
#2 Command line code(1): array_map(Object(Closure), Array, Array)
#3 {main}
  thrown at Command line code:1)
[stacktrace]
#0 {main}
"} 
[2025-07-05 23:48:19] local.ERROR: Uncaught ReflectionException: Class "App\Policies\ModelPolicy" does not exist in Command line code:1
Stack trace:
#0 Command line code(1): ReflectionClass->__construct('App\\Policies\\Mo...')
#1 [internal function]: {closure}('App\\Policies\\Mo...', 'App\\Model')
#2 Command line code(1): array_map(Object(Closure), Array, Array)
#3 {main}
  thrown {"exception":"[object] (Symfony\\Component\\ErrorHandler\\Error\\FatalError(code: 0): Uncaught ReflectionException: Class \"App\\Policies\\ModelPolicy\" does not exist in Command line code:1
Stack trace:
#0 Command line code(1): ReflectionClass->__construct('App\\\\Policies\\\\Mo...')
#1 [internal function]: {closure}('App\\\\Policies\\\\Mo...', 'App\\\\Model')
#2 Command line code(1): array_map(Object(Closure), Array, Array)
#3 {main}
  thrown at Command line code:1)
[stacktrace]
#0 {main}
"} 
[2025-07-05 23:49:20] local.ERROR: Uncaught ReflectionException: Class "App\Policies\ModelPolicy" does not exist in Command line code:1
Stack trace:
#0 Command line code(1): ReflectionClass->__construct('App\\Policies\\Mo...')
#1 [internal function]: {closure}('App\\Policies\\Mo...', 'App\\Model')
#2 Command line code(1): array_map(Object(Closure), Array, Array)
#3 {main}
  thrown {"exception":"[object] (Symfony\\Component\\ErrorHandler\\Error\\FatalError(code: 0): Uncaught ReflectionException: Class \"App\\Policies\\ModelPolicy\" does not exist in Command line code:1
Stack trace:
#0 Command line code(1): ReflectionClass->__construct('App\\\\Policies\\\\Mo...')
#1 [internal function]: {closure}('App\\\\Policies\\\\Mo...', 'App\\\\Model')
#2 Command line code(1): array_map(Object(Closure), Array, Array)
#3 {main}
  thrown at Command line code:1)
[stacktrace]
#0 {main}
"} 
[2025-07-05 23:50:19] local.ERROR: Uncaught ReflectionException: Class "App\Policies\ModelPolicy" does not exist in Command line code:1
Stack trace:
#0 Command line code(1): ReflectionClass->__construct('App\\Policies\\Mo...')
#1 [internal function]: {closure}('App\\Policies\\Mo...', 'App\\Model')
#2 Command line code(1): array_map(Object(Closure), Array, Array)
#3 {main}
  thrown {"exception":"[object] (Symfony\\Component\\ErrorHandler\\Error\\FatalError(code: 0): Uncaught ReflectionException: Class \"App\\Policies\\ModelPolicy\" does not exist in Command line code:1
Stack trace:
#0 Command line code(1): ReflectionClass->__construct('App\\\\Policies\\\\Mo...')
#1 [internal function]: {closure}('App\\\\Policies\\\\Mo...', 'App\\\\Model')
#2 Command line code(1): array_map(Object(Closure), Array, Array)
#3 {main}
  thrown at Command line code:1)
[stacktrace]
#0 {main}
"} 
[2025-07-05 23:51:19] local.ERROR: Uncaught ReflectionException: Class "App\Policies\ModelPolicy" does not exist in Command line code:1
Stack trace:
#0 Command line code(1): ReflectionClass->__construct('App\\Policies\\Mo...')
#1 [internal function]: {closure}('App\\Policies\\Mo...', 'App\\Model')
#2 Command line code(1): array_map(Object(Closure), Array, Array)
#3 {main}
  thrown {"exception":"[object] (Symfony\\Component\\ErrorHandler\\Error\\FatalError(code: 0): Uncaught ReflectionException: Class \"App\\Policies\\ModelPolicy\" does not exist in Command line code:1
Stack trace:
#0 Command line code(1): ReflectionClass->__construct('App\\\\Policies\\\\Mo...')
#1 [internal function]: {closure}('App\\\\Policies\\\\Mo...', 'App\\\\Model')
#2 Command line code(1): array_map(Object(Closure), Array, Array)
#3 {main}
  thrown at Command line code:1)
[stacktrace]
#0 {main}
"} 
[2025-07-05 23:52:19] local.ERROR: Uncaught ReflectionException: Class "App\Policies\ModelPolicy" does not exist in Command line code:1
Stack trace:
#0 Command line code(1): ReflectionClass->__construct('App\\Policies\\Mo...')
#1 [internal function]: {closure}('App\\Policies\\Mo...', 'App\\Model')
#2 Command line code(1): array_map(Object(Closure), Array, Array)
#3 {main}
  thrown {"exception":"[object] (Symfony\\Component\\ErrorHandler\\Error\\FatalError(code: 0): Uncaught ReflectionException: Class \"App\\Policies\\ModelPolicy\" does not exist in Command line code:1
Stack trace:
#0 Command line code(1): ReflectionClass->__construct('App\\\\Policies\\\\Mo...')
#1 [internal function]: {closure}('App\\\\Policies\\\\Mo...', 'App\\\\Model')
#2 Command line code(1): array_map(Object(Closure), Array, Array)
#3 {main}
  thrown at Command line code:1)
[stacktrace]
#0 {main}
"} 
[2025-07-05 23:53:19] local.ERROR: Uncaught ReflectionException: Class "App\Policies\ModelPolicy" does not exist in Command line code:1
Stack trace:
#0 Command line code(1): ReflectionClass->__construct('App\\Policies\\Mo...')
#1 [internal function]: {closure}('App\\Policies\\Mo...', 'App\\Model')
#2 Command line code(1): array_map(Object(Closure), Array, Array)
#3 {main}
  thrown {"exception":"[object] (Symfony\\Component\\ErrorHandler\\Error\\FatalError(code: 0): Uncaught ReflectionException: Class \"App\\Policies\\ModelPolicy\" does not exist in Command line code:1
Stack trace:
#0 Command line code(1): ReflectionClass->__construct('App\\\\Policies\\\\Mo...')
#1 [internal function]: {closure}('App\\\\Policies\\\\Mo...', 'App\\\\Model')
#2 Command line code(1): array_map(Object(Closure), Array, Array)
#3 {main}
  thrown at Command line code:1)
[stacktrace]
#0 {main}
"} 
[2025-07-05 23:54:20] local.ERROR: Uncaught ReflectionException: Class "App\Policies\ModelPolicy" does not exist in Command line code:1
Stack trace:
#0 Command line code(1): ReflectionClass->__construct('App\\Policies\\Mo...')
#1 [internal function]: {closure}('App\\Policies\\Mo...', 'App\\Model')
#2 Command line code(1): array_map(Object(Closure), Array, Array)
#3 {main}
  thrown {"exception":"[object] (Symfony\\Component\\ErrorHandler\\Error\\FatalError(code: 0): Uncaught ReflectionException: Class \"App\\Policies\\ModelPolicy\" does not exist in Command line code:1
Stack trace:
#0 Command line code(1): ReflectionClass->__construct('App\\\\Policies\\\\Mo...')
#1 [internal function]: {closure}('App\\\\Policies\\\\Mo...', 'App\\\\Model')
#2 Command line code(1): array_map(Object(Closure), Array, Array)
#3 {main}
  thrown at Command line code:1)
[stacktrace]
#0 {main}
"} 
[2025-07-05 23:55:20] local.ERROR: Uncaught ReflectionException: Class "App\Policies\ModelPolicy" does not exist in Command line code:1
Stack trace:
#0 Command line code(1): ReflectionClass->__construct('App\\Policies\\Mo...')
#1 [internal function]: {closure}('App\\Policies\\Mo...', 'App\\Model')
#2 Command line code(1): array_map(Object(Closure), Array, Array)
#3 {main}
  thrown {"exception":"[object] (Symfony\\Component\\ErrorHandler\\Error\\FatalError(code: 0): Uncaught ReflectionException: Class \"App\\Policies\\ModelPolicy\" does not exist in Command line code:1
Stack trace:
#0 Command line code(1): ReflectionClass->__construct('App\\\\Policies\\\\Mo...')
#1 [internal function]: {closure}('App\\\\Policies\\\\Mo...', 'App\\\\Model')
#2 Command line code(1): array_map(Object(Closure), Array, Array)
#3 {main}
  thrown at Command line code:1)
[stacktrace]
#0 {main}
"} 
[2025-07-05 23:56:20] local.ERROR: Uncaught ReflectionException: Class "App\Policies\ModelPolicy" does not exist in Command line code:1
Stack trace:
#0 Command line code(1): ReflectionClass->__construct('App\\Policies\\Mo...')
#1 [internal function]: {closure}('App\\Policies\\Mo...', 'App\\Model')
#2 Command line code(1): array_map(Object(Closure), Array, Array)
#3 {main}
  thrown {"exception":"[object] (Symfony\\Component\\ErrorHandler\\Error\\FatalError(code: 0): Uncaught ReflectionException: Class \"App\\Policies\\ModelPolicy\" does not exist in Command line code:1
Stack trace:
#0 Command line code(1): ReflectionClass->__construct('App\\\\Policies\\\\Mo...')
#1 [internal function]: {closure}('App\\\\Policies\\\\Mo...', 'App\\\\Model')
#2 Command line code(1): array_map(Object(Closure), Array, Array)
#3 {main}
  thrown at Command line code:1)
[stacktrace]
#0 {main}
"} 
[2025-07-05 23:57:20] local.ERROR: Uncaught ReflectionException: Class "App\Policies\ModelPolicy" does not exist in Command line code:1
Stack trace:
#0 Command line code(1): ReflectionClass->__construct('App\\Policies\\Mo...')
#1 [internal function]: {closure}('App\\Policies\\Mo...', 'App\\Model')
#2 Command line code(1): array_map(Object(Closure), Array, Array)
#3 {main}
  thrown {"exception":"[object] (Symfony\\Component\\ErrorHandler\\Error\\FatalError(code: 0): Uncaught ReflectionException: Class \"App\\Policies\\ModelPolicy\" does not exist in Command line code:1
Stack trace:
#0 Command line code(1): ReflectionClass->__construct('App\\\\Policies\\\\Mo...')
#1 [internal function]: {closure}('App\\\\Policies\\\\Mo...', 'App\\\\Model')
#2 Command line code(1): array_map(Object(Closure), Array, Array)
#3 {main}
  thrown at Command line code:1)
[stacktrace]
#0 {main}
"} 
[2025-07-05 23:58:21] local.ERROR: Uncaught ReflectionException: Class "App\Policies\ModelPolicy" does not exist in Command line code:1
Stack trace:
#0 Command line code(1): ReflectionClass->__construct('App\\Policies\\Mo...')
#1 [internal function]: {closure}('App\\Policies\\Mo...', 'App\\Model')
#2 Command line code(1): array_map(Object(Closure), Array, Array)
#3 {main}
  thrown {"exception":"[object] (Symfony\\Component\\ErrorHandler\\Error\\FatalError(code: 0): Uncaught ReflectionException: Class \"App\\Policies\\ModelPolicy\" does not exist in Command line code:1
Stack trace:
#0 Command line code(1): ReflectionClass->__construct('App\\\\Policies\\\\Mo...')
#1 [internal function]: {closure}('App\\\\Policies\\\\Mo...', 'App\\\\Model')
#2 Command line code(1): array_map(Object(Closure), Array, Array)
#3 {main}
  thrown at Command line code:1)
[stacktrace]
#0 {main}
"} 
[2025-07-05 23:59:20] local.ERROR: Uncaught ReflectionException: Class "App\Policies\ModelPolicy" does not exist in Command line code:1
Stack trace:
#0 Command line code(1): ReflectionClass->__construct('App\\Policies\\Mo...')
#1 [internal function]: {closure}('App\\Policies\\Mo...', 'App\\Model')
#2 Command line code(1): array_map(Object(Closure), Array, Array)
#3 {main}
  thrown {"exception":"[object] (Symfony\\Component\\ErrorHandler\\Error\\FatalError(code: 0): Uncaught ReflectionException: Class \"App\\Policies\\ModelPolicy\" does not exist in Command line code:1
Stack trace:
#0 Command line code(1): ReflectionClass->__construct('App\\\\Policies\\\\Mo...')
#1 [internal function]: {closure}('App\\\\Policies\\\\Mo...', 'App\\\\Model')
#2 Command line code(1): array_map(Object(Closure), Array, Array)
#3 {main}
  thrown at Command line code:1)
[stacktrace]
#0 {main}
"} 
